StockCode,Description,UnitPrice
10002,INFLATABLE POLITICAL GLOBE,0.9753475935828876
10002R,ROBOT PENCIL SHARPNER,5.133333333333333
10080,GROOVY CACTUS INFLATABLE,0.505
10109,BENDY COLOUR PENCILS,0.42
10120,DOGGY RUBBER,0.2397297297297297
10123C,HEARTS WRAPPING TAPE,0.7772307692307693
10123G,ARMY CAMO WRAPPING TAPE,0.7783333333333333
10124A,SPOTS ON RED BOOKCOVER TAPE,0.42
10124G,ARMY CAMO BOOKCOVER TAPE,0.462
10125,MINI FUNKY DESIGN TAPES,0.930635838150289
10133,COLOURING PENCILS BROWN TUBE,0.7449484536082475
10134,COLOURING PENCILS BROWN TUBE,1.29
10135,COLOURING PENCILS BROWN TUBE,1.397659574468085
10138,ASSORTED COLOUR JUMBO PEN,0.48519999999999996
11001,ASSTD DESIGN RACING CAR PEN,1.860749063670412
15030,FAN BLACK FRAME,0.29
15034,PAPER POCKET TRAVELING FAN,0.3514885496183206
15036,ASSORTED COLOURS SILK FAN,0.989831013916501
15039,SANDALWOOD FAN,1.1410576923076923
15044A,PINK PAPER PARASOL,3.590674603174603
15044B,BLUE PAPER PARASOL,3.545105263157895
15044C,PURPLE PAPER PARASOL,3.803940677966102
15044D,RED PAPER PARASOL,3.4283690987124467
15056BL,EDWARDIAN PARASOL BLACK,6.810526859504132
15056N,EDWARDIAN PARASOL NATURAL,7.360356839422261
15056P,EDWARDIAN PARASOL PINK,6.823903061224491
15058A,BLUE WHITE SPOTS GARDEN PARASOL,8.50406451612903
15058B,PINK WHITE SPOTS GARDEN PARASOL,9.623664596273292
15058C,ICE CREAM DESIGN GARDEN PARASOL,9.607096774193549
15059A,ENGLISH ROSE EDWARDIAN PARASOL,10.5
15060B,FAIRY CAKE DESIGN UMBRELLA,5.555422993492408
16008,SMALL FOLDING SCISSOR(POINTED EDGE),0.15623529411764706
16010,FOLDING CAMPING SCISSOR W/KNIF & S,0.12
16011,ANIMAL STICKERS,0.2095575221238938
16012,FOOD/DRINK SPUNGE STICKERS,0.2094047619047619
16014,SMALL CHINESE STYLE SCISSOR,0.39526881720430107
16015,MEDIUM CHINESE STYLE SCISSOR,0.4870769230769231
16016,LARGE CHINESE STYLE SCISSOR,0.8401886792452831
16020C,CLEAR STATIONERY BOX SET,0.843
16033,MINI HIGHLIGHTER PENS,0.11666666666666667
16043,POP ART PUSH DOWN RUBBER,0.308
16044,POP-ART FLUORESCENT PENS,0.3
16045,POPART WOODEN PENCILS ASST,0.049600000000000005
16046,TEATIME PEN CASE & PENS,0.929375
16047,POP ART PEN CASE & PENS,0.9309375
16048,TEATIME ROUND PENCIL SHARPENER,0.40254716981132077
16049,TEATIME GEL PENS ASST,0.381875
16050,TEATIME PENCIL WITH RUBBER,0.4
16051,TEATIME PENCIL W STAMP ASST,0.4325
16052,TEATIME PUSH DOWN RUBBER,0.5644444444444444
16053,POPART COL BALLPOINT PEN ASST,0.16090909090909092
16054,POPART RECT PENCIL SHARPENER ASST,0.1725
16119,FUNKY GIRL ADDRESS BOOK,1.0325
16151A,FLOWER DES BLUE HANDBAG/ORANG HANDL,2.25
16156L,"WRAP, CAROUSEL",0.42
16156N,"WRAP, FRIENDSHIP ON GREEN",0.42
16156S,WRAP PINK FAIRY CAKES,0.41535545023696685
16161C,WRAP SPEED DEMONS,0.1
16161E,WRAP BOUDOIR,0.1
16161G,WRAP BAD HAIR DAY,0.1
16161M,WRAP  PINK FLOCK,0.418
16161P,WRAP ENGLISH ROSE,0.4189569160997732
16161U,"WRAP,SUKI AND FRIENDS",0.41806853582554515
16162L,THE KING GIFT BAG,0.7270967741935483
16162M,THE KING GIFT BAG 25x24x12cm,0.42
16168M,FUNKY MONKEY GIFT BAG MEDIUM,0.5918811881188119
16168S,FUNKY MONKEY GIFT BAG SMALL,0.31363636363636366
16169A,WRAP CHRISTMAS DECOUPAGE,0.42
16169C,WRAP BLUE REINDEER,0.42
16169D,WRAP WINTER FOREST,0.42
16169E,WRAP 50'S  CHRISTMAS,0.4192105263157895
16169F,WRAP BLIZZARD,0.42
16169G,WRAP ROMANTIC DECOUPAGE,0.42
16169K,WRAP FOLK ART,0.3625
16169M,WRAP DAISY CARPET,0.35483333333333333
16169N,WRAP BLUE RUSSIAN FOLKART,0.3501785714285714
16169P,WRAP GREEN RUSSIAN FOLKART,0.35897959183673467
16192,PINK BALLET OPENING CUBE BOX,4.3
16201A,PASTEL PINK PHOTO ALBUM,3.592
16201B,PASTEL BLUE PHOTO ALBUM,2.838
16202A,PASTEL PINK PHOTO ALBUM,4.094166666666667
16202B,PASTEL BLUE PHOTO ALBUM,4.405384615384615
16202C,BEIGE PHOTO ALBUM,3.9766666666666666
16202E,BLACK PHOTO ALBUM,3.5386666666666664
16206B,RED PURSE WITH PINK HEART,1.23125
16207A,PINK STRAWBERRY HANDBAG,3.001578947368421
16207B,PINK HEART RED HANDBAG,2.654782608695652
16212,FUNKY GIRLZ ASST MAGNETIC MEMO PAD,1.6778048780487806
16215,FUNKY GIRLZ MAGNETIC TO DO LIST,0.65
16216,LETTER SHAPE PENCIL SHARPENER,0.21760869565217392
16218,CARTOON  PENCIL SHARPENERS,0.4536734693877551
16219,HOUSE SHAPE PENCIL SHARPENER,0.5518604651162791
16225,RATTLE SNAKE EGGS,1.5598192771084338
16235,RECYCLED PENCIL WITH RABBIT ERASER,0.3077358490566038
16236,KITTY PENCIL ERASERS,0.30300751879699245
16237,SLEEPING CAT ERASERS,0.29605442176870744
16238,PARTY TIME PENCIL ERASERS,0.30966244725738395
16239,BALLERINA HEART DECORATION.,2.6557142857142857
16243B,BROWN COZY SQUARE PHOTO ALBUM,5.49625
16244A,MAXWELL 2 TONE PINK 60 PAGE PHOTO A,4.073571428571428
16244B,MAXWELL 2 TONE BLUE 60 PAGE PHOTO A,3.872068965517241
16245A,PINK MINI STATIONERY SET W CASE,1.25
16248B,BLUE HOLE PUNCH,1.25
16254,TRANSPARENT ACRYLIC TAPE DISPENSER,1.2665853658536586
16256B,FLOWER PENCIL/RUBBER+5 MINI PENCILS,0.5841666666666667
16256C,HEARTS PENCIL/RUBBER+5 MINI PENCILS,0.42
16258A,SWIRLY CIRCULAR RUBBERS IN BAG,0.5223076923076924
16258B,DAISY ERASERS IN BAG,0.36
16259,PIECE OF CAMO STATIONERY SET,0.1483050847457627
17001,HEAVENS SCENT FRAGRANCE OILS ASSTD,0.2804
17003,BROCADE RING PURSE,0.6695299145299146
17007B,S/3 POT POURI CUSHIONS BLUE COLOURS,2.1
17011A,ORIGAMI VANILLA INCENSE+FLOWER,2.7708333333333335
17011B,ORIGAMI JASMINE INCENSE+FLOWER,1.2
17011C,ORIGAMI LAVENDER INCENSE+FLOWER,2.475
17011D,ORIGAMI ROSE INCENSE+FLOWER,1.8375
17011E,ORIGAMI OPIUM SCENT INCENSE+FLOWER,0.65
17011F,ORIGAMI SANDLEWOOD INCENSE+FLOWER,2.12
17012A,ORIGAMI VANILLA INCENSE/CANDLE SET,2.225520833333333
17012B,ORIGAMI JASMINE INCENSE/CANDLE SET,2.1927777777777773
17012C,ORIGAMI LAVENDER INCENSE/CANDL SET,2.016725663716814
17012D,ORIGAMI ROSE INCENSE/CANDLE SET,1.9451724137931032
17012E,ORIGAMI OPIUM INCENSE/CANDLE SET,2.488965517241379
17012F,ORIGAMI SANDLEWOOD INCENSE/CAND SET,1.8778504672897196
17013B,ORIGAMI JASMINE INCENSE IN TUBE,1.7066666666666668
17013C,ORIGAMI LAVENDER INCENSE IN TUBE,0.42
17013D,ORIGAMI ROSE INCENSE IN TUBE,1.7040625
17013F,ORIGAMI SANDLEWOOD INCENSE IN TUBE,1.38
17014A,ORIGAMI VANILLA INCENSE CONES,1.66
17014C,ORIGAMI LAVENDER INCENSE CONES,1.925
17014D,ORIGAMI ROSE INCENSE CONES,1.7966666666666664
17014E,ORIGAMI OPIUM INCENSE CONES,1.4249999999999998
17014F,ORIGAMI SANDLEWOOD INCENSE CONES,1.3125
17021,NAMASTE SWAGAT INCENSE,0.29511627906976745
17027A,INCENSE BAZAAR CANNABIS,0.355
17028J,INCENSE BAZAAR PEACH,0.42
17033,"BROCADE PURSE,SMALL ARCH BUTTON",0.28542857142857136
17038,PORCELAIN BUDAH INCENSE HOLDER,0.4290909090909091
17039,INLAID WOOD INCENSE HOLDER,0.3774418604651163
17061,ASSORTED SHAPED STENCIL FOR HENNA,0.04
17084A,TRANQUILITY MASALA INCENSE,0.21
17084G,MOON INCENSE,0.21
17084J,LOVE POTION MASALA INCENSE,0.21000000000000002
17084N,FAIRY DREAMS INCENSE,0.34598930481283424
17084P,DRAGONS BLOOD INCENSE,0.34428571428571425
17084R,ASSORTED INCENSE PACK,0.20318181818181819
17090A,LAVENDER INCENSE 40 CONES IN TIN,1.2038461538461538
17090D,VANILLA INCENSE 40 CONES IN TIN,1.2366666666666668
17091A,LAVENDER INCENSE IN TIN,1.029059829059829
17091B,JASMINE TEA INCENSE IN TIN,1.4219230769230768
17091F,SANDALWOOD INCENSE IN TIN,1.58
17091J,VANILLA INCENSE IN TIN,0.8962295081967213
17096,ASSORTED LAQUERED INCENSE HOLDERS,0.3223684210526316
17107D,"FLOWER FAIRY,5 SUMMER B'DRAW LINERS",2.55
17108D,FLOWER FAIRY SUMMER BOUQUET SACHET,0.42
17109A,FLOWER FAIRY INCENSE LILY,1.1861538461538461
17109B,FLOWER FAIRY INCENSE LAVENDER,1.316470588235294
17109C,FLOWER FAIRY INCENSE ROSE,1.2662499999999999
17109D,FLOWER FAIRY INCENSE BOUQUET,1.41325
17129C,SKY BLUE COLOUR GLASS GEMS IN BAG,0.8309090909090909
17129D,CLEAR COLOUR GLASS GEMS IN BAG,1.2087179487179487
17129F,DEEP BLUE GLASS GEMS IN BAG,1.4001351351351352
17136A,BLUE STONES ON WIRE FOR CANDLE,0.10676470588235294
17164B,ASS COL SMALL SAND GECKO P'WEIGHT,0.4168674698795181
17164D,ASS COL SMALL SAND FROG P'WEIGHT,0.41516129032258065
17165B,ASS COL LARGE SAND GECKO P'WEIGHT,1.0304761904761905
17165D,ASS COL LARGE SAND FROG P'WEIGHT,1.0351041666666667
17174,ASSTD RASTA KEY-CHAINS,0.42
17178,FLAT PALM T-LIGHT HOLDER,1.234
17181,CIRCLE OF FRIENDS CANDLE HOLDER,3.771641791044776
17191A,ROSE FLOWER CANDLE+INCENSE 16X16CM,3.75
18007,ESSENTIAL BALM 3.5g TIN IN ENVELOPE,0.2404
18010,ASSORTED FRAGRANCE BATH CONFETTI,0.5566666666666666
18094C,WHITE/BLUE RECT CERAMIC OIL BURNER,1.8806060606060606
18096C,WHITE ROUND PORCELAIN TLIGHT HOLDER,3.7471428571428573
18097A,PINK TALL PORCELAIN T-LIGHT HOLDER,2.55
18097B,BLUE TALL PORCELAIN T-LIGHT HOLDER,2.55
18097C,WHITE TALL PORCELAIN T-LIGHT HOLDER,2.821542056074766
18098A,PINK PORCELAIN B'FLY OIL BURNER,2.95
18098B,BLUE PORCELAIN B'FLY OIL BURNER,2.9500000000000006
18098C,PORCELAIN BUTTERFLY OIL BURNER,3.9080211081794194
20615,BLUE SPOTTY PASSPORT COVER,2.625306122448979
20616,CHERRY BLOSSOM PASSPORT COVER,2.0985123966942147
20617,FIRST CLASS PASSPORT COVER,2.3980952380952383
20618,QUEEN OF THE SKIES PASSPORT COVER,2.278905109489051
20619,TROPICAL PASSPORT COVER,2.341494845360825
20620,RED SPOTTY PASSPORT COVER,4.104285714285714
20621,ECONOMY PASSPORT COVER,2.3584848484848484
20622,VIPPASSPORT COVER,2.634453125
20652,BLUE SPOTTY LUGGAGE TAG,1.410635838150289
20653,CHERRY BLOSSOM LUGGAGE TAG,1.3807407407407408
20654,FIRST CLASS LUGGAGE TAG,1.3760330578512396
20655,QUEEN OF SKIES LUGGAGE TAG,1.70125
20657,TROPICAL LUGGAGE TAG,1.3230508474576272
20658,RED SPOTTY LUGGAGE TAG,1.6790304709141275
20659,ECONOMY LUGGAGE TAG,1.5739285714285713
20660,VIP LUGGAGE TAG,1.25
20661,BLUE SPOTTY PURSE,2.982578125
20662,FIRST CLASS HOLIDAY PURSE,2.6675999999999997
20663,QUEEN OF THE SKIES HOLIDAY PURSE,2.533478260869565
20664,TROPICAL HOLIDAY PURSE,2.712903225806452
20665,RED SPOTTY PURSE,3.80228813559322
20666,ECONOMY HOLIDAY PURSE,2.360851063829787
20667,CHERRY BLOSSOM PURSE,2.6437500000000003
20668,DISCO BALL CHRISTMAS DECORATION,0.165427807486631
20669,RED HEART LUGGAGE TAG,1.595590909090909
20670,VIP HOLIDAY PURSE,2.8131372549019606
20671,BLUE TEATIME PRINT BOWL,1.5767832167832168
20672,PINK TEATIME PRINT BOWL,1.75
20673,STRAWBERRIES PRINT BOWL,1.25
20674,GREEN SPOTTY BOWL,1.5041577825159915
20675,BLUE SPOTTY BOWL,1.5034936350777934
20676,RED SPOTTY BOWL,1.5457055837563451
20677,PINK SPOTTY BOWL,1.581062176165803
20678,LARGE BLACK DIAMANTE HAIRSLIDE,1.65
20679,EDWARDIAN PARASOL RED,6.653420689655173
20680,PINK FLOWERS CHILDS UMBRELLA,3.25
20681,PINK SPOTTY CHILDS UMBRELLA,3.823296089385475
20682,RED SPOTTY CHILDS UMBRELLA,3.8369771241830066
20683,RAIN GIRL CHILDS UMBRELLA,3.25
20684,STRAWBERRY DREAM CHILDS UMBRELLA,3.5708791208791206
20685,RED SPOTTY COIR DOORMAT,8.394057471264368
20686,DOLLY MIXTURE CHILDREN'S UMBRELLA,3.6919689119170984
20688,BEAUTY SPEED EXPRESSO CUPS,6.004545454545454
20689,RETRO SISTERS EXPRESSO CUPS,6.075952380952381
20692,FLORAL ELEPHANT SOFT TOY,4.883146853146853
20693,FLORAL DINOSAUR GREEN,5.157368421052632
20694,FLORAL PINK MONSTER,4.386785714285714
20695,FLORAL BLUE MONSTER,4.837142857142857
20696,FLORAL SOFT CAR TOY,4.625666666666667
20697,LITTLE GREEN MONSTER SOFT TOY,2.507142857142857
20698,LITTLE PINK MONSTER SOFT TOY,2.509090909090909
20699,MOUSEY LONG LEGS SOFT TOY,3.062134831460674
20700,GREEN CAT FLORAL CUSHION COVER,5.39152380952381
20701,PINK CAT FLORAL CUSHION COVER,4.416
20702,PINK PADDED MOBILE,4.301968503937008
20703,BLUE PADDED SOFT MOBILE,4.259347826086957
20704,MR ROBOT SOFT TOY,6.378024691358025
20705,MRS ROBOT SOFT TOY,5.361851851851852
20707,CRAZY DAISY HEART DECORATION,1.2244334975369457
20711,JUMBO BAG TOYS,2.71680412371134
20712,JUMBO BAG WOODLAND ANIMALS,2.728948824343015
20713,JUMBO BAG OWLS,2.577913238593867
20714,POSY SHOPPER BAG,0.9467857142857142
20715,LITTLE FLOWER SHOPPER BAG,1.06
20716,PARTY FOOD SHOPPER BAG,1.4427888446215138
20717,STRAWBERRY SHOPPER BAG,1.5907792207792208
20718,RED SPOTTY SHOPPER BAG,1.652086389568052
20719,WOODLAND CHARLOTTE BAG,1.1491181988742962
20721,OWLS CHARLOTTE BAG,0.85
20723,STRAWBERRY CHARLOTTE BAG,1.1299148936170211
20724,RED SPOTTY CHARLOTTE BAG,1.0969985639061752
20725,LUNCH BAG RED SPOTTY,2.041902208201893
20726,LUNCH BAG WOODLAND,2.1028722334004026
20727,LUNCH BAG  BLACK SKULL.,2.015267674703719
20728,LUNCH BAG CARS BLUE,1.9671087160262415
20729,RED SPOTTY CANDY BAG,1.3983870967741936
20730,STRAWBERRY CANDY BAG,1.0894230769230768
20731,POSY CANDY BAG,1.3978378378378378
20733,GOLD MINI TAPE MEASURE,0.8513175675675675
20734,SILVER MINI TAPE MEASURE,1.3121848739495798
20735,BLACK MINI TAPE MEASURE,1.20519801980198
20736,PINK MINI TAPE MEASURE,0.8431578947368421
20737,RED MINI TAPE MEASURE,1.7
20738,GREEN MINI TAPE MEASURE,0.9545945945945946
20739,*USB Office Glitter Lamp,8.65
20747,PICCADILLY TEA SET,15.682972972972973
20748,KENSINGTON COFFEE SET,12.383224043715847
20749,ASSORTED COLOUR MINI CASES,8.087551282051281
20750,RED/WHITE DOT MINI CASES,8.107410617551462
20751,FUNKY WASHING UP GLOVES ASSORTED,2.319215291750503
20752,RETRO BLUE SPOTTY WASHING UP GLOVES,2.3754570637119112
20753,RETRO PINK SPOT WASHING UP GLOVES,2.650877192982456
20754,RETRO RED SPOTTY WASHING UP GLOVES,2.485300925925926
20755,BLUE PAISLEY POCKET BOOK,0.9081147540983606
20756,GREEN FERN POCKET BOOK,0.8060937499999999
20757,RED DAISY POCKET BOOK,0.8440506329113923
20758,ABSTRACT CIRCLES POCKET BOOK,0.8192857142857142
20759,CHRYSANTHEMUM POCKET BOOK,0.7725396825396825
20760,GARDEN PATH POCKET BOOK,0.7926829268292683
20761,BLUE PAISLEY SKETCHBOOK,4.00722972972973
20762,GREEN FERN SKETCHBOOK,3.835474452554745
20763,DAISY SKETCHBOOK,3.8051999999999997
20764,ABSTRACT CIRCLES SKETCHBOOK,4.176666666666667
20765,CHRYSANTHEMUM SKETCHBOOK,3.9018791946308724
20766,GARDEN PATH SKETCHBOOK,3.9506329113924052
20767,BLUE PAISLEY JOURNAL,2.6790055248618785
20768,GREEN FERN JOURNAL,2.557046979865772
20769,DAISY JOURNAL,2.561625
20770,ABSTRACT CIRCLE JOURNAL,2.467892156862745
20771,CHRYSANTHEMUM  JOURNAL,2.5678014184397164
20772,GARDEN PATH JOURNAL,2.5090909090909093
20773,BLUE PAISLEY NOTEBOOK,1.7414876033057851
20774,GREEN FERN NOTEBOOK,1.7382644628099173
20775,DAISY NOTEBOOK,1.7398230088495574
20776,ABSTRACT CIRCLES NOTEBOOK,1.7828235294117647
20777,CHRYSANTHEMUM NOTEBOOK,1.7795348837209302
20778,GARDEN PATH NOTEBOOK,1.8046236559139783
20779,PINK EAR MUFF HEADPHONES,5.07
20780,BLACK EAR MUFF HEADPHONES,6.881666666666666
20781,GOLD EAR MUFF HEADPHONES,6.3365625
20782,CAMOUFLAGE EAR MUFF HEADPHONES,6.835056179775282
20783,HEART EAR MUFF HEADPHONES,7.4847457627118645
20784,RED RETRO BAR STOOL,36.51894736842105
20785,FUSCHIA RETRO BAR STOOL,37.622368421052634
20786,BLACK RETRO BAR STOOL,37.057647058823534
20787,BLUE RETRO BAR STOOL,38.021875
20791,BLUE TILED SET OF 3 DRAWERS,12.75
20793,BLUE TILED TRAY,8.84
20794,BLUE  TILE HOOK,3.3750943396226414
20795,LARGE BLUE PROVENCAL CERAMIC BALL,2.8765625
20796,SMALL BLUE PROVENCAL CERAMIC BALL,2.3495454545454546
20798,CLEAR MILKSHAKE GLASS,2.9155445544554457
20799,PINK MILKSHAKE GLASS,3.1278571428571427
20800,LARGE GLASS SUNDAE DISH CLEAR,3.618
20801,LARGE PINK GLASS SUNDAE DISH,2.1827350427350427
20802,SMALL GLASS SUNDAE DISH CLEAR,2.0786666666666664
20803,SMALL PINK GLASS SUNDAE DISH,1.6662068965517243
20804,GLASS CHICKEN BUTTER DISH,2.659032258064516
20812,EMBOSSED FLOWER TRELLIS PHOTO FRAME,2.55
20814,SILVER FINCH DECORATION,1.212
20816,GOLD FLOWER CUSHION COVER,5.55
20818,GOLD TEDDY BEAR,4.491666666666666
20819,SILVER TEDDY BEAR,3.888
20820,SILVER LOOKING MIRROR,4.95
20821,GOLDIE LOOKING MIRROR,7.567857142857143
20822,SILVER WINE GOBLET,4.65
20823,GOLD WINE GOBLET,3.7010000000000005
20825,GOLD WINE GLASS,6.44625
20826,SILVER APERITIF GLASS,1.3478571428571429
20827,GOLD APERITIF GLASS,1.63375
20828,GLITTER BUTTERFLY CLIPS,2.9327821939586642
20829,GLITTER HANGING BUTTERFLY STRING,2.4072673267326734
20830,SILVER PHOTO FRAME,2.974022988505747
20831,GOLD PHOTO FRAME,2.714938271604938
20832,RED FLOCK LOVE HEART PHOTO FRAME,0.9311111111111111
20833,SHAKER THROW  QUILTED,31.350000000000005
20835,FRENCH LATTICE CUSHION COVER,2.87
20836,FRENCH PAISLEY CUSHION COVER,1.185
20837,FRENCH FLORAL CUSHION COVER,1.1844444444444444
20838,FRENCH LATTICE CUSHION COVER,1.9290625000000001
20839,FRENCH PAISLEY CUSHION COVER,2.5029661016949154
20840,FRENCH FLORAL CUSHION COVER,2.1373195876288658
20845,ZINC HEART LATTICE 2 WALL PLANTER,7.169583333333333
20846,ZINC HEART LATTICE T-LIGHT HOLDER,1.5538728323699422
20847,ZINC HEART LATTICE CHARGER LARGE,4.8500000000000005
20848,ZINC HEART LATTICE CHARGER SMALL,2.9500000000000006
20849,ZINC HEART LATTICE DOUBLE PLANTER,4.047083333333333
20850,ZINC HEART LATTICE PLANTER BOWL,2.8434782608695657
20851,ZINC HEART LATTICE TRAY OVAL,5.9656666666666665
20854,BLUE PATCH PURSE PINK HEART,1.663272727272727
20855,PINK PATCH PURSE BLUE HEART,1.6499999999999997
20856,DENIM PATCH PURSE PINK BUTTERFLY,1.6598412698412697
20857,BLUE ROSE PATCH PURSE PINK BUTTERFL,1.65
20858,SILVER PURSE GOLD PINK BUTTERFLY,1.65
20860,GOLD COSMETICS BAG WITH BUTTERFLY,2.1
20861,GOLD COSMETIC BAG PINK STAR,2.1
20862,PINK PATCH PENCIL CASE BLUE HEART,2.607894736842105
20863,BLUE PATCH PENCIL CASE PINK HEART,2.413921568627451
20864,DENIM PATCH PENCIL CASE BUTTERFLY,2.1967741935483875
20865,PATCHWORK PENCIL CASE BUTTERFLY,2.181142857142857
20866,BLUE ROSE FABRIC MIRROR,1.4835416666666665
20867,PINK ROSE FABRIC MIRROR,1.3800645161290321
20868,SILVER FABRIC MIRROR,0.9214084507042254
20869,GOLD FABRIC MIRROR,0.9422222222222223
20870,OPULENT VELVET CANDLE IN BOX,2.8187499999999996
20871,OPULENT VELVET SET/3 CANDLES,2.6793893129770994
20877,MODERN CHRISTMAS BAUBLE CANDLE,0.42000000000000004
20878,SET/9 CHRISTMAS T-LIGHTS SCENTED,1.4786206896551723
20879,TREE OF NOAH FESTIVE SCENTED CANDLE,1.8275
20881,MODERN CHRISTMAS TREE CANDLE,0.85
20882,MODERN CHRISTMAS TREE CANDLE,2.95
20884,MODERN CHRISTMAS TREE CANDLE,2.1
20885,BOX OF 3 PEBBLE CANDLES,2.95
20886,BOX OF 9 PEBBLE CANDLES,2.385828025477707
20887,BOX OF 6 PEBBLE CANDLES,5.615
20888,SET 3 JARDIN DE FEMME SCENT CANDLES,3.8852631578947374
20889,JARDIN DE FEMME SCENTED CANDLE,2.3376923076923077
20890,SMALL GLASS ROSE SCENTED CANDLE,2.9925
20891,LARGE GLASS ROSE SCENTED CANDLE,8.126666666666667
20892,SET/3 TALL GLASS CANDLE HOLDER PINK,15.232444444444443
20893,HANGING BAUBLE T-LIGHT HOLDER SMALL,2.8593975903614455
20894,HANGING BAUBLE T-LIGHT HOLDER LARGE,3.430602409638554
20895,VINTAGE NOTEBOOK FRENCH LETTER,2.95
20896,VINTAGE NOTEBOOK PINK FLOWER,2.95
20897,VINTAGE NOTEBOOK PARIS DAYS,3.8242857142857147
20898,VINTAGE NOTEBOOK TRAVELOGUE,3.1898214285714284
20899,VINTAGE NOTEBOOK RED ROSE,2.95
20901,VINTAGE KEEPSAKE BOX PINK FLOWER,9.428676470588234
20902,VINTAGE KEEPSAKE BOX PARIS DAYS,9.306034482758621
20903,VINTAGE KEEPSAKE BOX TRAVELOGUE,7.171494252873563
20905,VINTAGE KEEPSAKE BOX BEAUTY GIRL,6.35
20906,VINTAGE NOTEBOOK BEAUTY GIRL,4.0925
20910,VINTAGE PHOTO ALBUM PARIS DAYS,8.377872340425531
20913,SET/5 BLUE SPOTTY LID GLASS BOWLS,3.8030232558139536
20914,SET/5 RED SPOTTY LID GLASS BOWLS,3.2110093023255812
20931,BLUE POT PLANT CANDLE,4.714730538922156
20932,PINK POT PLANT CANDLE,4.632413793103448
20933,YELLOW POT PLANT CANDLE,4.1007547169811325
20934,SET/3 POT PLANT CANDLES,7.080722891566266
20935,ROUND CACTUS CANDLE,3.0745833333333334
20936,FORKED CACTUS CANDLE,3.640759493670886
20939,ORANGE CANDLE,0.85
20940,SET/6 GARDEN GNOME T-LIGHT CANDLES,3.4316666666666666
20941,FROG CANDLE,1.7460769230769229
20942,SET/6 GINGERBREAD TREE T-LIGHTS,1.25
20943,SET/6 GINGERBREAD STAR T-LIGHTS,1.6658333333333333
20950,SET/6  ANGEL T-LIGHTS WHITE/GOLD,0.7546428571428571
20952,PORCELAIN CHERUB BELL SMALL,0.693076923076923
20953,PORCELAIN CHERUB BELL LARGE,1.65
20954,*USB Office Mirror Ball,8.530000000000001
20956,PORCELAIN T-LIGHT HOLDERS ASSORTED,1.7483673469387753
20957,PORCELAIN HANGING BELL SMALL,1.569375
20958,PORCELAIN HANGING BELL LARGE,1.92
20960,WATERMELON BATH SPONGE,1.6572018348623851
20961,STRAWBERRY BATH SPONGE,1.7057307692307693
20963,APPLE BATH SPONGE,1.7618410852713178
20964,POLYESTER FILLER PAD 60x40cm,2.55
20966,SANDWICH BATH SPONGE,1.7981411764705881
20967,GREY FLORAL FELTCRAFT SHOULDER BAG,3.9888118811881186
20968,GREEN FLORAL FELTCRAFT SHOULDER BAG,4.749499999999999
20969,RED FLORAL FELTCRAFT SHOULDER BAG,4.242658022690438
20970,PINK FLORAL FELTCRAFT SHOULDER BAG,4.14098445595855
20971,PINK BLUE FELT CRAFT TRINKET BOX,1.406936170212766
20972,PINK CREAM FELT CRAFT TRINKET BOX,1.4021393384940184
20973,12 PENCIL SMALL TUBE WOODLAND,0.7807906295754026
20974,12 PENCILS SMALL TUBE SKULL,0.7459228971962617
20975,12 PENCILS SMALL TUBE RED SPOTTY,0.7380658873538788
20976,12 PENCILS SMALL TUBE POSY,0.748421052631579
20977,36 PENCILS TUBE WOODLAND,1.5648785425101213
20978,36 PENCILS TUBE SKULLS,1.5856084656084655
20979,36 PENCILS TUBE RED SPOTTY,1.5575880758807588
20980,36 PENCILS TUBE POSY,1.4020000000000001
20981,12 PENCILS TALL TUBE WOODLAND,0.9613984674329501
20982,12 PENCILS TALL TUBE SKULLS,0.9602030456852793
20983,12 PENCILS TALL TUBE RED SPOTTY,0.9560242792109256
20984,12 PENCILS TALL TUBE POSY,0.5343700787401574
20985,HEART CALCULATOR,1.5358823529411765
20986,BLUE CALCULATOR RULER,1.554354066985646
20987,GEISHA GIRL CHOPSTICKS SET/5,3.0181818181818185
20988,TRELLIS FLOWER CHOPSTICKS SET/5,1.9500000000000002
20989,URBAN CHIC CHOPSTICKS SET/5,2.264310344827586
20990,SPRING FLOWER CHOPSTICKS SET/5,2.244859813084112
20991,JAZZ HEARTS MAGNETIC MEMO PAD,0.9515625000000001
20992,JAZZ HEARTS PURSE NOTEBOOK,0.6853215077605321
20993,JAZZ HEARTS MEMO PAD,0.8425
20994,JAZZ HEARTS SPIRAL NOTEPAD,0.85
20996,JAZZ HEARTS ADDRESS BOOK,0.3785459940652819
20997,ROSE DU SUD CUSHION COVER,4.718433734939759
20998,ROSE DU SUD OVEN GLOVE,2.9443307086614174
21000,ROSE DU SUD COSMETICS BAG,3.76
21001,ROSE DU SUD WASHBAG,4.899222222222222
21002,ROSE DU SUD DRAWSTRING BAG,3.536141304347826
21003,ROSE DU SUD CUSHION COVER,5.928125
21004,ROSE DU SUD CHILDS APRON,4.793943661971831
21007,ETCHED GLASS DROPLET DECORATION,1.18
21008,ETCHED GLASS HEART TREE DECORATION,2.51
21009,ETCHED GLASS STAR TREE DECORATION,1.476111111111111
21010,ETCHED GLASS BIRD TREE DECORATION,1.476046511627907
21011,GLITTER SNOW PEAR TREE DECORATION,1.2550393700787401
21012,ANTIQUE ALL GLASS CANDLESTICK,2.331320132013201
21014,SWISS CHALET TREE DECORATION,0.804974358974359
21015,DARK BIRD HOUSE TREE DECORATION,0.765978835978836
21016,LIGHT BIRD HOUSE TREE DECORATION,0.9617045454545454
21017,RED BIRD HOUSE TREE DECORATION,1.354942528735632
21018,BIRD BOX CHRISTMAS TREE DECORATION,0.8877272727272728
21025,SPACE FROG,1.520864197530864
21026,SPACE OWL,1.63304
21027,NINJA RABBIT PINK,1.2543037974683544
21028,NINJA RABBIT BLACK,1.6121739130434782
21030,SPACE CADET RED,1.2030769230769232
21031,SPACE CADET BLACK,1.293
21032,SPACE CADET WHITE,1.3978431372549018
21033,JUMBO BAG CHARLIE AND LOLA TOYS,3.3356
21034,REX CASH+CARRY JUMBO SHOPPER,0.95
21035,SET/2 RED SPOTTY TEA TOWELS,4.032582359192349
21036,SET/2 TEA TOWELS MODERN VINTAGE,2.55
21038,SET/4 MODERN VINTAGE COTTON NAPKINS,2.2339622641509433
21039,RED SPOTTY SHOPPING BAG,2.9778017241379304
21040,MODERN VINTAGE COTTON SHOPPING BAG,2.4344927536231884
21041,RED SPOTTY OVEN GLOVE DOUBLE,4.062985074626866
21042,RED SPOTTY APRON,6.884116222760292
21043,APRON MODERN VINTAGE COTTON,4.297323943661972
21051,RIBBONS PURSE,2.1738931297709927
21053,ZINC HEART HANGER WITH HOOKS,4.25
21054,NURSE'S BAG SOFT TOY,9.611249999999998
21055,TOOL BOX SOFT TOY,10.452488888888888
21056,DOCTOR'S BAG SOFT TOY,9.680954773869345
21058,PARTY INVITES WOODLAND,0.9949642857142856
21059,PARTY INVITES DINOSAURS,0.9000892857142857
21060,PARTY INVITES BALLOON GIRL,0.940794701986755
21061,PARTY INVITES FOOTBALL,0.9692771084337349
21062,PARTY INVITES SPACEMAN,0.8674452554744526
21063,PARTY INVITES JAZZ HEARTS,0.9408786610878661
21064,BOOM BOX SPEAKER BOYS,5.509774011299435
21065,BOOM BOX SPEAKER GIRLS,4.925645161290323
21066,VINTAGE RED MUG,1.2774242424242424
21067,VINTAGE RED TEATIME MUG,1.4972058823529413
21068,VINTAGE BILLBOARD LOVE/HATE MUG,1.57453125
21069,VINTAGE BILLBOARD TEA MUG,1.6822727272727274
21070,VINTAGE BILLBOARD MUG,1.580982905982906
21071,VINTAGE BILLBOARD DRINK ME MUG,1.6272349272349271
21076,SET/20 COLLAGE PAPER NAPKIN,0.9832631578947368
21077,SET/20 WOODLAND PAPER NAPKINS,0.9245641025641025
21078,SET/20 STRAWBERRY PAPER NAPKINS,1.1085317460317459
21080,SET/20 RED SPOTTY PAPER NAPKINS,1.0292155053068759
21081,SET/20 POSIES PAPER NAPKINS,0.85
21082,SET/20 FRUIT SALAD PAPER NAPKINS,1.064011976047904
21084,SET/6 COLLAGE PAPER CUPS,0.5634210526315789
21085,SET/6 WOODLAND PAPER CUPS,0.7726470588235294
21086,SET/6 RED SPOTTY PAPER CUPS,0.8930419580419581
21087,SET/6 POSIES PAPER CUPS,0.7493939393939394
21088,SET/6 FRUIT SALAD PAPER CUPS,0.46741007194244605
21089,SET/6 GREEN SPRING PAPER CUPS,0.49725
21090,SET/6 COLLAGE PAPER PLATES,0.725531914893617
21091,SET/6 WOODLAND PAPER PLATES,1.0289583333333334
21092,SET/6 STRAWBERRY PAPER PLATES,1.0919999999999999
21094,SET/6 RED SPOTTY PAPER PLATES,0.9869447236180905
21095,SET/6 POSIES PAPER PLATES,1.0065853658536585
21096,SET/6 FRUIT SALAD  PAPER PLATES,0.653125
21097,SET/6 GREEN SPRING  PAPER PLATE,0.85
21098,CHRISTMAS TOILET ROLL,1.6317041800643086
21099,SET/6 STRAWBERRY PAPER CUPS,0.7464864864864865
21100,CHARLIE AND LOLA CHARLOTTE BAG,2.221788321167883
21102,"CANDLE IN JAR COLLAGE , VANILLA",3.037142857142857
21106,CREAM SLICE FLANNEL CHOCOLATE SPOT,3.7038823529411764
21107,CREAM SLICE FLANNEL PINK SPOT,3.6443492063492062
21108,FAIRY CAKE FLANNEL ASSORTED COLOUR,2.993861066235864
21109,"LARGE CAKE TOWEL, CHOCOLATE SPOTS",6.664035087719299
21110,LARGE CAKE TOWEL PINK SPOTS,7.411755952380952
21111,"SWISS ROLL TOWEL, CHOCOLATE  SPOTS",3.496834862385321
21112,"SWISS ROLL TOWEL, PINK  SPOTS",3.3471502590673574
21114,LAVENDER SCENTED FABRIC HEART,1.8002549019607843
21115,ROSE CARAVAN DOORSTOP,7.737764976958525
21116,OWL DOORSTOP,6.769514925373135
21117,BLOND DOLL DOORSTOP,1.912692307692308
21118,SHOPPING BAG DOORSTOP,2.5357142857142856
21119,Glow In The Dark Shot Glasses,13.67
21120,*Boombox Ipod Classic,16.98
21121,SET/10 RED SPOTTY PARTY CANDLES,1.3542873176206511
21122,SET/10 PINK SPOTTY PARTY CANDLES,1.341786148238153
21123,SET/10 IVORY SPOTTY PARTY CANDLES,1.2388372093023257
21124,SET/10 BLUE SPOTTY PARTY CANDLES,1.2976397515527949
21125,SET 6 FOOTBALL CELEBRATION CANDLES,1.3042023346303502
21126,SET OF 6 GIRLS CELEBRATION CANDLES,1.3362199312714775
21127,COLOURFUL FISHING GNOME,7.3094117647058825
21128,GOLD FISHING GNOME,9.536315789473685
21129,SILVER FISHING GNOME,8.947903225806451
21130,COLOURFUL STANDING GNOME,3.9792
21131,GOLD STANDING GNOME,5.765599999999999
21132,SILVER STANDING GNOME,5.723191489361702
21133,PAINTED BIRD ASSORTED CHRISTMAS,2.1664285714285714
21134,VICTORIAN METAL POSTCARD CHRISTMAS,2.1581249999999996
21135,VICTORIAN  METAL POSTCARD SPRING,2.000568720379147
21136,PAINTED METAL PEARS ASSORTED,1.96728362183755
21137,BLACK RECORD COVER FRAME,4.139751166407465
21143,ANTIQUE GLASS HEART DECORATION,2.2765625
21144,PINK POODLE HANGING DECORATION,1.0261290322580645
21145,ANTIQUE GLASS PLACE SETTING,3.322156862745098
21146,ANTIQUE GLASS RIDGED HANGING BALL,2.1757627118644067
21147,JINGLE BELLS TREE DECORATION,2.1229999999999998
21153,RED SPOTTY TABLECLOTH,11.78354609929078
21154,RED SPOTTY OVEN GLOVE,1.7650701186623516
21155,RED SPOTTY PEG BAG,2.827082917082917
21156,RED SPOTTY CHILDS APRON,2.236004206098843
21157,RED SPOTTY WASHBAG,2.891741573033708
21158,MOODY GIRL DOOR HANGER,1.255648148148148
21159,MOODY BOY  DOOR HANGER,1.3329133858267717
21160,KEEP OUT GIRLS DOOR HANGER,1.4911475409836064
21161,KEEP OUT BOYS DOOR HANGER,1.6676168224299066
21162,TOXIC AREA  DOOR HANGER,1.272318339100346
21163,DO NOT TOUCH MY STUFF DOOR HANGER,1.3330711610486892
21164,HOME SWEET HOME METAL SIGN,3.271442307692308
21165,BEWARE OF THE CAT METAL SIGN,2.120010101010101
21166,COOK WITH WINE METAL SIGN,2.2723209366391184
21167,WHITE SAGE INCENSE,0.3288695652173913
21169,YOU'RE CONFUSING ME METAL SIGN,2.1243631778058005
21171,BATHROOM METAL SIGN,1.6744444444444444
21172,PARTY METAL SIGN,1.9090543259557342
21173,LOO ROLL  METAL SIGN,2.205189873417721
21174,POTTERING IN THE SHED METAL SIGN,2.5125152306353353
21175,GIN + TONIC DIET METAL SIGN,2.5578490790255493
21179,NO JUNK MAIL METAL SIGN,1.3264854368932038
21181,PLEASE ONE PERSON  METAL SIGN,2.363508676789588
21185,HOME SWEET HOME  BLACKBOARD,7.304255319148936
21186,WHITE DOVE HONEYCOMB PAPER GARLAND,2.0288297872340424
21187,WHITE BELL HONEYCOMB PAPER GARLAND,2.020945945945946
21188,3D HEARTS  HONEYCOMB PAPER GARLAND,3.563880597014925
21189,WHITE HONEYCOMB PAPER GARLAND,2.4475000000000002
21190,PINK HEARTS PAPER GARLAND,1.9707692307692306
21191,LARGE WHITE HONEYCOMB PAPER BELL,2.8894554455445545
21192,WHITE BELL HONEYCOMB PAPER,2.350224215246637
21193,WHITE HONEYCOMB PAPER FAN,2.8434782608695657
21194,PINK  HONEYCOMB PAPER FAN,1.9872999999999998
21195,PINK  HONEYCOMB PAPER BALL,2.97841059602649
21196,ROUND WHITE CONFETTI IN TUBE,1.9382608695652173
21197,MULTICOLOUR  CONFETTI IN TUBE,1.632340425531915
21198,WHITE HEART CONFETTI IN TUBE,1.732622950819672
21199,PINK  HEART CONFETTI IN TUBE,1.8594039735099337
21200,MULTICOLOUR HONEYCOMB PAPER GARLAND,2.0190625
21201,TROPICAL  HONEYCOMB PAPER GARLAND,2.976680327868852
21202,DOLLY HONEYCOMB GARLAND,1.7715942028985507
21203,BUTTERFLIES  HONEYCOMB GARLAND,2.0347999999999997
21204,DAISIES  HONEYCOMB GARLAND,1.9877511961722487
21205,MULTICOLOUR 3D BALLS GARLAND,2.910064935064935
21206,STRAWBERRY HONEYCOMB  GARLAND,1.8558606557377049
21207,SKULL AND CROSSBONES  GARLAND,1.7567595818815331
21208,PASTEL COLOUR HONEYCOMB FAN,1.6003937007874016
21209,MULTICOLOUR HONEYCOMB FAN,1.7008333333333332
21210,SET OF 72 RETRO SPOT PAPER  DOILIES,1.7634382978723404
21211,SET OF 72 SKULL PAPER  DOILIES,1.6693305439330544
21212,PACK OF 72 RETRO SPOT CAKE CASES,0.7064350264880026
21213,PACK OF 72 SKULL CAKE CASES,0.7406498673740054
21214,SET OF 72 IVORY PAPER DOILIES,1.9900985221674878
21215,IVORY PAPER CUP CAKE CASES,0.8687162162162162
21216,"SET 3 RED SPOT TIN TEA,COFFEE,SUGAR",6.869661016949153
21217,RED SPOTTY ROUND CAKE TINS,11.614671532846714
21218,RED SPOTTY BISCUIT TIN,5.215328310010764
21219,SET/4 BADGES BALLOON GIRL,1.552234636871508
21220,SET/4 BADGES DOGS,1.6443749999999997
21221,SET/4 BADGES CUTE CREATURES,1.4973831775700934
21222,SET/4 BADGES BEETLES,1.5156716417910447
21223,SET/4 BADGES WOODLAND ANIMAL,1.4345454545454546
21224,SET/4 SKULL BADGES,1.2506583072100312
21225,POCKET MIRROR BUTTERFLY,1.25
21226,POCKET MIRROR WOODLAND,1.073157894736842
21228,"POCKET MIRROR ""GLAMOROUS""",1.29125
21231,SWEETHEART CERAMIC TRINKET BOX,1.4860391661402401
21232,STRAWBERRY CERAMIC TRINKET BOX,1.5113846153846155
21238,RED SPOTTY CUP,1.0160427807486632
21239,PINK  SPOTTY CUP,1.0563838120104438
21240,BLUE  SPOTTY CUP,1.0493324775353017
21241,GREEN SPOTTY CUP,0.9812213740458015
21242,RED SPOTTY PLATE,1.9914156626506023
21243,PINK  SPOTTY PLATE,2.010691699604743
21244,BLUE  SPOTTY PLATE,1.9446389496717722
21245,GREEN  SPOTTY PLATE,1.9271844660194175
21246,RED SPOTTY BIG BOWL,5.084788732394366
21247,SET OF RED SALAD SERVERS,1.8867901234567903
21248,DOOR HANGER  MUM + DADS ROOM,1.6778260869565218
21249,WOODLAND  HEIGHT CHART STICKERS,3.655343511450382
21250,SET OF SKULL WALL STICKERS,3.229
21251,DINOSAUR HEIGHT CHART STICKER SET,3.519545454545455
21252,SET OF MEADOW  FLOWER STICKERS,3.3613636363636363
21253,SET OF PICTURE FRAME  STICKERS,4.6036065573770495
21254,SET OF KITCHEN WALL  STICKERS,2.95
21255,"FRENCH BOTTLE , LAVENDER",2.373469387755102
21256,"FRENCH BOTTLE, BRASSERIE DES ARTIST",2.422923076923077
21257,VICTORIAN SEWING BOX MEDIUM,10.420766423357664
21258,VICTORIAN SEWING BOX LARGE,16.611845342706502
21259,VICTORIAN SEWING BOX SMALL,6.898424962852898
21260,FIRST AID TIN,3.8064954128440367
21261,GREEN GOOSE FEATHER CHRISTMAS TREE,6.386233766233766
21262,WHITE GOOSE FEATHER CHRISTMAS TREE,6.261240875912408
21263,GREEN GOOSE FEATHER TREE 60CM,3.0410344827586204
21264,WHITE GOOSE FEATHER TREE 60CM,3.4299999999999997
21265,PINK GOOSE FEATHER TREE 60CM,3.886216216216216
21266,VINTAGE SILVER TINSEL REEL,4.3
21267,VINTAGE PINK TINSEL REEL,3.4200000000000004
21268,VINTAGE BLUE TINSEL REEL,1.2884615384615385
21269,ANTIQUE CREAM CUTLERY SHELF,9.41323076923077
21270,ANTIQUE CREAM CUTLERY CUPBOARD,12.022115384615384
21272,SALLE DE BAIN HOOK,1.6331518624641834
21274,EMBOSSED HEART 3 DRAWER SHELF,14.63822429906542
21275,ZINC TOP  2 DOOR WOODEN SHELF,13.726666666666667
21276,TWO EMBOSSED HEART MINI DRAWERS,4.3496875
21277,FRENCH STYLE EMBOSSED HEART CABINET,24.45173076923077
21278,VINTAGE KITCHEN PRINT PUDDINGS,3.4667213114754096
21279,VINTAGE KITCHEN PRINT FRUITS,3.515233644859813
21280,VINTAGE KITCHEN PRINT VEGETABLES,2.9547887323943662
21281,VINTAGE KITCHEN PRINT SEAFOOD,3.425588235294118
21282,NATURAL BARK CANDLE LARGE,4.764571428571428
21283,NATURAL BARK CANDLE SMALL,3.6707228915662653
21284,RETRO SPOT CANDLE  SMALL,1.9492307692307693
21285,RETRO SPOT CANDLE  MEDIUM,2.295294117647059
21286,RETRO SPOT CANDLE  LARGE,2.909117647058823
21287,SCENTED VELVET LOUNGE CANDLE,0.8480645161290323
21288,STRIPEY CHOCOLATE NESTING BOXES,3.3360176991150445
21289,LARGE STRIPES CHOCOLATE GIFT BAG,1.307596153846154
21290,LARGE SPOTTY CHOCOLATE GIFT BAG,1.25
21291,SMALL SPOTTY CHOCOLATE GIFT BAG,0.9683544303797469
21292,SMALL STRIPES CHOCOLATE GIFT BAG,0.8150000000000001
21293,MIRRORED DOVE WALL DECORATION,2.995287356321839
21294,ETCHED GLASS COASTER,1.1270921985815603
21298,EDWARDIAN 2 DRAWER WALL CABINET,18.855263157894736
21299,EDWARDIAN TOILET ROLL UNIT,10.91891891891892
21300,ANTIQUE EDWARDIAN DRESSER,21.946428571428573
21303,FILIGREE WALL MIRROR  ANTIQUE WHITE,14.642352941176469
21304,ARCHED GREY MIRROR,11.132222222222222
21306,SET/4 DAISY MIRROR MAGNETS,1.3908571428571428
21307,SET/4 BUTTERFLY MIRROR MAGNETS,2.1253424657534246
21308,LOUVRE VANITY MIRROR,11.557142857142859
21309,LOUVRE CHALKBOARD,9.291666666666666
21310,CAPIZ CHANDELIER,29.95
21311,SET/4 BIRD MIRROR MAGNETS,1.54340206185567
21312,LARGE CHUNKY GLASS ROMAN BOWL,6.312758620689655
21313,GLASS HEART T-LIGHT HOLDER,1.1193287037037036
21314,SMALL GLASS HEART TRINKET POT,2.7320964912280705
21315,LARGE GLASS HEART TRINKET POT,4.25
21316,SMALL CHUNKY GLASS ROMAN  BOWL,3.009183673469388
21317,GLASS SPHERE CANDLE STAND MEDIUM,5.941772151898735
21318,GLASS CHALICE BLUE SMALL,1.5618867924528301
21319,GLASS CHALICE GREEN  SMALL,1.9491304347826084
21320,GLASS CHALICE GREEN  LARGE,3.069076923076923
21321,GLASS CHALICE BLUE  LARGE,2.958095238095238
21322,GLASS SPHERE CANDLE STAND LARGE,4.9678571428571425
21323,HANGING MEDINA LANTERN LARGE,5.556913580246913
21324,HANGING MEDINA LANTERN SMALL,3.6900000000000004
21326,AGED GLASS SILVER T-LIGHT HOLDER,0.8075338345864661
21327,SKULLS WRITING SET,2.00214
21328,BALLOONS  WRITING SET,2.262357473035439
21329,DINOSAURS  WRITING SET,2.110355239786856
21330,WOODLAND ANIMAL  WRITING SET,2.2752450980392154
21331,MOROCCAN BEATEN METAL DISH LARGE,14.455625
21332,MOROCCAN BEATEN METAL MIRROR,11.522181818181819
21333,CLASSIC WHITE FRAME,3.226637931034483
21335,LIBRARY LAMP,24.81625
21336,GOLD WASHBAG,3.3546666666666667
21337,SILVER WASHBAG,3.465
21338,MARAKESH LANTERN SMALL,6.314285714285715
21339,MARAKESH LANTERN LARGE,19.257692307692306
21340,CLASSIC METAL BIRDCAGE PLANT HOLDER,13.02963133640553
21341,KASBAH LANTERN WITH GLASS,7.1865517241379315
21343,GOLD JEWELERY BOX,10.45
21344,MOROCCAN BEATEN METAL DISH,8.775714285714285
21346,LARGE SILVER BALUSTRADE CANDLESTICK,5.95
21347,GOTHIC CARRIAGE LANTERN,5.95
21348,PINK SPOTS CHOCOLATE NESTING BOXES,3.1210791366906476
21349,IVY HEART WREATH,8.374942528735632
21350,GINGHAM HEART WREATH,2.941111111111111
21351,CINAMMON & ORANGE WREATH,5.489891304347826
21352,EUCALYPTUS & PINECONE  WREATH,5.329386503067485
21353,SILVER SLEIGHBELL  WREATH,8.994444444444445
21354,TOAST ITS - BEST MUM,1.4986238532110092
21355,TOAST ITS - I LOVE YOU,1.4538968481375358
21356,TOAST ITS - FAIRY FLOWER,1.4972112676056337
21357,TOAST ITS - DINOSAUR,1.5196313364055298
21358,TOAST ITS - HAPPY BIRTHDAY,1.2817488789237668
21359,RELAX LARGE WOOD LETTERS,14.340886075949367
21360,JOY LARGE WOOD LETTERS,10.091683168316832
21361,LOVE LARGE WOOD LETTERS,14.217774086378737
21363,HOME SMALL WOOD LETTERS,5.942403846153846
21364,PEACE SMALL WOOD LETTERS,7.6103550295858
21365,MIRRORED WALL ART STARS,2.5030379746835445
21366,MIRRORED WALL ART PHOTO FRAMES,6.046153846153847
21367,MIRRORED WALL ART GENTS,2.5669999999999997
21368,MIRRORED WALL ART LADIES,1.8668085106382977
21369,MIRRORED WALL ART SPLODGES,2.914090909090909
21370,MIRRORED WALL ART FOXY,7.356363636363636
21371,MIRRORED WALL ART POPPIES,2.59578125
21372,MIRRORED WALL ART TABLE LAMP,2.5941176470588236
21373,MIRRORED WALL ART SNOWFLAKES,1.2385483870967742
21374,MIRRORED WALL ART SKULLS,2.8980281690140846
21375,LARGE CAMPHOR WOOD FIELD MUSHROOM,8.058225806451611
21376,LARGE  TALL CAMPHOR WOOD TOADSTOOL,5.996086956521739
21377,SMALL CAMPHOR WOOD FIELD  MUSHROOM,2.506969696969697
21378,SMALL TALL CAMPHOR WOOD TOADSTOOL,2.1554545454545457
21379,CAMPHOR WOOD PORTOBELLO MUSHROOM,1.9376
21380,WOODEN HAPPY BIRTHDAY GARLAND,3.401812688821752
21381,MINI WOODEN HAPPY BIRTHDAY GARLAND,2.1861020036429872
21382,SET/4 SPRING FLOWER DECORATION,2.214155844155844
21383,PACK OF 12 STICKY BUNNIES,0.9602095808383233
21384,IVORY HANGING DECORATION  BUTTERFLY,1.048157894736842
21385,IVORY HANGING DECORATION  HEART,1.0480337078651685
21386,IVORY HANGING DECORATION  EGG,0.8370909090909091
21387,IVORY HANGING DECORATION  RABBIT,0.85
21388,IVORY HANGING DECORATION  CHICKEN,0.9158620689655173
21389,IVORY HANGING DECORATION  BIRD,0.9947445255474453
21390,FILIGRIS HEART WITH BUTTERFLY,1.459080459770115
21391,FRENCH EMROIDR LAVENDER SCENT HEART,1.8749720670391061
21392,RED SPOTTY PUDDING BOWL,2.3319607843137256
21393,BLUE  SPOTTY PUDDING BOWL,2.0893478260869567
21394,RED SPOTTY BEAKER,0.7787012987012987
21395,BLUE SPOTTY BEAKER,0.902436974789916
21396,RED SPOTTY EGG CUP,1.7030379746835442
21397,BLUE  SPOTTY EGG CUP,1.6483977900552487
21398,RED  SPOTTY COFFEE  MUG,1.8918897637795276
21399,BLUE  SPOTTY  COFFEE MUG,1.4947967479674797
21400,RED PUDDING SPOON,0.30130434782608695
21401,BLUE PUDDING SPOON,0.3197540983606557
21402,RED  EGG  SPOON,0.36673202614379086
21403,BLUE EGG  SPOON,0.33420382165605095
21406,SPOTTY CAT DOORSTOP,8.65
21407,BROWN CHECK CAT DOORSTOP,5.245645514223195
21408,SPOTTY PINK DUCK DOORSTOP,5.88798353909465
21409,SPOTTY COCKEREL DOORSTOP,4.25
21410,COUNTRY COTTAGE  DOORSTOP GREEN,5.505827814569536
21411,GINGHAM HEART  DOORSTOP RED,4.86742088607595
21412,VINTAGE GOLD TINSEL REEL,1.694078947368421
21413,PERIWINKLE T-LIGHT HOLDER,1.6411538461538462
21414,SCALLOP SHELL SOAP DISH,2.901315789473684
21415,CLAM SHELL SMALL,2.6460975609756097
21416,CLAM SHELL LARGE,4.120434782608696
21417,COCKLE SHELL DISH,3.0113333333333334
21418,STARFISH SOAP DISH,3.4688235294117646
21419,CONCH SHELL,4.353157894736842
21420,OYSTER TRINKET BOX,3.613125
21421,PORCELAIN ROSE LARGE,1.5662385321100918
21422,PORCELAIN ROSE SMALL,1.0732666666666666
21424,WOODLAND STORAGE BOX LARGE,4.6980132450331125
21425,SKULLS STORAGE BOX LARGE,4.075825242718446
21426,WOODLAND STORAGE BOX SMALL,3.0936936936936936
21427,SKULLS STORAGE BOX SMALL,2.986328125
21428,SET3 BOOK BOX GREEN GINGHAM FLOWER,5.044084210526316
21429,RED GINGHAM ROSE JEWELLERY BOX,2.097734753146176
21430,SET/3 RED GINGHAM ROSE STORAGE BOX,4.734719904648391
21431,GREEN GINGHAM FLOWER JEWELLERY BOX,1.9378291814946618
21432,SET OF 3 CASES WOODLAND DESIGN,6.089153225806452
21437,24 HANGING EASTER EGGS FLORAL TUB,3.969741379310345
21438,TUB 24 HANGING EASTER EGGS SPOTTY,3.8307894736842103
21439,BASKET OF TOADSTOOLS,1.5472131147540984
21440,12 MINI TOADSTOOL PEGS,1.327938144329897
21441,BLUE BIRDHOUSE DECORATION,1.1006716417910447
21442,GREEN BIRDHOUSE DECORATION,1.1215441176470589
21443,OLIVE CHALET BIRDFEEDER,4.599259259259259
21444,BLUE CHALET BIRDFEEDER,5.415675675675676
21445,12 PINK ROSE PEG PLACE SETTINGS,1.5129054054054054
21446,12 RED ROSE PEG PLACE SETTINGS,1.4849166666666667
21447,12 IVORY ROSE PEG PLACE SETTINGS,1.6239181286549706
21448,12 DAISY PEGS IN WOOD BOX,1.8780465116279068
21450,DISTRESSED CANDLE STICK WHITE,5.95
21452,TOADSTOOL MONEY BOX,3.4379862700228836
21454,PAINTED PINK RABBIT,0.9062121212121212
21455,PAINTED YELLOW WOODEN DAISY,0.9341618497109826
21456,2 PICTURE BOOK EGGS EASTER CHICKS,1.4449253731343283
21457,2 PICTURE BOOK EGGS EASTER DUCKS,1.5447692307692307
21458,2 PICTURE BOOK EGGS EASTER BUNNY,1.635
21459,YELLOW EASTER EGG HUNT START POST,2.2651020408163265
21460,GREEN EASTER EGG HUNT START POST,2.336896551724138
21461,BLUE EASTER EGG HUNT START POST,2.2915384615384613
21462,"NURSERY A,B,C PAINTED LETTERS",6.874519774011299
21463,MIRRORED DISCO BALL,6.500762195121951
21464,DISCO BALL ROTATOR BATTERY OPERATED,4.245594713656388
21465,PINK FLOWER CROCHET FOOD COVER,4.029095744680851
21466,RED FLOWER CROCHET FOOD COVER,3.984782608695652
21467,CHERRY CROCHET FOOD COVER,4.028544061302682
21468,BUTTERFLY CROCHET FOOD COVER,4.015170068027211
21469,POLKA DOT RAFFIA FOOD COVER,3.957230046948357
21470,FLOWER VINE RAFFIA FOOD COVER,4.194723926380368
21471,STRAWBERRY RAFFIA FOOD COVER,3.91916149068323
21472,LADYBIRD + BEE RAFFIA FOOD COVER,4.3950174216027875
21473,SWEETHEART CREAM STEEL TABLE RECT,20.81032258064516
21474,SWEETHEART CREAM STEEL FOLDIN BENCH,19.95
21475,SWEETHEART CREAM STEEL FOLDIN CHAIR,14.95
21476,STEEL SWEETHEART ROUND TABLE CREAM,16.40183908045977
21477,STRING OF 20 ROSE LIGHTS,14.38245283018868
21478,SILVER SKULL HOT WATER BOTTLE,4.413404255319149
21479,WHITE SKULL HOT WATER BOTTLE,4.678575916230367
21480,PINK STRIPE HOT WATER BOTTLE,3.82
21481,FAWN BLUE HOT WATER BOTTLE,3.75436515291937
21482,MUSHROOM BLUE HOT WATER BOTTLE,3.625860215053764
21484,CHICK GREY HOT WATER BOTTLE,4.567906712172924
21485,RED SPOT HEART HOT WATER BOTTLE,5.462888264230499
21486,PINK HEART DOTS HOT WATER BOTTLE,3.9032214765100672
21488,RED WHITE SCARF  HOT WATER BOTTLE,4.569120879120879
21489,BLUE WHITE SCARF HOT WATER BOTTLE,5.964285714285714
21490,SET OF THREE 50'S GIFT WRAPS,2.561864406779661
21491,SET OF THREE VINTAGE GIFT WRAPS,2.1205882352941177
21493,VINTAGE DESIGN GIFT TAGS,1.0483333333333333
21494,ROTATING LEAVES T-LIGHT HOLDER,2.5758153241650295
21495,SKULLS WRAP,0.4181432360742705
21496,WOODLAND CREATURES  WRAP,0.42
21497,FANCY FONTS BIRTHDAY WRAP,0.4176907216494845
21498,RED SPOTS  WRAP,0.41749068322981364
21499,BLUE SPOTS  WRAP,0.4163636363636363
21500,PINK SPOTS  WRAP,0.41638211382113816
21503,TOYBOX  WRAP,0.4187692307692307
21504,SKULLS GREETING CARD,0.46670694864048334
21506,"FANCY FONT BIRTHDAY CARD,",0.48900149031296575
21507,"ELEPHANT, BIRTHDAY CARD,",0.5035093696763203
21508,VINTAGE KID DOLLY CARD,0.5169188191881919
21509,COWBOYS AND INDIANS BIRTHDAY CARD,0.502472266244057
21511,VINTAGE COLLAGE  GREETING  CARD,0.42
21518,BANK ACCOUNT  GREETING  CARD,0.504862385321101
21519,GIN & TONIC DIET GREETING CARD,0.5010951526032317
21520,BOOZE & WOMEN GREETING CARD,0.5275229357798165
21523,FANCY FONT HOME SWEET HOME DOORMAT,8.90228241563055
21524,SPOTTY  HOME SWEET HOME DOORMAT,8.467087294727744
21525,BEWARE OF THE CAT DOORMAT,6.75
21527,RETRO SPOT TRADITIONAL TEAPOT,8.767408184679958
21528,DAIRY MAID TRADITIONAL TEAPOT,7.582035714285715
21529,RETRO SPOT CERAMIC TOASTRACK,4.0040764331210195
21530,DAIRY MAID CERAMIC TOASTRACK,2.2178285714285715
21531,RETRO SPOT SUGAR JAM BOWL,3.0253109452736315
21532,DAIRY MAID SUGAR JAM BOWL,2.3635
21533,RETRO SPOT LARGE MILK JUG,5.431599597585513
21534,DAIRY MAID LARGE MILK JUG,5.358797814207651
21535,RETRO SPOT SMALL MILK JUG,2.851193903471634
21536,DAIRY MAID  SMALL  MILK JUG,2.2520000000000002
21537,RETRO SPOTS PUDDING BOWL,4.678405797101449
21538,DAIRY MAID  PUDDING BOWL,3.9979245283018865
21539,RETRO SPOTS BUTTER DISH,5.727780678851175
21540,DAIRY MAID CERAMIC BUTTER DISH,4.6807216494845365
21541,DINOSAURS WATER TRANSFER TATTOOS,1.0420873786407767
21542,WOODLAND WATER TRANSFER TATTOOS,1.0109644670050761
21543,BUTTERFLY WATER TRANSFER TATTOOS,1.1958333333333333
21544,SKULLS  WATER TRANSFER TATTOOS,1.044050880626223
21545,CERAMIC BIRDHOUSE BUTTERFLY SMALL,3.541294117647059
21547,CERAMIC BIRDHOUSE CRESTED TIT SMALL,3.5820491803278687
21548,CERAMIC BIRDHOUSE FINCH BLUE ROOF,3.6992857142857143
21549,CERAMIC BIRDHOUSE RED ROOF SMALL,3.2872727272727276
21550,CERAMIC BIRDHOUSE CRESTED TIT LARGE,6.703970588235294
21551,CERAMIC BIRDHOUSE BUTTERFLY LARGE,6.8
21552,CERAMIC BIRDHOUSE BLACK ROSE  LARGE,6.243421052631579
21553,CERAMIC BIRDHOUSE FINCH BLUE  LARGE,7.833
21554,CERAMIC BIRDHOUSE RED ROOF LARGE,6.435416666666668
21555,CERAMIC STRAWBERRY TRINKET TRAY,3.053703703703704
21556,CERAMIC STRAWBERRY MONEY BOX,3.2420265780730895
21557,SET OF 6 FUNKY BEAKERS,4.14544262295082
21558,SKULL LUNCHBOX WITH CUTLERY,3.2489171974522293
21559,STRAWBERRY LUNCHBOX WITH CUTLERY,3.0396028594122315
21560,TOADSTOOL  LUNCHBOX WITH CUTLERY,3.86
21561,DINOSAUR LUNCHBOX WITH CUTLERY,2.8970454545454545
21562,HAWAIIAN GRASS SKIRT,1.8506756756756755
21563,RED HEART SHAPE LOVE BUCKET,3.304197860962567
21564,PINK  HEART SHAPE LOVE BUCKET,3.22023178807947
21576,LETS GO SHOPPING COTTON TOTE BAG,2.5096190476190476
21577,SAVE THE PLANET COTTON TOTE BAG,2.7083439490445858
21578,WOODLAND DESIGN  COTTON TOTE BAG,2.6056072351421187
21579,LOLITA  DESIGN  COTTON TOTE BAG,2.5742253521126757
21580,RABBIT  DESIGN  COTTON TOTE BAG,2.852138728323699
21581,SKULLS  DESIGN  COTTON TOTE BAG,2.641990291262136
21582,KINGS CHOICE SMALL TUBE MATCHES,1.65
21584,RETRO SPOT SMALL TUBE MATCHES,1.6478494623655915
21585,SWALLOW SMALL TUBE MATCHES,1.65
21586,KINGS CHOICE GIANT TUBE MATCHES,2.5155241935483867
21587,COSY HOUR GIANT TUBE MATCHES,2.5417279411764704
21588,RETRO SPOT GIANT  TUBE MATCHES,2.5238013698630133
21589,SWALLOW GIANT TUBE MATCHES,2.505
21590,KINGS CHOICE CIGAR BOX MATCHES,1.2461616161616162
21591,COSY HOUR CIGAR BOX MATCHES,1.2623560209424085
21592,RETRO SPOT  CIGAR BOX MATCHES,1.1932377049180327
21593,SWALLOW CIGAR BOX MATCHES,1.248041237113402
21594,Dr. Jam's Arouzer Stress Ball,4.212
21595,Dad's Cab Electronic Meter,8.55
21596,Hypochondriac Pill Stress Ball,4.26
21609,SET 12 LAVENDER  BOTANICAL T-LIGHTS,3.033287671232877
21610,SET 12 PEAR BOTANICAL T-LIGHTS,3.043571428571429
21611,SET OF 12 LILY BOTANICAL T-LIGHTS,3.1205228758169934
21612,SET 12 WILDFLOWER BOTANICAL T-LIGHT,3.243652173913044
21613,S/12 VANILLA  BOTANICAL T-LIGHTS,3.078445945945946
21614,SET OF 12 ROSE BOTANICAL T-LIGHTS,3.0586
21615,4 LAVENDER BOTANICAL DINNER CANDLES,2.350348837209302
21616,4 PEAR BOTANICAL DINNER CANDLES,2.465969387755102
21617,4 LILY  BOTANICAL DINNER CANDLES,2.94546511627907
21618,4 WILDFLOWER BOTANICAL CANDLES,2.9126027397260277
21619,4 VANILLA BOTANICAL CANDLES,2.4028169014084506
21620,S/4 ROSE    BOTANICAL  CANDLE,2.537105263157895
21621,VINTAGE UNION JACK BUNTING,9.301723614274868
21622,VINTAGE UNION JACK CUSHION COVER,5.814144838212635
21623,VINTAGE UNION JACK MEMOBOARD,10.206819852941175
21624,VINTAGE UNION JACK DOORSTOP,6.609632352941176
21625,VINTAGE UNION JACK APRON,8.184553571428571
21626,VINTAGE UNION JACK PENNANT,2.3074770642201834
21627,ELEPHANT CARNIVAL POUFFE,22.54948717948718
21628,TRIANGULAR POUFFE VINTAGE,22.393555555555558
21629,SQUARE FLOOR CUSHION VINTAGE PINK,11.935377358490564
21630,FLOOR CUSHION ELEPHANT CARNIVAL,13.54080808080808
21631,HIPPY CHIC DECORATIVE PARASOL,10.77962962962963
21632,VINTAGE PINK DECORATIVE PARASOL,11.199629629629628
21633,SUNFLOWER DECORATIVE PARASOL,13.040810810810811
21634,ASSORTED MINI MADRAS NOTEBOOK,1.356081081081081
21635,MADRAS NOTEBOOK LARGE,3.3009090909090912
21636,MADRAS NOTEBOOK MEDIUM,1.5031372549019608
21637,ASSORTED SANSKRIT MINI NOTEBOOK,1.8345744680851062
21638,ASSORTED TUTTI FRUTTI NOTEBOOK,2.43513698630137
21639,ASSORTED TUTTI FRUTTI KEYRING,0.95
21640,ASSORTED TUTTI FRUTTI  FOB NOTEBOOK,1.0971962616822428
21641,ASSORTED TUTTI FRUTTI KEYRING BALL,1.2257657657657657
21642,ASSORTED TUTTI FRUTTI PEN,0.8729347826086956
21643,ASSORTED TUTTI FRUTTI MIRROR,1.8514492753623188
21644,ASSORTED TUTTI FRUTTI HEART BOX,1.4345205479452054
21645,ASSORTED TUTTI FRUTTI ROUND BOX,1.839927536231884
21647,ASSORTED TUTTI FRUTTI LARGE PURSE,2.5566887417218545
21648,ASSORTED TUTTI FRUTTI SMALL PURSE,1.8135684647302903
21649,ASSORTED TUTTI FRUTTI PHOTO FRAME,3.322903225806452
21650,ASSORTED TUTTI FRUTTI BRACELET,0.6615311004784689
21651,HANGING GLASS ETCHED TEALIGHT,1.84456
21652,GLASS ETCHED T-LIGHT HOLDER MEDIUM,2.0934146341463413
21653,GLASS ETCHED T-LIGHT HOLDER LARGE,2.263247863247863
21654,RIDGED GLASS FINGER BOWL,1.2796385542168673
21655,HANGING RIDGE GLASS T-LIGHT HOLDER,1.9373684210526314
21656,RIDGED GLASS POSY VASE,2.0464539007092197
21657,MILK BOTTLE WITH GLASS STOPPER,8.473223140495868
21658,GLASS  BEURRE DISH,5.199053356282272
21659,GLASS CAKE STAND,17.037142857142857
21661,VINTAGE GLASS TEA CADDY,7.025339805825243
21662,VINTAGE GLASS COFFEE CADDY,7.368018018018018
21663,VINTAGE GLASS SUGAR CADDY,7.013076923076923
21664,RIDGED GLASS STORAGE JAR CREAM LID,4.232676056338028
21665,TRIANGULAR RIDGED GLASS POSY HOLDER,1.088974358974359
21666,RIDGED GLASS T-LIGHT HOLDER,0.8153409090909091
21667,GLASS CAKE COVER AND PLATE,18.774685714285713
21668,RED STRIPE CERAMIC DRAWER KNOB,1.6362958579881657
21669,BLUE STRIPE CERAMIC DRAWER KNOB,1.5643629807692307
21670,BLUE SPOT CERAMIC DRAWER KNOB,1.6353333333333333
21671,RED SPOT CERAMIC DRAWER KNOB,1.6051066666666665
21672,WHITE SPOT RED CERAMIC DRAWER KNOB,1.5939880239520958
21673,WHITE SPOT BLUE CERAMIC DRAWER KNOB,1.6300515463917526
21674,RIDGED GLASS PENDANT LAMPSHADE,16.505555555555553
21675,BUTTERFLIES STICKERS,1.0472222222222223
21676,FLOWERS  STICKERS,1.0138364779874214
21677,HEARTS  STICKERS,0.996950354609929
21678,PAISLEY PATTERN  STICKERS,0.97425
21679,SKULLS  STICKERS,1.0540425531914894
21680,WOODLAND  STICKERS,1.1399259259259258
21681,GIANT MEDINA STAMPED METAL BOWL,10.151341463414633
21682,LARGE MEDINA STAMPED METAL BOWL,5.276233766233767
21683,MEDIUM MEDINA STAMPED METAL BOWL,3.3062987012987013
21684,SMALL MEDINA STAMPED METAL BOWL,1.105140186915888
21685,MEDINA STAMPED METAL TRAY,14.949999999999998
21686,MEDINA STAMPED METAL STOOL,39.18971428571429
21687,SILVER PLATE CANDLE BOWL LARGE,4.638971962616822
21688,SILVER PLATE CANDLE BOWL SMALL,3.6033566433566433
21689,SILVER VANILLA  FLOWER CANDLE POT,4.104516129032258
21690,SILVER  CANDLEPOT JARDIN,3.9595454545454545
21691,SILVER VANILLA FLOWER CANDLE POT,3.9889873417721518
21692,SILVER LATTICE VANILLA CANDLE POT,4.020082644628099
21693,SMALL HAMMERED SILVER CANDLEPOT,3.3857500000000003
21694,SMALL REGAL  SILVER CANDLEPOT,3.2754285714285714
21695,SMALL SILVER FLOWER CANDLE POT,3.620970873786408
21696,SMALL SILVER TRELLIS CANDLEPOT,3.2461818181818187
21697,SET 5 MINI DOUGHNUT FRIDGE MAGNET,1.4914285714285713
21698,MOCK LOBSTER FRIDGE MAGNET,1.2316964285714285
21699,SET 5 MINI CHOCOLATE FRIDGE MAGNETS,1.2266666666666666
21700,BIG DOUGHNUT FRIDGE MAGNETS,3.213314606741573
21701,SET 6 MINI SUSHI SET FRIDGE MAGNETS,1.69
21702,SET 5 MINI GATEAUX  FRIDGE MAGNETS,1.3425
21703,BAG 125g SWIRLY MARBLES,0.49563139931740613
21704,BAG 250g SWIRLY MARBLES,0.9743029259896728
21705,BAG 500g SWIRLY MARBLES,1.8027896995708155
21706,"FOLDING UMBRELLA , RED/WHITE SPOT",5.187528957528957
21707,"FOLDING UMBRELLA , BLACK/BLUE  SPOT",4.954418604651163
21708,FOLDING UMBRELLA  CREAM/MULTI  SPOT,4.725984848484849
21709,FOLDING UMBRELLA  CHOC/WHITE  SPOT,5.148717948717948
21710,FOLDING UMBRELLA  PINK/WHITE  SPOT,4.934649122807018
21711,FOLDING UMBRELLA  WHITE/RED  SPOT,5.229154929577465
21713,CITRONELLA CANDLE FLOWERPOT,2.3628365384615386
21714,CITRONELLA CANDLE GARDEN POT,1.7458100558659218
21715,GIRLS VINTAGE TIN SEASIDE BUCKET,3.2537931034482757
21716,BOYS VINTAGE TIN SEASIDE BUCKET,3.333732534930139
21717,EASTER TIN BUCKET,2.9230337078651685
21718,RED METAL BEACH SPADE,1.6633684210526316
21719,LOVELY BONBON STICKER SHEET,1.0726573426573425
21720,CAKE SHOP  STICKER SHEET,1.0279646017699116
21721,CANDY SHOP  STICKER SHEET,1.1434013605442175
21722,SWEET PUDDING STICKER SHEET,1.1472839506172838
21723,ALPHABET HEARTS STICKER SHEET,1.0296323529411764
21724,PANDA AND BUNNIES STICKER SHEET,1.0134444444444444
21725,SWEETIES  STICKERS,1.1480571428571429
21726,MULTI HEARTS  STICKERS,0.9726415094339623
21728,METAL MEDINA LANTERN,13.664523809523809
21729,SMALL MARAKESH METAL  LANTERN,4.051290322580646
21730,GLASS STAR FROSTED T-LIGHT HOLDER,5.415817610062893
21731,RED TOADSTOOL LED NIGHT LIGHT,2.2279277566539926
21732,RED HANGING METAL STAR TLIGHT HLDR,3.8077419354838713
21733,RED HANGING HEART T-LIGHT HOLDER,3.0915371991247262
21734,SMALL MARAKESH LANTERN ON STICK,5.547878787878788
21735,TWO DOOR CURIO CABINET,14.975133333333334
21736,GOLD SCROLL GLASS T-LIGHT HOLDER,2.276206896551724
21737,SET 3 WICKER LOG BASKETS,19.868048780487804
21738,COSY SLIPPER SHOES SMALL  RED,3.4966423357664236
21739,COSY SLIPPER SHOES SMALL GREEN,3.05195530726257
21740,COSY SLIPPER SHOES LARGE RED,3.687910447761194
21741,COSY SLIPPER SHOES LARGE GREEN,3.8236269430051815
21742,LARGE ROUND WICKER PLATTER,6.052820512820513
21743,STAR PORTABLE TABLE LIGHT,3.537789473684211
21744,SNOWFLAKE PORTABLE TABLE LIGHT,3.178116591928251
21745,GAOLERS KEYS DECORATIVE GARDEN,3.952161616161616
21746,SMALL RED SPOT  WINDMILL,1.504891089108911
21747,SMALL SKULL WINDMILL,1.437452229299363
21749,LARGE RED SPOT WINDMILL,2.5296938775510203
21750,LARGE SKULL WINDMILL,2.423333333333334
21752,GLASS CAKE STAND MIRRORED BASE,17.33093023255814
21754,HOME BUILDING BLOCK WORD,6.581599430469862
21755,LOVE BUILDING BLOCK WORD,6.675482380127094
21756,BATH BUILDING BLOCK WORD,6.562470187393527
21757,LIGHTHOUSE PRINTED METAL SIGN,6.3058139534883715
21758,VINTAGE SHELLS PRINT,9.013417721518987
21759,METAL WALL SHELF UNIT WITH HOOKS,54.18692307692308
21760,FRENCH STYLE WALL DRESSER,118.0
21761,WOOD AND GLASS MEDICINE CABINET,29.59
21763,VINTAGE WOODEN BAR STOOL,27.95263157894737
21764,VINTAGE WOODEN PLATE RACK,39.53333333333334
21765,HANGING METAL BIRD BATH,9.01114864864865
21766,VINTAGE WOOD ORGANISER,16.95
21767,FRENCH STYLE WIRE DOOR CABINET,29.95
21768,WALL MOUNTED VINTAGE ORGANISER,17.992831325301204
21769,VINTAGE POST OFFICE CABINET,77.80538461538461
21770,OPEN CLOSED METAL SIGN,5.4316463414634155
21772,VINTAGE METAL CAKE STAND CREAM,12.75
21773,DECORATIVE ROSE BATHROOM BOTTLE,1.9099999999999997
21774,DECORATIVE CATS BATHROOM BOTTLE,2.0061725067385443
21775,DECORATIVE FLORE BATHROOM BOTTLE,2.0040714285714287
21777,RECIPE BOX WITH METAL HEART,9.070132625994695
21779,MA CAMPAGNE MINI WOODEN CHEST,4.6348
21780,MA CAMPAGNE 4 DRAWER WALL SHELF,10.9125
21781,MA CAMPAGNE CUTLERY BOX,16.44816062176166
21784,SHOE SHINE BOX,12.613770491803278
21785,RAIN PONCHO,0.9908910891089109
21786,RAIN HAT WITH RED SPOTS,0.62414686825054
21787,RAIN PONCHO WITH RED SPOTS,1.0345302713987474
21788,KIDS RAIN MAC BLUE,0.9078538812785388
21789,KIDS RAIN MAC PINK,0.9357522123893804
21790,VINTAGE SNAP CARDS,1.0073001038421598
21791,VINTAGE HEADS AND TAILS CARD GAME,1.4877611940298507
21792,CLASSIC FRENCH STYLE BASKET GREEN,5.981156462585034
21793,CLASSIC FRENCH STYLE BASKET BROWN,5.173203883495146
21794,CLASSIC FRENCH STYLE BASKET NATURAL,5.992295081967213
21795,SET OF 3 BLUE STRIPE BASKET,13.149135802469134
21796,SET OF 3 RED STRIPE BASKETS,12.662089552238806
21801,CHRISTMAS TREE DECORATION WITH BELL,0.45761538461538465
21802,CHRISTMAS TREE HEART DECORATION,0.4895398773006135
21803,CHRISTMAS TREE STAR DECORATION,0.4677089783281734
21804,WHITE CHRISTMAS GARLAND STARS TREES,3.8427272727272728
21805,WHITE CHRISTMAS TREE DECORATION,0.5065714285714286
21806,WHITE CHRISTMAS HEART DECORATION,0.4993939393939394
21807,WHITE CHRISTMAS STAR DECORATION,0.5114444444444445
21808,"CHRISTMAS GARLAND STARS,TREES",3.5899337748344373
21809,CHRISTMAS HANGING TREE WITH BELL,1.2378301886792453
21810,CHRISTMAS HANGING STAR WITH BELL,0.9664917127071824
21811,CHRISTMAS HANGING HEART WITH BELL,1.1528822055137844
21812,GARLAND WITH HEARTS AND BELLS,5.585428571428571
21813,GARLAND WITH STARS AND BELLS,5.4493684210526325
21814,HEART T-LIGHT HOLDER,1.8188888888888888
21815,STAR  T-LIGHT HOLDER,1.8469791666666666
21816,CHRISTMAS TREE T-LIGHT HOLDER,1.6946153846153846
21817,GLITTER CHRISTMAS TREE,0.733037037037037
21818,GLITTER CHRISTMAS HEART,0.721
21819,GLITTER CHRISTMAS STAR,0.7114396887159533
21820,GLITTER HEART GARLAND WITH BELLS,4.676951871657754
21821,GLITTER STAR GARLAND WITH BELLS,4.822848101265823
21822,GLITTER CHRISTMAS TREE WITH BELLS,1.5797986577181207
21823,PAINTED METAL HEART WITH HOLLY BELL,1.3130837004405287
21824,PAINTED METAL STAR WITH HOLLY BELLS,1.1243438914027148
21825,PAINTED METAL TREE WITH HOLLY BELLS,1.545679012345679
21826,EIGHT PIECE DINOSAUR SET,1.4559374999999999
21827,EIGHT PIECE CREEPY CRAWLIE SET,1.3640277777777776
21828,EIGHT PIECE SNAKE  SET,1.4790163934426228
21829,DINOSAUR KEYRINGS ASSORTED,0.26347721822541964
21830,ASSORTED CREEPY CRAWLIES,0.46076335877862595
21832,CHOCOLATE CALCULATOR,2.259381663113006
21833,CAMOUFLAGE LED TORCH,2.0406153846153847
21836,GINGHAM OVEN GLOVE RED HEART,4.3617647058823525
21837,CROSS STITCH ALPHABET CUSHION COVER,7.622608695652174
21838,DADDY MOUSE RED GINGHAM BOW TIE,5.45
21839,MUMMY MOUSE RED GINGHAM RIBBON,5.498452380952381
21841,BABY MOUSE RED GINGHAM DRESS,4.42037037037037
21842,PINK HEART CANDY BUTTON CALCULATOR,3.0110638297872336
21843,RETRO SPOT CAKE STAND,12.101959619952494
21844,RETRO SPOT MUG,3.2900191938579657
21845,DAIRY MAID STRIPE MUG,2.142721893491124
21846,PINK DIAMANTE PEN IN GIFT BOX,3.910074626865672
21847,GREEN  DIAMANTE PEN IN GIFT BOX,3.2625
21849,SILVER DIAMANTE PEN IN GIFT BOX,3.701824817518248
21850,BLUE  DIAMANTE PEN IN GIFT BOX,3.8953271028037384
21851,LILAC DIAMANTE PEN IN GIFT BOX,3.9557718120805365
21852,EMPIRE TEDDY,6.95
21853,GUMBALL CUSTOM CARS TOP TRUMPS GAME,5.133333333333333
21854,EURO FOOTBALL STARS TOP TRUMPS GAME,5.17
21857,STAR WARS TOP TRUMPS GAME,5.115
21858,HIGH SCHOOL MUSICAL 3 TOP TRUMPS,5.115
21860,DR WHO TOP TRUMPS GAME,5.17
21864,UNION JACK FLAG PASSPORT COVER,2.753253588516746
21865,PINK UNION JACK  PASSPORT COVER,2.6040863787375415
21866,UNION JACK FLAG LUGGAGE TAG,1.767062634989201
21867,PINK UNION JACK  LUGGAGE TAG,1.5381727574750832
21868,POTTING SHED TEA MUG,1.6049291166848418
21869,POTTING SHED COFFEE MUG,1.3447413793103449
21870,I CAN ONLY PLEASE ONE PERSON MUG,1.5285736196319017
21871,SAVE THE PLANET MUG,1.7195191122071516
21872,GLAMOROUS  MUG,1.5361721068249259
21873,IF YOU CAN'T STAND THE HEAT MUG,1.6617241379310344
21874,GIN AND TONIC MUG,1.8041653418124006
21875,KINGS CHOICE MUG,1.6905399061032862
21876,POTTERING MUG,1.9653281249999999
21877,HOME SWEET HOME MUG,1.5686923076923076
21878,PACK OF 6 SANDCASTLE FLAGS ASSORTED,1.0573365617433415
21879,HEARTS GIFT TAPE,0.7494771241830065
21880,RED AND WHITE SPOT TAPE,0.6523192771084337
21881,CUTE CATS TAPE,0.8329661016949151
21882,SKULLS TAPE,0.7752892561983471
21883,STARS GIFT TAPE,0.7342290748898678
21884,CAKES AND BOWS GIFT  TAPE,0.9903105590062111
21888,BINGO SET,4.590657108721625
21889,WOODEN BOX OF DOMINOES,1.5486580086580086
21890,S/6 WOODEN SKITTLES IN COTTON BAG,3.720178571428572
21891,TRADITIONAL WOODEN SKIPPING ROPE,1.5323967889908257
21892,TRADITIONAL WOODEN CATCH CUP GAME,1.5664823529411764
21893,POTTING SHED SEED TIN,5.4975000000000005
21894,POTTING SHED SEED ENVELOPES,1.7396787148594377
21895,POTTING SHED SOW 'N' GROW SET,4.846206896551724
21896,POTTING SHED TWINE,2.4816107382550334
21897,POTTING SHED CANDLE CITRONELLA,3.1041818181818184
21898,POTTING SHED ROSE CANDLE,3.0016239316239317
21899,"KEY FOB , GARAGE DESIGN",0.8089622641509434
21900,"KEY FOB , SHED",0.8645005875440658
21901,"KEY FOB , BACK DOOR",0.808370786516854
21902,"KEY FOB , FRONT  DOOR",0.7787854251012146
21903,MAN FLU METAL SIGN,2.4322871046228713
21904,HOUSE WRECKING METAL SIGN,2.0886486486486486
21905,MORE BUTTER METAL SIGN,1.691509433962264
21906,PHARMACIE FIRST AID TIN,8.352850574712644
21907,I'M ON HOLIDAY METAL SIGN,2.2827784891165175
21908,CHOCOLATE THIS WAY METAL SIGN,2.458753799392097
21910,WAY OUT METAL SIGN,1.7615315315315316
21911,GARDEN METAL SIGN,2.0434104046242774
21912,VINTAGE SNAKES & LADDERS,4.676002400960384
21913,VINTAGE SEASIDE JIGSAW PUZZLES,4.3426490066225165
21914,BLUE HARMONICA IN BOX,1.4475229357798165
21915,RED  HARMONICA IN BOX,1.396902485659656
21916,SET 12 RETRO WHITE CHALK STICKS,0.5167397260273973
21917,SET 12 KIDS  WHITE CHALK STICKS,0.4958909853249476
21918,SET 12 KIDS COLOUR  CHALK STICKS,0.5211442786069652
21919,Electronic Talking Breath-A-Loser,5.081999999999999
21922,UNION STRIPE WITH FRINGE  HAMMOCK,8.840837563451776
21923,RED/CREAM STRIPE FRINGE HAMMOCK,8.573884297520662
21924,BLUE/CREAM STRIPE FRINGE HAMMOCK,8.598897637795275
21925,UNION STRIPE CUSHION COVER,1.5681034482758622
21926,RED/CREAM STRIPE CUSHION COVER,1.5892
21927,BLUE/CREAM STRIPE CUSHION COVER,1.6621951219512194
21928,JUMBO BAG SCANDINAVIAN PAISLEY,2.4668063492063492
21929,JUMBO BAG PINK VINTAGE PAISLEY,2.495326876513317
21930,JUMBO STORAGE BAG SKULLS,2.525874906924795
21931,JUMBO STORAGE BAG SUKI,2.525062866722548
21932,SCANDINAVIAN PAISLEY PICNIC BAG,2.4264079147640794
21933,PINK VINTAGE PAISLEY PICNIC BAG,2.4370422535211267
21934,SKULL SHOULDER BAG,2.1951577503429354
21935,SUKI  SHOULDER BAG,2.307570194384449
21936,RED/WHITE SPOT PICNIC BAG,3.6132806691449817
21937,STRAWBERRY   PICNIC BAG,3.5897185185185183
21942,SKULLS DESIGN FLANNEL,1.2500448430493274
21943,CAKES AND RABBITS DESIGN FLANNEL,1.1034228187919464
21944,KITTENS DESIGN FLANNEL,1.149126213592233
21945,STRAWBERRIES  DESIGN FLANNEL,1.2548559670781894
21946,PARTY TIME DESIGN FLANNEL,0.9995522388059701
21947,SET OF 6 HEART CHOPSTICKS,1.7194078947368419
21948,SET OF 6 CAKE CHOPSTICKS,1.8755762081784386
21949,SET OF 6 STRAWBERRY CHOPSTICKS,1.764870848708487
21950,SET OF 6 DOTS CHOPSTICKS,2.275
21955,UNION JACK GUNS & ROSES  DOORMAT,8.577997293640054
21967,PACK OF 12 SKULL TISSUES,0.41983471074380163
21972,SET OF 36 DINOSAUR PAPER DOILIES,1.6422543352601158
21973,SET OF 36 MUSHROOM PAPER DOILIES,1.792358490566038
21974,SET OF 36 PAISLEY FLOWER DOILIES,1.9820341047503045
21975,PACK OF 60 DINOSAUR CAKE CASES,0.6297449362340586
21976,PACK OF 60 MUSHROOM CAKE CASES,0.769453044375645
21977,PACK OF 60 PINK PAISLEY CAKE CASES,0.7103388998035364
21980,PACK OF 12 RED SPOTTY TISSUES,0.38533527696793
21981,PACK OF 12 WOODLAND TISSUES,0.4647879858657244
21982,PACK OF 12 SUKI TISSUES,0.4505722070844686
21983,PACK OF 12 BLUE PAISLEY TISSUES,0.41534954407294833
21984,PACK OF 12 PINK PAISLEY TISSUES,0.40988738738738734
21985,PACK OF 12 HEARTS DESIGN TISSUES,0.4078181818181818
21986,PACK OF 12 PINK SPOT TISSUES,0.41267932489451475
21987,PACK OF 6 SKULL PAPER CUPS,0.7294206549118387
21988,PACK OF 6 SKULL PAPER PLATES,0.9505411764705881
21989,PACK OF 20 SKULL PAPER NAPKINS,1.0788421052631578
21990,MODERN FLORAL STATIONERY SET,2.263792415169661
21991,BOHEMIAN COLLAGE STATIONERY SET,2.238532423208191
21992,VINTAGE PAISLEY STATIONERY SET,2.417405731523379
21993,FLORAL FOLK STATIONERY SET,2.2595869191049913
22003,VINTAGE BLUE VACUUM FLASK 0.5L,6.75
22016,Dotcomgiftshop Gift Voucher £100.00,83.33
22021,BLUE FELT EASTER EGG BASKET,1.7885355648535564
22023,EMPIRE BIRTHDAY CARD,0.5299768518518518
22024,RAINY LADIES BIRTHDAY CARD,0.5569909502262443
22025,RING OF ROSES BIRTHDAY CARD,0.5367241379310345
22026,BANQUET BIRTHDAY  CARD,0.5345231607629427
22027,TEA PARTY BIRTHDAY CARD,0.5215690866510538
22028,PENNY FARTHING BIRTHDAY CARD,0.5307450980392157
22029,SPACE BOY BIRTHDAY CARD,0.508119349005425
22030,SWALLOWS GREETING CARD,0.46454022988505744
22031,BOTANICAL LAVENDER BIRTHDAY CARD,0.5165034965034965
22032,BOTANICAL LILY GREETING CARD,0.46522522522522525
22033,BOTANICAL ROSE GREETING CARD,0.481640625
22034,ROBIN CHRISTMAS CARD,0.4505208333333333
22035,VINTAGE CARAVAN GREETING CARD,0.5533884297520661
22036,DINOSAUR BIRTHDAY CARD,0.4962773722627737
22037,ROBOT BIRTHDAY CARD,0.5215880503144653
22038,BOTANICAL LAVENDER GIFT WRAP,0.4182222222222222
22039,BOTANICAL LILY GIFT WRAP,0.4148387096774193
22040,BOTANICAL ROSE GIFT WRAP,0.41659574468085103
22041,"RECORD FRAME 7"" SINGLE SIZE",3.545557522123894
22042,CHRISTMAS CARD SINGING ANGEL,0.4070992366412214
22043,CHRISTMAS CARD SCREEN PRINT,0.33385826771653543
22044,CHRISTMAS CARD STACK OF PRESENTS,0.3262637362637362
22045,SPACE BOY GIFT WRAP,0.41891213389121335
22046,TEA PARTY  WRAPPING PAPER,0.41847619047619045
22047,EMPIRE GIFT WRAP,0.4176515151515151
22048,BIRTHDAY BANQUET GIFT WRAP,0.4192233009708738
22049,WRAP CHRISTMAS SCREEN PRINT,0.2970689655172414
22050,PINK PAISLEY ROSE GIFT WRAP,0.4186324786324786
22051,BLUE SCANDINAVIAN PAISLEY WRAP,0.4193103448275862
22052,VINTAGE CARAVAN GIFT WRAP,0.41815384615384615
22053,EMPIRE DESIGN ROSETTE,1.5025842696629212
22054,MINI CAKE STAND HANGING HEARTS,2.1290243902439023
22055,MINI CAKE STAND  HANGING STRAWBERY,2.149634464751958
22056,CERAMIC PLATE LOVE HEART DESIGN,1.9305714285714284
22057,CERAMIC PLATE STRAWBERRY DESIGN,2.023579335793358
22058,CERAMIC LOVE HEARTS DESIGN MUG,1.65858407079646
22059,CERAMIC STRWBERRY DESIGN MUG,1.760983935742972
22060,LARGE CAKE STAND HANGING HEARTS,9.769190751445086
22061,LARGE CAKE STAND  HANGING STRAWBERY,11.051435897435898
22062,CERAMIC BOWL WITH LOVE HEART DESIGN,2.3905223880597015
22063,CERAMIC BOWL WITH STRAWBERRY DESIGN,3.625493333333333
22064,PINK DOUGHNUT TRINKET POT,2.114979865771812
22065,CHRISTMAS PUDDING TRINKET POT,1.4163711340206184
22066,LOVE HEART TRINKET POT,1.1517605633802819
22067,CHOC TRUFFLE GOLD TRINKET POT,2.0753007518796993
22068,BLACK PIRATE TREASURE CHEST,2.2439501779359428
22069,BROWN  PIRATE TREASURE CHEST,2.9639405204460965
22070,SMALL RETRO SPOT MUG IN BOX  RED,4.011845238095238
22071,SMALL RETRO SPOT MUG IN BOX  WHITE,3.8322962962962963
22072,TEA CUP AND SAUCER RETRO SPOT,4.399381818181818
22073,RETRO SPOT STORAGE JAR,4.572660194174757
22074,6 RIBBONS SHIMMERING PINKS,1.5200342465753423
22075,6 RIBBONS ELEGANT CHRISTMAS,1.8109890109890108
22076,6 RIBBONS EMPIRE,1.7291556728232191
22077,6 RIBBONS RUSTIC CHARM,2.1067186629526464
22078,RIBBON REEL LACE DESIGN,2.4944897959183674
22079,RIBBON REEL HEARTS DESIGN,1.9327625899280576
22080,RIBBON REEL SPOTS DESIGN,1.9196015180265655
22081,RIBBON REEL FLORA + FAUNA,2.177394136807817
22082,RIBBON REEL STRIPES DESIGN,1.8910918367346938
22083,PAPER CHAIN KIT RETRO SPOT,3.610407876230661
22084,PAPER CHAIN KIT EMPIRE,3.270981818181818
22085,PAPER CHAIN KIT SKULLS,3.1808510638297873
22086,PAPER CHAIN KIT 50'S CHRISTMAS,3.3647600767754318
22087,PAPER BUNTING WHITE LACE,3.475148401826484
22088,PAPER BUNTING COLOURED LACE,3.5147385103011097
22089,PAPER BUNTING VINTAGE PAISLEY,3.3815275310834814
22090,PAPER BUNTING RETRO SPOTS,3.6685450346420323
22091,EMPIRE TISSUE BOX,1.259969512195122
22092,BLUE PAISLEY TISSUE BOX,0.8154285714285714
22093,MOTORING TISSUE BOX,0.9611071428571429
22094,RED POLKA DOT TISSUE BOX,1.2993999999999999
22095,LADS ONLY TISSUE BOX,1.3840133779264214
22096,PINK PAISLEY SQUARE TISSUE BOX,0.9144385026737968
22097,SWALLOW SQUARE TISSUE BOX,0.9850592885375494
22098,BOUDOIR SQUARE TISSUE BOX,1.2350613496932514
22099,CARAVAN SQUARE TISSUE BOX,1.2786798679867988
22100,SKULLS SQUARE TISSUE BOX,1.46125
22101,MIRROR MOSAIC VOTIVE HOLDER,2.310084033613445
22102,MIRROR MOSAIC T-LIGHT HOLDER,1.96327868852459
22103,MIRROR MOSAIC T-LIGHT HOLDER ROUND,2.0046666666666666
22104,MIRROR MOSAIC CANDLE PLATE,1.5765656565656565
22105,MIRROR MOSAIC GOBLET CANDLE HOLDER,4.193103448275862
22106,MIRROR MOSAIC HURRICANE LAMP,5.434444444444445
22107,PIZZA PLATE IN BOX,4.602493506493507
22108,PING! MICROWAVE PLATE,3.5451162790697675
22109,FULL ENGLISH BREAKFAST PLATE,5.09263868065967
22110,BIRD HOUSE HOT WATER BOTTLE,3.8390684410646387
22111,SCOTTIE DOG HOT WATER BOTTLE,5.724730195177957
22112,CHOCOLATE HOT WATER BOTTLE,5.841296928327645
22113,GREY HEART HOT WATER BOTTLE,4.197131782945736
22114,HOT WATER BOTTLE TEA AND SYMPATHY,4.7669503105590065
22115,METAL SIGN EMPIRE TEA,3.274166666666667
22116,METAL SIGN HIS DINNER IS SERVED,1.82315
22117,METAL SIGN HER DINNER IS SERVED,3.05995670995671
22118,JOY WOODEN BLOCK LETTERS,5.4000719424460435
22119,PEACE WOODEN BLOCK LETTERS,6.812307692307692
22120,WELCOME  WOODEN BLOCK LETTERS,11.257700534759358
22121,NOEL WOODEN BLOCK LETTERS,6.637852348993288
22122,SET OF 2 FANCY FONT TEA TOWELS,3.4707142857142856
22123,PING MICROWAVE APRON,3.7597041420118344
22124,SET OF 2 TEA TOWELS PING MICROWAVE,2.7221969696969697
22125,UNION JACK HOT WATER BOTTLE,6.823437500000001
22127,PARTY CONES CARNIVAL ASSORTED,1.7975
22128,PARTY CONES CANDY ASSORTED,1.5310499999999998
22129,PARTY CONES CANDY TREE DECORATION,1.6295454545454546
22130,PARTY CONE CHRISTMAS DECORATION,1.7826363636363636
22131,FOOD CONTAINER SET 3 LOVE HEART,2.5472447552447552
22132,RED LOVE HEART SHAPE CUP,1.1484871794871794
22133,PINK LOVE HEART SHAPE CUP,1.2319148936170212
22134,LADLE LOVE HEART RED,0.6368666666666667
22135,LADLE LOVE HEART PINK,0.6744514106583073
22136,LOVE HEART SOCK HANGER,2.0842490842490844
22137,BATHROOM SET LOVE HEART DESIGN,3.586444444444445
22138,BAKING SET 9 PIECE RETROSPOT,5.319245901639344
22139,RETRO SPOT TEA SET CERAMIC 11 PC,5.562544103992572
22141,CHRISTMAS CRAFT TREE TOP ANGEL,2.5921672354948804
22142,CHRISTMAS CRAFT WHITE FAIRY,1.7234615384615384
22143,CHRISTMAS CRAFT HEART DECORATIONS,2.566712328767123
22144,CHRISTMAS CRAFT LITTLE FRIENDS,2.5899861303744802
22145,CHRISTMAS CRAFT HEART STOCKING,2.365960591133005
22146,EASTER CRAFT IVY WREATH WITH CHICK,2.00027027027027
22147,FELTCRAFT BUTTERFLY HEARTS,1.6161486486486487
22148,EASTER CRAFT 4 CHICKS,2.3067202572347267
22149,FELTCRAFT 6 FLOWER FRIENDS,2.3777886634009797
22150,3 STRIPEY MICE FELTCRAFT,2.1930020703933746
22151,PLACE SETTING WHITE HEART,0.5354912516823688
22152,PLACE SETTING WHITE STAR,0.5164426877470356
22153,ANGEL DECORATION STARS ON DRESS,0.5455704697986576
22154,ANGEL DECORATION 3 BUTTONS,0.5297084548104957
22155,STAR DECORATION RUSTIC,0.5603910614525139
22156,HEART DECORATION WITH PEARLS,1.0662479871175523
22157,ANGEL DECORATION WITH LACE PADDED,0.8936153846153846
22158,3 HEARTS HANGING DECORATION RUSTIC,3.215863453815261
22161,HEART DECORATION RUSTIC HANGING,0.6982941176470588
22162,HEART GARLAND RUSTIC PADDED,3.3788805970149256
22163,HEART STRING MEMO HOLDER HANGING,2.3207729468599037
22164,STRING OF STARS CARD HOLDER,3.3384000000000005
22165,"DIAMANTE HEART SHAPED WALL MIRROR,",12.822277580071175
22166,"WALL MIRROR , RECT DIAMANTE, PINK/",11.98890909090909
22167,"WALL MIRROR , DIAMANTE OVAL SHAPE",11.244874999999999
22168,"ORGANISER WOOD, ANTIQUE WHITE",8.501982507288629
22169,FAMILY ALBUM WHITE PICTURE FRAME,9.716317934782609
22170,PICTURE FRAME WOOD TRIPLE PORTRAIT,7.388903654485049
22171,3 HOOK PHOTO SHELF ANTIQUE WHITE,9.736349206349207
22172,METAL SHELF WITH RAIL,9.55657894736842
22173,METAL 4 HOOK HANGER FRENCH CHATEAU,3.7188779527559057
22174,PHOTO CUBE,2.517636684303351
22175,PINK OWL SOFT TOY,3.4144293478260868
22176,BLUE OWL SOFT TOY,3.3538257575757577
22177,5 HOOK BLACKBOARD ORGANISER,11.727703703703703
22178,VICTORIAN GLASS HANGING T-LIGHT,1.571703821656051
22179,SET 10 LIGHTS NIGHT OWL,8.406379310344827
22180,RETRO SPOT LAMP,11.182068181818181
22181,SNOWSTORM PHOTO FRAME FRIDGE MAGNET,1.015486111111111
22182,CAKE STAND VICTORIAN FILIGREE SMALL,4.5689714285714285
22183,CAKE STAND VICTORIAN FILIGREE MED,6.304186046511628
22184,CAKE STAND VICTORIAN FILIGREE LARGE,9.089113924050633
22185,SLATE TILE NATURAL HANGING,1.922446808510638
22186,RED STAR CARD HOLDER,3.227118644067797
22187,GREEN CHRISTMAS TREE CARD HOLDER,4.342894736842105
22188,BLACK HEART CARD HOLDER,4.4532105263157895
22189,CREAM HEART CARD HOLDER,4.427996965098634
22190,LOCAL CAFE MUG,2.3604065040650406
22191,EAU DE NIL DINER WALL CLOCK,8.715736434108527
22192,BLUE DINER WALL CLOCK,8.887035714285714
22193,RED DINER WALL CLOCK,9.190929133858267
22194,BLACK DINER WALL CLOCK,9.167757575757577
22195,HEART MEASURING SPOONS LARGE,2.243763570566948
22196,SMALL HEART MEASURING SPOONS,1.1748031496062992
22197,"POPCORN HOLDER , SMALL",1.025114006514658
22198,"POPCORN HOLDER , LARGE",2.0275977653631285
22199,FRYING PAN RED POLKADOT,5.1685956416464895
22200,FRYING PAN PINK POLKADOT,5.602417582417583
22201,FRYING PAN BLUE POLKADOT,4.550059523809524
22202,MILK PAN PINK RETROSPOT,5.184657039711191
22203,MILK PAN RED RETROSPOT,4.6138765432098765
22204,MILK PAN BLUE RETROSPOT,4.193828571428571
22206,"MUG , DOTCOMGIFTSHOP.COM",0.842
22207,FRYING PAN UNION FLAG,5.527736625514403
22208,WOOD STAMP SET THANK YOU,1.5558558558558557
22209,WOOD STAMP SET HAPPY BIRTHDAY,1.4158396946564884
22210,WOOD STAMP SET BEST WISHES,1.3816778523489934
22211,WOOD STAMP SET FLOWERS,1.5168561872909698
22212,FOUR HOOK  WHITE LOVEBIRDS,2.6115087719298247
22214,CANDLE PLATE LACE WHITE,2.7232608695652174
22215,CAKE STAND WHITE TWO TIER LACE,8.98146529562982
22216,T-LIGHT HOLDER WHITE LACE,1.0694262295081967
22217,T-LIGHT HOLDER HANGING LACE,1.4037899543378995
22218,CAKE STAND LACE WHITE,5.343188405797101
22219,LOVEBIRD HANGING DECORATION WHITE,1.1333758503401359
22220,CAKE STAND LOVEBIRD 2 TIER WHITE,10.334848484848484
22221,CAKE STAND LOVEBIRD 2 TIER PINK,10.5444578313253
22222,CAKE PLATE LOVEBIRD WHITE,5.625837438423646
22223,CAKE PLATE LOVEBIRD PINK,5.407752808988764
22224,WHITE LOVEBIRD LANTERN,3.606048780487805
22227,"DECORATION, HANGING HEART+MIRROR",0.8892089552238805
22228,BUNNY WOODEN PAINTED WITH BIRD,1.0114035087719297
22229,BUNNY WOODEN PAINTED WITH FLOWER,1.0133163265306122
22230,JIGSAW TREE WITH WATERING CAN,0.940735294117647
22231,JIGSAW TREE WITH BIRDHOUSE,1.5429467084639499
22232,3 PIECE JIGSAW TOADSTOOLS,1.5453614457831324
22233,JIGSAW RABBIT AND BIRDHOUSE,1.5122159090909089
22236,CAKE STAND 3 TIER MAGIC GARDEN,13.297970085470086
22241,"GARLAND , WOODEN  "" HAPPY EASTER""",1.5824793388429752
22242,"HOOK, 5 HANGER , MAGIC TOADSTOOL",1.9095263157894737
22243,"HOOK, 5 HANGER ,MAGIC TOADSTOOL RED",1.8959168704156477
22244,"HOOK, 3 HANGER ,MAGIC GARDEN",2.6664429530201343
22245,"HOOK, 1 HANGER ,MAGIC GARDEN",1.1059999999999999
22246,"GARLAND, MAGIC GARDEN 1.8M",2.6945263157894734
22247,BUNNY DECORATION MAGIC GARDEN,1.044255319148936
22248,DECORATION  PINK CHICK MAGIC GARDEN,1.067252747252747
22249,DECORATION WHITE CHICK MAGIC GARDEN,1.038313253012048
22250,DECORATION  BUTTERFLY  MAGIC GARDEN,1.1340151515151515
22251,BIRDHOUSE DECORATION MAGIC GARDEN,1.5584918032786885
22252,BIRDCAGE DECORATION MAGIC GARDEN,1.284406779661017
22253,6 CROCHET STRAWBERRIES,1.4741573033707864
22254,FELT TOADSTOOL LARGE,1.5087261146496815
22255,FELT TOADSTOOL  SMALL,1.1360666666666666
22256,FELT FARM ANIMAL CHICKEN,1.568780487804878
22257,FELT FARM ANIMAL SHEEP,1.2448333333333332
22258,FELT FARM ANIMAL RABBIT,1.4551470588235293
22259,FELT FARM ANIMAL HEN,1.2965333333333333
22260,FELT EGG COSY BLUE RABBIT,1.2815725806451612
22261,FELT EGG COSY WHITE RABBIT,1.1494509803921569
22262,FELT EGG COSY CHICKEN,1.147857142857143
22263,FELT EGG COSY LADYBIRD,1.1646296296296297
22264,FELT FARM ANIMAL WHITE BUNNY,1.0628235294117647
22265,EASTER DECORATION NATURAL CHICK,0.764406779661017
22266,EASTER DECORATION HANGING BUNNY,0.6848255813953489
22267,EASTER DECORATION EGG BUNNY,1.1753278688524589
22268,EASTER DECORATION SITTING BUNNY,0.8303571428571429
22269,EGG CUP NATURAL CHICKEN,1.2097685185185185
22270,HAPPY EASTER HANGING DECORATION,4.221939393939394
22271,FELTCRAFT DOLL ROSIE,3.2678651685393256
22272,FELTCRAFT DOLL MARIA,3.1592459016393444
22273,FELTCRAFT DOLL MOLLY,3.295090470446321
22274,FELTCRAFT DOLL EMILY,3.261629297458894
22275,WEEKEND BAG VINTAGE ROSE PAISLEY,8.880866873065015
22276,WASH BAG VINTAGE ROSE PAISLEY,3.007315789473684
22277,COSMETIC BAG VINTAGE ROSE PAISLEY,2.4723228346456696
22278,OVERNIGHT BAG VINTAGE ROSE PAISLEY,6.732875
22279,POCKET BAG BLUE PAISLEY RED SPOT,1.6218721461187215
22280,POCKET BAG PINK PAISELY BROWN SPOT,1.5551234567901235
22281,EASTER TREE YELLOW BIRDS,8.079736842105264
22282,12 EGG HOUSE PAINTED WOOD,16.801146788990827
22283,6 EGG HOUSE PAINTED WOOD,9.574370179948586
22284,HEN HOUSE DECORATION,1.9948543689320388
22285,"DECORATION HEN ON NEST, HANGING",1.931259259259259
22286,"DECORATION , WOBBLY RABBIT , METAL",1.7414871794871793
22287,"DECORATION , WOBBLY CHICKEN, METAL",1.6671311475409836
22288,"DECORATION , HANGING METAL RABBIT",1.5634400000000002
22289,"DECORATION , HANGING METAL CHICKEN",1.5467948717948716
22290,STANDING METAL RABBIT WITH EGG,2.353
22291,"SPRING DEC , HANGING CHICK CREAM",1.6425461254612546
22292,"SPRING DEC , HANGING CHICK  YELLOW",1.6005701754385966
22293,"SPRING DEC , HANGING CHICK  GREEN",1.794025974025974
22294,HEART FILIGREE DOVE  SMALL,1.4536182019977804
22295,HEART FILIGREE DOVE LARGE,1.8300137362637363
22296,HEART IVORY TRELLIS LARGE,1.8142123687281213
22297,HEART IVORY TRELLIS SMALL,1.6464422110552763
22299,PIG KEYRING WITH LIGHT & SOUND,1.6200483091787439
22300,COFFEE MUG DOG + BALL DESIGN,2.994363636363636
22301,COFFEE MUG CAT + BIRD DESIGN,3.150789865871833
22302,COFFEE MUG PEARS  DESIGN,2.718997555012225
22303,COFFEE MUG APPLES DESIGN,2.7149295774647886
22304,COFFEE MUG BLUE PAISLEY DESIGN,2.844360465116279
22305,COFFEE MUG PINK PAISLEY DESIGN,2.7893959731543623
22306,SILVER MUG BONE CHINA TREE OF LIFE,2.007751479289941
22307,GOLD MUG BONE CHINA TREE OF LIFE,2.2925396825396827
22308,TEA COSY BLUE STRIPE,3.91287037037037
22309,TEA COSY RED  STRIPE,3.439851301115241
22310,KNITTED MUG COSY IVORY COLOUR,2.505
22311,OFFICE MUG WARMER BLACK+SILVER,4.5386274509803926
22312,OFFICE MUG WARMER POLKADOT,4.282618181818182
22313,OFFICE MUG WARMER PINK,4.266028368794326
22314,OFFICE MUG WARMER CHOC+BLUE,4.338125
22315,200 RED + WHITE BENDY STRAWS,1.447544757033248
22316,200 BENDY SKULL STRAWS,1.4016666666666666
22317,FIVE CATS HANGING DECORATION,3.675357142857143
22318,FIVE HEART HANGING DECORATION,3.6660250000000003
22319,HAIRCLIPS FORTIES FABRIC ASSORTED,0.8012087912087912
22320,BIRDS MOBILE VINTAGE DESIGN,6.189052631578948
22321,BIRD DECORATION RED SPOT,1.2273202614379084
22322,BIRD DECORATION GREEN  SPOT,1.2247636363636363
22323,PINK POLKADOT KIDS BAG,3.15
22324,BLUE POLKADOT KIDS BAG,3.3134415584415584
22325,MOBILE VINTAGE HEARTS,5.0022821576763485
22326,"ROUND SNACK BOXES ,SET4, WOODLAND",3.4210504201680676
22327,ROUND SNACK BOXES SET OF 4 SKULLS,3.7880000000000003
22328,"ROUND SNACK BOXES ,SET 4, FRUITS",3.1869630872483223
22329,ROUND CONTAINER SET OF 5 RETROSPOT,2.0766936790923824
22330,72 ROUND PINK DOILIES,1.8517391304347826
22331,WOODLAND PARTY BAG + STICKER SET,1.9720535714285714
22332,SKULLS PARTY BAG + STICKER SET,1.819309462915601
22333,RETRO SPORT PARTY BAG + STICKER SET,1.8533839779005523
22334,DINOSAUR PARTY BAG + STICKER SET,1.7387084870848708
22335,HEART DECORATION PAINTED ZINC,0.8446542056074766
22336,DOVE DECORATION PAINTED ZINC,0.7330941704035875
22337,ANGEL DECORATION PAINTED ZINC,0.7340939597315437
22338,STAR DECORATION PAINTED ZINC,0.5546014492753623
22339,CHRISTMAS TREE PAINTED ZINC,0.5734177215189874
22340,NOEL GARLAND PAINTED ZINC,1.2456989247311827
22341,LOVE GARLAND PAINTED ZINC,2.332828685258964
22342,HOME GARLAND PAINTED ZINC,2.025677966101695
22343,PARTY PIZZA DISH RED WHITE SPOT,0.8278947368421051
22344,PARTY PIZZA DISH PINK+WHITE SPOT,0.8374436090225563
22345,PARTY PIZZA DISH BLUE+WHITE SPOT,0.8038931297709924
22346,PARTY PIZZA DISH GREEN+WHITE SPOT,0.8138461538461539
22347,PIZZA SLICE DISH,1.6625217391304348
22348,TEA BAG PLATE RED SPOTTY,1.0696212896622312
22349,"DOG BOWL , CHASING BALL DESIGN",4.137282321899736
22350,CAT BOWL,3.074642857142857
22351,DOTCOMGIFTSHOP TEA TOWEL,2.766666666666667
22352,LUNCHBOX WITH CUTLERY RETROSPOT,3.1244385964912276
22353,LUNCHBOX WITH CUTLERY FAIRY CAKES,3.140257936507936
22354,RETRO SPOT PADDED SEAT CUSHION,4.2413684210526315
22355,"CHARLOTTE BAG , SUKI DESIGN",1.1551093662366798
22356,"CHARLOTTE BAG , PINK/WHITE SPOTS",1.1520664206642066
22357,KINGS CHOICE BISCUIT TIN,5.089854166666667
22358,KINGS CHOICE TEA CADDY,3.8530497592295347
22359,GLASS JAR KINGS CHOICE,3.5806481481481485
22360,"GLASS JAR, ENGLISH CONFECTIONERY",3.7016309012875537
22361,GLASS JAR DAISY FRESH COTTON WOOL,4.189943074003795
22362,GLASS JAR PEACOCK BATH SALTS,3.7802255639097746
22363,GLASS JAR MARMALADE,3.5910810810810814
22364,GLASS JAR DIGESTIVE BISCUITS,3.840592991913747
22365,DOORMAT RESPECTABLE HOUSE,8.916067415730337
22366,DOORMAT AIRMAIL,9.046293706293707
22367,CHILDS APRON SPACEBOY DESIGN,2.248730834752981
22371,AIRLINE BAG VINTAGE TOKYO 78,5.343771428571428
22372,AIRLINE BAG VINTAGE WORLD CHAMPION,5.334295532646048
22374,AIRLINE BAG VINTAGE JET SET RED,5.324816513761467
22375,AIRLINE BAG VINTAGE JET SET BROWN,5.487386759581881
22376,AIRLINE BAG VINTAGE JET SET WHITE,5.216546184738956
22377,BOTTLE BAG RETROSPOT,2.4675963718820864
22378,WALL TIDY RETROSPOT,2.855732368896926
22379,RECYCLING BAG RETROSPOT,2.895581395348837
22380,TOY TIDY SPACEBOY,2.4606160458452724
22381,TOY TIDY PINK RETROSPOT,2.7217305976806423
22382,LUNCHBAG SPACEBOY DESIGN,1.8933424532603738
22383,LUNCHBAG SUKI  DESIGN,2.0706523500810374
22384,LUNCHBAG PINK RETROSPOT,1.9395167970547629
22385,JUMBO BAG SPACEBOY DESIGN,2.434870180959874
22386,JUMBO BAG PINK WITH WHITE SPOTS,2.40821272885789
22389,PAPERWEIGHT SAVE THE PLANET,2.5370967741935484
22390,PAPERWEIGHT CHILDHOOD MEMORIES,2.6522891566265057
22391,PAPERWEIGHT HOME SWEET HOME,2.8237878787878787
22393,PAPERWEIGHT VINTAGE COLLAGE,2.8598373983739838
22394,PAPERWEIGHT KINGS CHOICE,2.541071428571428
22395,PAPERWEIGHT VINTAGE PAISLEY,3.0911320754716978
22396,MAGNETS PACK OF 4 RETRO PHOTO,0.9241176470588235
22398,MAGNETS PACK OF 4 SWALLOWS,1.017072072072072
22399,MAGNETS PACK OF 4 CHILDHOOD MEMORY,1.3051957295373666
22400,MAGNETS PACK OF 4 HOME SWEET HOME,0.8931799163179917
22402,MAGNETS PACK OF 4 VINTAGE COLLAGE,0.9259533073929961
22403,MAGNETS PACK OF 4 VINTAGE LABELS,1.1064485981308412
22405,MONEY BOX POCKET MONEY DESIGN,1.3480269058295964
22406,MONEY BOX KINGS CHOICE DESIGN,1.46
22407,MONEY BOX FIRST ADE DESIGN,1.3843421052631577
22408,MONEY BOX CONFECTIONERY DESIGN,1.4585714285714286
22409,MONEY BOX BISCUITS DESIGN,1.5412280701754386
22410,MONEY BOX HOUSEKEEPING DESIGN,1.392361809045226
22411,JUMBO SHOPPER VINTAGE RED PAISLEY,2.445329448677723
22412,METAL SIGN NEIGHBOURHOOD WITCH,2.57007371007371
22413,METAL SIGN TAKE IT OR LEAVE IT,3.2947874720357944
22414,DOORMAT NEIGHBOURHOOD WITCH,9.43481981981982
22415,WHITE TISSUE REAM,7.95
22416,36 DOILIES SPACEBOY DESIGN,1.5757627118644066
22417,PACK OF 60 SPACEBOY CAKE CASES,0.7093982300884956
22418,10 COLOUR SPACEBOY PEN,1.0126666666666666
22419,LIPSTICK PEN RED,0.5975525812619502
22420,LIPSTICK PEN BABY PINK,0.5848547717842323
22421,LIPSTICK PEN FUSCHIA,0.5874346793349169
22422,TOOTHPASTE TUBE PEN,0.9870555555555557
22423,REGENCY CAKESTAND 3 TIER,14.02057795385691
22424,ENAMEL BREAD BIN CREAM,15.291187989556136
22425,ENAMEL COLLANDER CREAM,5.592964169381108
22426,ENAMEL WASH BOWL CREAM,4.690892388451443
22427,ENAMEL FLOWER JUG CREAM,6.514355231143552
22428,ENAMEL FIRE BUCKET CREAM,7.928693467336683
22429,ENAMEL MEASURING JUG CREAM,4.804206471494607
22430,ENAMEL WATERING CAN CREAM,5.581471389645777
22431,WATERING CAN BLUE ELEPHANT,2.3563216560509552
22432,WATERING CAN PINK BUNNY,2.271491395793499
22433,WATERING CAN GREEN DINOSAUR,2.262027972027972
22434,BALLOON PUMP WITH 10 BALLOONS,2.03878892733564
22435,SET OF 9 HEART SHAPED BALLOONS,1.4254990925589837
22436,12 COLOURED PARTY BALLOONS,0.6840067340067341
22437,SET OF 9 BLACK SKULL BALLOONS,0.9795805739514348
22438,BALLOON ART MAKE YOUR OWN FLOWERS,1.9240112994350282
22439,6 ROCKET BALLOONS,0.7305066666666666
22440,BALLOON WATER BOMB PACK OF 35,0.45032894736842105
22441,GROW YOUR OWN BASIL IN ENAMEL MUG,2.425176715176715
22442,GROW YOUR OWN FLOWERS SET OF 3,7.495053763440859
22443,GROW YOUR OWN HERBS SET OF 3,8.457843866171004
22444,GROW YOUR OWN PLANT IN A CAN,1.5725269978401726
22445,PENCIL CASE LIFE IS BEAUTIFUL,3.4671228070175437
22446,PIN CUSHION RUSSIAN DOLL PINK,3.053894736842105
22447,PIN CUSHION RUSSIAN DOLL BLUE,3.484457831325301
22448,PIN CUSHION RUSSIAN DOLL RED,3.6864227642276424
22449,SILK PURSE RUSSIAN DOLL PINK,3.464968152866242
22450,SILK PURSE RUSSIAN DOLL BLUE,3.509468085106383
22451,SILK PURSE RUSSIAN DOLL RED,3.8161788617886176
22452,MEASURING TAPE RUSSIAN DOLL PINK,2.6959615384615385
22453,MEASURING TAPE RUSSIAN DOLL BLUE,2.880810810810811
22454,MEASURING TAPE RUSSIAN DOLL RED,3.1427868852459016
22456,NATURAL SLATE CHALKBOARD LARGE,6.218897637795276
22457,NATURAL SLATE HEART CHALKBOARD,3.503124401913876
22458,CAST IRON HOOK GARDEN FORK,2.86393063583815
22459,CAST IRON HOOK GARDEN TROWEL,2.887586206896551
22460,EMBOSSED GLASS TEALIGHT HOLDER,1.5141602067183464
22461,SAVOY ART DECO CLOCK,12.105423728813559
22464,HANGING METAL HEART LANTERN,1.9008160779537149
22465,HANGING METAL STAR LANTERN,1.8572301425661915
22466,FAIRY TALE COTTAGE NIGHTLIGHT,2.3652357320099253
22467,GUMBALL COAT RACK,2.821785714285714
22468,BABUSHKA LIGHTS STRING OF 10,7.860167064439141
22469,HEART OF WICKER SMALL,1.9187850045167116
22470,HEART OF WICKER LARGE,3.2090079365079367
22471,TV DINNER TRAY AIR HOSTESS,5.75314606741573
22472,TV DINNER TRAY DOLLY GIRL,5.854940711462451
22473,TV DINNER TRAY VINTAGE PAISLEY,5.201387559808612
22474,SPACEBOY TV DINNER TRAY,6.218171206225681
22475,SKULL DESIGN TV DINNER TRAY,5.9995
22476,EMPIRE UNION JACK TV DINNER TRAY,6.58077205882353
22477,WATERING CAN GARDEN MARKER,1.6473021582733813
22478,BIRDHOUSE GARDEN MARKER,1.611692789968652
22479,DAISY GARDEN MARKER,1.5787441860465117
22480,RED TEA TOWEL CLASSIC DESIGN,1.2736704119850186
22481,BLACK TEA TOWEL CLASSIC DESIGN,1.1607142857142858
22482,BLUE TEA TOWEL CLASSIC DESIGN,1.2477064220183487
22483,RED GINGHAM TEDDY BEAR,3.3094350282485876
22485,SET OF 2 WOODEN MARKET CRATES,14.723831775700935
22486,PLASMATRONIC LAMP,10.257234042553192
22487,WHITE WOOD GARDEN PLANT LADDER,10.642113127001068
22488,NATURAL SLATE RECTANGLE CHALKBOARD,1.9536714975845408
22489,PACK OF 12 TRADITIONAL CRAYONS,0.5108717310087173
22491,PACK OF 12 COLOURED PENCILS,0.8955276381909548
22492,MINI PAINT SET VINTAGE,0.7676675603217159
22493,PAINT YOUR OWN CANVAS SET,1.8311926605504587
22494,EMERGENCY FIRST AID TIN,1.7049173553719008
22495,SET OF 2 ROUND TINS CAMEMBERT,3.4195
22496,SET OF 2 ROUND TINS DUTCH CHEESE,3.1181218274111675
22497,SET OF 2 TINS VINTAGE BATHROOM,5.246808510638298
22498,WOODEN REGATTA BUNTING,6.845091383812011
22499,WOODEN UNION JACK BUNTING,6.618578745198463
22500,SET OF 2 TINS JARDIN DE PROVENCE,5.185650000000001
22501,PICNIC BASKET WICKER LARGE,13.41188679245283
22502,PICNIC BASKET WICKER SMALL,8.014846884899683
22503,CABIN BAG VINTAGE PAISLEY,25.031166666666664
22504,CABIN BAG VINTAGE RETROSPOT,25.694146341463416
22505,MEMO BOARD COTTAGE DESIGN,5.466251638269987
22507,MEMO BOARD RETROSPOT  DESIGN,5.926426229508197
22508,DOORSTOP RETROSPOT HEART,4.381025280898877
22509,SEWING BOX RETROSPOT DESIGN,15.855233160621761
22510,DOORSTOP RUSSIAN DOLL GINGHAM,3.4143333333333334
22511,DOORSTOP RUSSIAN DOLL RETROSPOT,3.4276106194690263
22512,DOORSTOP RACING CAR DESIGN,3.630985915492958
22513,DOORSTOP FOOTBALL DESIGN,4.337426900584796
22514,CHILDS GARDEN SPADE BLUE,2.3496595744680855
22515,CHILDS GARDEN SPADE PINK,2.446291079812207
22516,CHILDS GARDEN RAKE BLUE,2.4953939393939395
22517,CHILDS GARDEN RAKE PINK,2.3930263157894736
22518,CHILDS GARDEN BRUSH BLUE,2.545430711610487
22519,CHILDS GARDEN BRUSH PINK,2.473536121673004
22520,CHILDS GARDEN TROWEL BLUE,0.9259788359788359
22521,CHILDS GARDEN TROWEL PINK,0.9347745358090185
22522,CHILDS GARDEN FORK BLUE,0.9077126099706744
22523,CHILDS GARDEN FORK PINK,0.9265650969529086
22524,CHILDRENS GARDEN GLOVES BLUE,1.5761952861952861
22525,CHILDRENS GARDEN GLOVES PINK,1.6498795180722892
22526,WHEELBARROW FOR CHILDREN,13.568657407407407
22528,GARDENERS KNEELING PAD,1.4886347517730496
22529,MAGIC DRAWING SLATE GO TO THE FAIR,0.45615384615384613
22530,MAGIC DRAWING SLATE DOLLY GIRL,0.49424369747899155
22531,MAGIC DRAWING SLATE CIRCUS PARADE,0.4853771289537712
22532,MAGIC DRAWING SLATE LEAP FROG,0.4546111111111111
22533,MAGIC DRAWING SLATE BAKE A CAKE,0.47495798319327726
22534,MAGIC DRAWING SLATE SPACEBOY,0.49449586776859505
22535,MAGIC DRAWING SLATE BUNNIES,0.46990131578947364
22536,MAGIC DRAWING SLATE PURDEY,0.45529255319148937
22537,MAGIC DRAWING SLATE DINOSAUR,0.48813888888888884
22538,MINI JIGSAW GO TO THE FAIR,0.5362790697674419
22539,MINI JIGSAW DOLLY GIRL,0.5398
22540,MINI JIGSAW CIRCUS PARADE,0.49583333333333335
22541,MINI JIGSAW LEAP FROG,0.5591044776119403
22543,MINI JIGSAW BAKE A CAKE,0.5087288135593221
22544,MINI JIGSAW SPACEBOY,0.5102616279069767
22545,MINI JIGSAW BUNNIES,0.5320855614973262
22546,MINI JIGSAW FIDO,0.5162295081967213
22547,MINI JIGSAW DINOSAUR,0.5920725388601036
22548,HEADS AND TAILS SPORTING FUN,1.3872499999999999
22549,PICTURE DOMINOES,1.8588105117565699
22550,HOLIDAY FUN LUDO,4.353479262672812
22551,PLASTERS IN TIN SPACEBOY,1.809572072072072
22553,PLASTERS IN TIN SKULLS,1.8995438282647585
22554,PLASTERS IN TIN WOODLAND ANIMALS,1.8635049961568024
22555,PLASTERS IN TIN STRONGMAN,1.8043939393939392
22556,PLASTERS IN TIN CIRCUS PARADE,1.7730607287449394
22557,PLASTERS IN TIN VINTAGE PAISLEY,1.8278540772532188
22558,CLOTHES PEGS RETROSPOT PACK 24,1.6673512632436838
22559,SEASIDE FRISBEE,1.4996585365853659
22560,TRADITIONAL MODELLING CLAY,1.37
22561,WOODEN SCHOOL COLOURING SET,1.739914255091104
22562,MONSTERS STENCIL CRAFT,1.3233585858585857
22563,HAPPY STENCIL CRAFT,1.3176556776556778
22564,ALPHABET STENCIL CRAFT,1.3208022922636102
22565,FELTCRAFT HAIRBANDS PINK + WHITE,1.031625441696113
22566,"FELTCRAFT HAIRBAND S/2, PINK/PURPLE",0.9882450331125827
22567,20 DOLLY PEGS RETROSPOT,1.4522692307692306
22568,FELTCRAFT CUSHION OWL,4.1567567567567565
22569,FELTCRAFT CUSHION BUTTERFLY,4.1836466165413535
22570,FELTCRAFT CUSHION RABBIT,4.305220588235294
22571,ROCKING HORSE RED CHRISTMAS,1.042767175572519
22572,ROCKING HORSE GREEN CHRISTMAS,1.0394652406417113
22573,STAR WOODEN CHRISTMAS DECORATION,1.0914669926650367
22574,HEART WOODEN CHRISTMAS DECORATION,1.0649763033175355
22575,METAL MERRY CHRISTMAS WREATH,2.0880571428571426
22576,SWALLOW WOODEN CHRISTMAS DECORATION,1.06117816091954
22577,WOODEN HEART CHRISTMAS SCANDINAVIAN,0.650092807424594
22578,WOODEN STAR CHRISTMAS SCANDINAVIAN,0.6220719602977667
22579,WOODEN TREE CHRISTMAS SCANDINAVIAN,0.6907826086956521
22580,ADVENT CALENDAR GINGHAM SACK,6.132107355864812
22581,WOOD STOCKING CHRISTMAS SCANDISPOT,0.9354987212276215
22582,PACK OF 6 SWEETIE GIFT BOXES,2.867843137254902
22583,PACK OF 6 HANDBAG GIFT BOXES,2.9713351498637603
22584,PACK OF 6 PANNETONE GIFT BOXES,2.8586166666666664
22585,PACK OF 6 BIRDY GIFT TAGS,1.3796745822339491
22586,FELTCRAFT HAIRBAND PINK AND BLUE,1.0012582781456953
22587,"FELTCRAFT HAIRBAND, S/2, RED/BLUE",1.0048734177215188
22588,CARDHOLDER GINGHAM HEART,3.0982352941176465
22589,CARDHOLDER GINGHAM STAR,3.092066115702479
22591,CARDHOLDER GINGHAM CHRISTMAS TREE,3.433108108108108
22592,CARDHOLDER HOLLY WREATH METAL,4.429837662337663
22593,CHRISTMAS GINGHAM STAR,1.0652392344497608
22594,CHRISTMAS GINGHAM TREE,1.1044685990338163
22595,CHRISTMAS GINGHAM HEART,1.0009293680297398
22596,CHRISTMAS STAR WISH LIST CHALKBOARD,1.1228697571743929
22597,CHRISTMAS MUSICAL ZINC HEART,0.7847491638795986
22598,CHRISTMAS MUSICAL ZINC TREE,0.7672108843537415
22599,CHRISTMAS MUSICAL ZINC STAR,0.7357812499999999
22600,CHRISTMAS RETROSPOT STAR WOOD,1.007767653758542
22601,CHRISTMAS RETROSPOT ANGEL WOOD,1.0222823529411764
22602,CHRISTMAS RETROSPOT HEART WOOD,1.030072463768116
22603,CHRISTMAS RETROSPOT TREE WOOD,1.0306532663316583
22604,SET OF 4 NAPKIN CHARMS CUTLERY,2.7489370078740154
22605,WOODEN CROQUET GARDEN SET,14.71672256097561
22606,WOODEN SKITTLES GARDEN SET,16.268147208121828
22607,WOODEN ROUNDERS GARDEN SET,10.013099337748343
22608,PENS ASSORTED FUNKY JEWELED,0.46290697674418607
22609,PENS ASSORTED SPACEBALL,0.5673300970873786
22610,PENS ASSORTED FUNNY FACE,0.5573356401384083
22611,VINTAGE UNION JACK SHOPPING BAG,5.164900990099009
22612,TEA COSY VINTAGE UNION JACK,4.196517857142857
22613,PACK OF 20 SPACEBOY NAPKINS,0.9649466192170818
22614,PACK OF 12 SPACEBOY TISSUES,0.417018469656992
22615,PACK OF 12 CIRCUS PARADE TISSUES,0.4508421052631579
22616,PACK OF 12 LONDON TISSUES,0.4247985781990521
22617,BAKING SET SPACEBOY DESIGN,5.275300492610838
22618,COOKING SET RETROSPOT,10.370141342756185
22619,SET OF 6 SOLDIER SKITTLES,4.4437134909596665
22620,4 TRADITIONAL SPINNING TOPS,1.5713124274099883
22621,TRADITIONAL KNITTING NANCY,1.8127252502780866
22622,BOX OF VINTAGE ALPHABET BLOCKS,11.389827586206895
22623,BOX OF VINTAGE JIGSAW BLOCKS,5.658532608695652
22624,IVORY KITCHEN SCALES,9.328592233009708
22625,RED KITCHEN SCALES,9.695272914521112
22626,BLACK KITCHEN SCALES,9.210780346820808
22627,MINT KITCHEN SCALES,9.435643712574851
22628,PICNIC BOXES SET OF 3 RETROSPOT,5.601808219178082
22629,SPACEBOY LUNCH BOX,2.1669274946159365
22630,DOLLY GIRL LUNCH BOX,2.296990504017531
22631,CIRCUS PARADE LUNCHBOX,2.4904845814977974
22632,HAND WARMER RED POLKA DOT,2.2024539877300615
22633,HAND WARMER UNION JACK,2.212200220022002
22634,CHILDS BREAKFAST SET SPACEBOY,10.121516245487364
22635,CHILDS BREAKFAST SET DOLLY GIRL,10.274580896686158
22636,CHILDS BREAKFAST SET CIRCUS PARADE,8.790096711798839
22637,PIGGY BANK RETROSPOT,2.9905087440381557
22638,SET OF 4 NAPKIN CHARMS CROWNS,2.3552
22639,SET OF 4 NAPKIN CHARMS HEARTS,2.7059574468085104
22640,SET OF 4 NAPKIN CHARMS 3 KEYS,2.561818181818182
22641,SET OF 4 NAPKIN CHARMS INSTRUMENT,2.6027536231884056
22642,SET OF 4 NAPKIN CHARMS STARS,2.5832876712328763
22643,SET OF 4 NAPKIN CHARMS LEAVES,2.395208333333333
22644,CERAMIC CHERRY CAKE MONEY BANK,1.977646129541864
22645,CERAMIC HEART FAIRY CAKE MONEY BANK,2.0065399737876803
22646,CERAMIC STRAWBERRY CAKE MONEY BANK,1.8567243243243243
22647,CERAMIC LOVE HEART MONEY BANK,1.5329069767441859
22649,STRAWBERRY FAIRY CAKE TEAPOT,5.695065420560748
22650,CERAMIC PIRATE CHEST MONEY BANK,1.837431506849315
22651,GENTLEMAN SHIRT REPAIR KIT,1.1600367647058822
22652,TRAVEL SEWING KIT,1.902830409356725
22653,BUTTON BOX,2.0413402061855668
22654,DELUXE SEWING KIT,7.2984370015948965
22655,VINTAGE RED KITCHEN CABINET,189.61111111111111
22656,VINTAGE BLUE KITCHEN CABINET,207.5204081632653
22657,HEN & 2 CHICKS IN BASKET,0.85
22659,LUNCHBOX I LOVE LONDON,2.3234285714285714
22660,DOORMAT I LOVE LONDON,9.09251282051282
22661,CHARLOTTE BAG DOLLY GIRL DESIGN,0.9569254658385093
22662,LUNCH BAG DOLLY GIRL DESIGN,1.9162857142857141
22663,JUMBO BAG DOLLY GIRL DESIGN,2.4361671469740633
22664,TOY TIDY DOLLY GIRL DESIGN,2.7540520446096655
22665,RECIPE BOX BLUE SKETCHBOOK DESIGN,3.749103448275862
22666,RECIPE BOX PANTRY YELLOW DESIGN,3.5762918108419837
22667,RECIPE BOX RETRO SPOT DESIGN,2.9870089285714285
22668,PINK BABY BUNTING,3.904803418803419
22669,RED BABY BUNTING,3.623589164785553
22670,FRENCH WC SIGN BLUE METAL,1.5644622425629289
22671,FRENCH LAUNDRY SIGN BLUE METAL,2.03888
22672,FRENCH BATHROOM SIGN BLUE METAL,1.9434736842105262
22673,FRENCH GARDEN SIGN BLUE METAL,1.4435678391959799
22674,FRENCH TOILET SIGN BLUE METAL,1.4499669966996698
22675,FRENCH KITCHEN SIGN BLUE METAL,1.43985559566787
22676,"FRENCH BLUE METAL DOOR SIGN, 1",1.5926860841423949
22677,"FRENCH BLUE METAL DOOR SIGN, 2",1.6402120141342758
22678,"FRENCH BLUE METAL DOOR SIGN, 3",1.6102400000000001
22679,"FRENCH BLUE METAL DOOR SIGN, 4",1.6331168831168832
22680,"FRENCH BLUE METAL DOOR SIGN, 5",1.5861965811965812
22681,"FRENCH BLUE METAL DOOR SIGN, 6",1.6092820512820514
22682,"FRENCH BLUE METAL DOOR SIGN, 7",1.5308108108108107
22683,"FRENCH BLUE METAL DOOR SIGN, 8",1.5876804123711339
22684,"FRENCH BLUE METAL DOOR SIGN, 9",1.5877380952380953
22685,"FRENCH BLUE METAL DOOR SIGN, 0",1.4633333333333334
22686,"FRENCH BLUE METAL DOOR SIGN, No",1.8184753363228698
22687,DOORMAT CHRISTMAS VILLAGE,9.817046979865772
22688,DOORMAT PEACE ON EARTH BLUE,8.462688172043011
22689,DOORMAT MERRY CHRISTMAS RED,9.363445692883895
22690,DOORMAT HOME SWEET HOME BLUE,8.209570135746606
22691,DOORMAT WELCOME SUNRISE,8.892081447963802
22692,DOORMAT WELCOME TO OUR HOME,9.465763546798028
22693,GROW A FLYTRAP OR SUNFLOWER IN TIN,1.461869688385269
22694,WICKER STAR,2.397198177676538
22695,WICKER WREATH SMALL,1.709304347826087
22696,WICKER WREATH LARGE,2.258406779661017
22697,GREEN REGENCY TEACUP AND SAUCER,3.746879831342235
22698,PINK REGENCY TEACUP AND SAUCER,3.657476979742173
22699,ROSES REGENCY TEACUP AND SAUCER,3.584723148765844
22700,BLACK AND WHITE DOG BOWL,2.8011764705882354
22701,PINK DOG BOWL,2.832560975609756
22702,BLACK AND WHITE CAT BOWL,2.172680412371134
22703,PINK CAT BOWL,1.9321818181818182
22704,WRAP RED APPLES,0.4189225589225589
22705,WRAP GREEN PEARS,0.42
22706,WRAP COWBOYS,0.4174803149606299
22707,WRAP MONSTER FUN,0.42
22708,WRAP DOLLY GIRL,0.4185
22709,WRAP WEDDING DAY,0.4151282051282051
22710,WRAP I LOVE LONDON,0.41606741573033706
22711,WRAP CIRCUS PARADE,0.4191256830601093
22712,CARD DOLLY GIRL,0.5508382066276802
22713,CARD I LOVE LONDON,0.5601075268817204
22714,CARD BIRTHDAY COWBOY,0.5364187327823692
22715,CARD WEDDING DAY,0.5086697247706422
22716,CARD CIRCUS PARADE,0.5156696428571428
22717,CARD DOG AND BALL,0.5392592592592592
22718,CARD CAT AND TREE,0.5649063670411985
22719,"GUMBALL COATHOOK., BLACK & WHITE",1.85331983805668
22720,SET OF 3 CAKE TINS PANTRY DESIGN,5.787767918088737
22721,SET OF 3 CAKE TINS SKETCHBOOK,5.396275167785235
22722,SET OF 6 SPICE TINS PANTRY DESIGN,4.664123112659698
22723,SET OF 6 HERB TINS SKETCHBOOK,4.298866666666667
22725,ALARM CLOCK BAKELIKE CHOCOLATE,4.697954545454546
22726,ALARM CLOCK BAKELIKE GREEN,4.458282442748092
22727,ALARM CLOCK BAKELIKE RED,4.356185421089879
22728,ALARM CLOCK BAKELIKE PINK,4.511843687374749
22729,ALARM CLOCK BAKELIKE ORANGE,4.4518309859154925
22730,ALARM CLOCK BAKELIKE IVORY,4.385923984272608
22731,3D CHRISTMAS STAMPS STICKERS,1.5026199261992619
22732,3D VINTAGE CHRISTMAS STICKERS,1.539970760233918
22733,3D STICKERS TRADITIONAL CHRISTMAS,1.5093623188405798
22734,SET OF 6 RIBBONS VINTAGE CHRISTMAS,3.261375321336761
22735,RIBBON REEL SOCKS AND MITTENS,2.3392340425531915
22736,"RIBBON REEL, MAKING SNOWMEN",2.2172901678657073
22737,RIBBON REEL CHRISTMAS PRESENT,2.1413267326732672
22738,RIBBON REEL SNOWY VILLAGE,2.1846520874751487
22739,"RIBBON REEL, XMAS SOCK/BAUBLE",2.2040394088669952
22740,POLKA DOT PEN,1.0864784053156145
22741,FUNKY DIVA PEN,1.0972297297297295
22742,MAKE YOUR OWN PLAYTIME CARD KIT,3.090983606557377
22743,MAKE YOUR OWN FLOWERPOWER CARD KIT,3.573398328690808
22744,MAKE YOUR OWN MONSOON CARD KIT,3.2120064724919093
22745,POPPY'S PLAYHOUSE BEDROOM,2.481076923076923
22746,POPPY'S PLAYHOUSE LIVINGROOM,2.430558464223386
22747,POPPY'S PLAYHOUSE BATHROOM,2.408206388206388
22748,POPPY'S PLAYHOUSE KITCHEN,2.410476190476191
22749,FELTCRAFT PRINCESS CHARLOTTE DOLL,4.075308464849354
22750,FELTCRAFT PRINCESS LOLA DOLL,4.023832061068703
22751,FELTCRAFT PRINCESS OLIVIA DOLL,4.139279661016949
22752,SET 7 BABUSHKA NESTING BOXES,9.42671724137931
22753,SMALL YELLOW BABUSHKA NOTEBOOK,0.9514111922141119
22754,SMALL RED BABUSHKA NOTEBOOK,0.9942168674698795
22755,SMALL PURPLE BABUSHKA NOTEBOOK,0.9769685039370077
22756,LARGE YELLOW BABUSHKA NOTEBOOK,1.4025806451612903
22757,LARGE RED BABUSHKA NOTEBOOK,1.518248407643312
22758,LARGE PURPLE BABUSHKA NOTEBOOK,1.5282866043613708
22759,SET OF 3 NOTEBOOKS IN PARCEL,1.9718650306748466
22760,"TRAY, BREAKFAST IN BED",14.093720930232557
22761,CHEST 7 DRAWER MA CAMPAGNE,25.205
22762,CUPBOARD 3 DRAWER MA CAMPAGNE,17.188428571428574
22763,KEY CABINET MA CAMPAGNE,11.060215827338128
22764,"RUSTIC WOODEN CABINET, GLASS DOORS",24.516785714285714
22765,NEWSPAPER STAND,17.051111111111112
22766,PHOTO FRAME CORNICE,3.176481203007519
22767,TRIPLE PHOTO FRAME CORNICE,10.294511041009462
22768,FAMILY PHOTO FRAME CORNICE,10.624908616187989
22769,CHALKBOARD KITCHEN ORGANISER,28.392830188679245
22770,MIRROR CORNICE,16.22220779220779
22771,CLEAR DRAWER KNOB ACRYLIC EDWARDIAN,1.5381679389312977
22772,PINK DRAWER KNOB ACRYLIC EDWARDIAN,1.6508777429467085
22773,GREEN DRAWER KNOB ACRYLIC EDWARDIAN,1.535991379310345
22774,RED DRAWER KNOB ACRYLIC EDWARDIAN,1.549047619047619
22775,PURPLE DRAWERKNOB ACRYLIC EDWARDIAN,1.6942372881355932
22776,SWEETHEART CAKESTAND 3 TIER,11.06585464333782
22777,GLASS CLOCHE LARGE,10.080190476190477
22778,GLASS CLOCHE SMALL,4.804570135746606
22779,WOODEN OWLS LIGHT GARLAND,4.200541871921183
22780,LIGHT GARLAND BUTTERFILES PINK,4.198888888888889
22781,GUMBALL MAGAZINE RACK,9.404736842105264
22782,SET 3 WICKER STORAGE BASKETS,19.985714285714284
22783,SET 3 WICKER OVAL BASKETS W LIDS,15.91088888888889
22784,LANTERN CREAM GAZEBO,5.564987593052109
22785,CUSHION COVER PINK UNION FLAG,7.328934426229508
22786,PILLOWCUSHION COVER PINK UNION JACK,7.11
22788,BROCANTE COAT RACK,11.538426966292134
22789,T-LIGHT HOLDER SWEETHEART HANGING,2.12592039800995
22790,"MIRROR, ARCHED GEORGIAN",19.42
22791,T-LIGHT GLASS FLUTED ANTIQUE,1.4940044742729308
22792,FLUTED ANTIQUE CANDLE HOLDER,1.1238403041825096
22794,SWEETHEART WIRE MAGAZINE RACK,8.863708920187793
22795,SWEETHEART RECIPE BOOK STAND,7.895649606299212
22796,PHOTO FRAME 3 CLASSIC HANGING,10.381020408163264
22797,CHEST OF DRAWERS GINGHAM HEART,18.38490322580645
22798,ANTIQUE GLASS DRESSING TABLE POT,3.684920634920635
22799,SWEETHEART WIRE FRUIT BOWL,8.8251376146789
22800,ANTIQUE TALL SWIRLGLASS TRINKET POT,4.80115523465704
22801,ANTIQUE GLASS PEDESTAL BOWL,4.5379510703363914
22802,FAUX FUR CHOCOLATE THROW,18.994032258064514
22803,IVORY EMBROIDERED QUILT,39.10861111111112
22804,CANDLEHOLDER PINK HANGING HEART,3.1477633477633478
22805,BLUE DRAWER KNOB ACRYLIC EDWARDIAN,1.6604721030042917
22806,SET OF 6 T-LIGHTS WEDDING CAKE,3.3556666666666666
22807,SET OF 6 T-LIGHTS TOADSTOOLS,3.6938741721854305
22808,SET OF 6 T-LIGHTS EASTER CHICKS,3.5621428571428573
22809,SET OF 6 T-LIGHTS SANTA,3.3596124031007752
22810,SET OF 6 T-LIGHTS SNOWMEN,3.4046865671641795
22811,SET OF 6 T-LIGHTS CACTI,4.003450704225352
22812,PACK 3 BOXES CHRISTMAS PANNETONE,2.541169102296451
22813,PACK 3 BOXES BIRD PANNETONE,2.442928759894459
22814,CARD PARTY GAMES,0.504135593220339
22815,CARD PSYCHEDELIC APPLES,0.5004117647058823
22816,CARD MOTORBIKE SANTA,0.48201814058956916
22817,CARD SUKI BIRTHDAY,0.49591549295774645
22818,CARD CHRISTMAS VILLAGE,0.47518337408312955
22819,"BIRTHDAY CARD, RETRO SPOT",0.4827190332326284
22820,GIFT BAG BIRTHDAY,0.6359821428571429
22821,GIFT BAG PSYCHEDELIC APPLES,0.7242553191489361
22822,CREAM WALL PLANTER HEART SHAPED,6.358010752688172
22823,CHEST NATURAL WOOD 20 DRAWERS,117.5
22824,3 TIER SWEETHEART GARDEN SHELF,35.70510204081633
22825,DECORATIVE PLANT POT WITH FRIEZE,8.274285714285714
22826,LOVE SEAT ANTIQUE WHITE METAL,115.38888888888889
22827,GIANT SEVENTEEN DRAWER SIDEBOARD,157.30769230769232
22828,REGENCY MIRROR WITH SHUTTERS,153.33333333333334
22829,BROCANTE SHELF WITH HOOKS,10.964083333333331
22830,UTILTY CABINET WITH HOOKS,26.23611111111111
22831,WHITE BROCANTE SOAP DISH,3.337714285714286
22832,SWEETHEART WIRE WALL TIDY,11.51888888888889
22833,HALL CABINET WITH 3 DRAWERS,48.14846153846155
22834,HAND WARMER BABUSHKA DESIGN,2.282673107890499
22835,HOT WATER BOTTLE I AM SO POORLY,5.628143828960156
22837,HOT WATER BOTTLE BABUSHKA,5.286952789699571
22838,3 TIER CAKE TIN RED AND CREAM,16.645479452054794
22839,"CAKE TIN, 3 TIER MINT/IVORY",17.892352941176473
22840,ROUND CAKE TIN VINTAGE RED,8.226832151300236
22841,ROUND CAKE TIN VINTAGE GREEN,8.389375
22842,BISCUIT TIN VINTAGE RED,7.0556916996047425
22843,BISCUIT TIN VINTAGE GREEN,7.143575129533679
22844,VINTAGE CREAM DOG FOOD CONTAINER,10.533254901960785
22845,VINTAGE CREAM CAT FOOD CONTAINER,7.780320987654321
22846,BREAD BIN DINER STYLE RED,17.576164383561643
22847,"BREAD BIN, DINER STYLE, IVORY",17.120714285714282
22848,BREAD BIN DINER STYLE PINK,17.910186335403726
22849,"BREAD BIN, DINER STYLE, MINT",16.75
22850,BREAD BIN DINER STYLE BLACK,15.95
22851,SET 20 NAPKINS FAIRY CAKES DESIGN,0.9523134328358209
22852,ENAMEL DOG BOWL CREAM,4.544567901234568
22853,ENAMEL CAT BOWL CREAM,3.591224489795918
22854,CREAM SWEETHEART EGG HOLDER,5.442063492063492
22855,FINE WICKER HEART,1.4679953917050692
22856,ASSORTED EASTER DECORATIONS  BELLS,3.3870588235294115
22857,ASSORTED EASTER GIFT TAGS,1.4554545454545456
22858,EASTER TIN KEEPSAKE,1.9430769230769231
22859,EASTER TIN BUNNY BOUQUET,1.9227167630057804
22860,EASTER TIN CHICKS PINK DAISY,1.9699115044247788
22861,EASTER TIN CHICKS IN GARDEN,2.0107999999999997
22862,LOVE HEART NAPKIN BOX,4.872368421052632
22863,SOAP DISH BROCANTE,3.2155813953488375
22864,MUG AND COASTER SET RED CIRCLES,0.42
22865,HAND WARMER OWL DESIGN,2.352125984251969
22866,HAND WARMER SCOTTY DOG DESIGN,2.3234947183098593
22867,HAND WARMER BIRD DESIGN,2.3735773101555355
22868,"NUMBER TILE COTTAGE GARDEN, 0",3.008518518518519
22869,"NUMBER TILE COTTAGE GARDEN, 1",3.0468965517241378
22870,"NUMBER TILE COTTAGE GARDEN, 2",3.2091489361702124
22871,"NUMBER TILE COTTAGE GARDEN, 3",3.266
22872,"NUMBER TILE COTTAGE GARDEN, 4",3.132051282051282
22873,"NUMBER TILE COTTAGE GARDEN, 5",2.8693548387096777
22874,"NUMBER TILE COTTAGE GARDEN, 6",2.7824137931034483
22875,"NUMBER TILE COTTAGE GARDEN, 7",2.8273333333333333
22876,"NUMBER TILE COTTAGE GARDEN, 8",2.9117391304347824
22877,"NUMBER TILE COTTAGE GARDEN, 9",2.5366666666666666
22878,"NUMBER TILE COTTAGE GARDEN, No",3.3919565217391305
22879,NUMBER TILE VINTAGE FONT 0,2.9823809523809524
22880,"NUMBER TILE VINTAGE FONT, 1",3.1840540540540543
22881,"NUMBER TILE VINTAGE FONT, 2",3.151111111111111
22882,NUMBER TILE VINTAGE FONT 3,2.93078431372549
22883,NUMBER TILE VINTAGE FONT 4,3.25
22884,NUMBER TILE VINTAGE FONT 5,3.0048717948717947
22885,NUMBER TILE VINTAGE FONT 6,2.973888888888889
22886,"NUMBER TILE VINTAGE FONT, 7",2.917586206896552
22887,NUMBER TILE VINTAGE FONT 8,2.9549999999999996
22888,NUMBER TILE VINTAGE FONT 9,3.058695652173913
22889,"NUMBER TILE VINTAGE FONT, No",3.4392682926829266
22890,NOVELTY BISCUITS CAKE STAND 3 TIER,10.931254355400696
22891,TEA FOR ONE POLKADOT,5.469370078740158
22892,SALT AND PEPPER SHAKERS TOADSTOOLS,1.3107911392405063
22893,MINI CAKE STAND T-LIGHT HOLDER,0.6106914893617021
22894,TABLECLOTH RED APPLES DESIGN,9.763794871794872
22895,SET OF 2 TEA TOWELS APPLE AND PEARS,3.461875
22896,PEG BAG APPLE DESIGN,3.1101886792452826
22897,OVEN MITT APPLE DESIGN,1.7533881578947368
22898,CHILDRENS APRON APPLE DESIGN,2.4586708860759496
22899,CHILDRENS APRON DOLLY GIRL,2.407832167832168
22900,SET 2 TEA TOWELS I LOVE LONDON,3.6758698539176624
22902,TOTE BAG I LOVE LONDON,2.5884236453201974
22903,CALENDAR FAMILY FAVORITES,3.0297619047619047
22904,CALENDAR PAPER CUT DESIGN,3.329659574468085
22905,CALENDAR IN SEASON DESIGN,2.9630769230769234
22906,12 MESSAGE CARDS WITH ENVELOPES,1.9916059957173446
22907,PACK OF 20 NAPKINS PANTRY DESIGN,0.9717325581395349
22908,PACK OF 20 NAPKINS RED APPLES,0.9548192771084337
22909,SET OF 20 VINTAGE CHRISTMAS NAPKINS,0.9745301418439716
22910,PAPER CHAIN KIT VINTAGE CHRISTMAS,3.295246238030096
22911,PAPER CHAIN KIT LONDON,3.213431952662722
22912,YELLOW COAT RACK PARIS FASHION,5.255585585585585
22913,RED COAT RACK PARIS FASHION,5.4825
22914,BLUE COAT RACK PARIS FASHION,5.4348
22915,ASSORTED BOTTLE TOP  MAGNETS,1.1615577889447235
22916,HERB MARKER THYME,0.8598039215686275
22917,HERB MARKER ROSEMARY,0.8567716535433071
22918,HERB MARKER PARSLEY,0.8570750988142293
22919,HERB MARKER MINT,0.8425
22920,HERB MARKER BASIL,0.8619140625
22921,HERB MARKER CHIVES,0.850990990990991
22922,FRIDGE MAGNETS US DINER ASSORTED,1.6384745762711865
22923,FRIDGE MAGNETS LES ENFANTS ASSORTED,1.0748958333333334
22924,FRIDGE MAGNETS LA VIE EN ROSE,1.4047524752475247
22925,BLUE GIANT GARDEN THERMOMETER,6.470659898477157
22926,IVORY GIANT GARDEN THERMOMETER,6.297040358744395
22927,GREEN GIANT GARDEN THERMOMETER,6.664615384615384
22928,YELLOW GIANT GARDEN THERMOMETER,7.679426229508197
22929,SCHOOL DESK AND CHAIR,64.2578947368421
22930,BAKING MOULD HEART MILK CHOCOLATE,3.06828125
22931,BAKING MOULD HEART WHITE CHOCOLATE,2.8299999999999996
22932,BAKING MOULD TOFFEE CUP CHOCOLATE,2.698108108108108
22933,BAKING MOULD EASTER EGG MILK CHOC,3.4732800000000004
22934,BAKING MOULD EASTER EGG WHITE CHOC,3.2218987341772154
22935,BAKING MOULD ROSE MILK CHOCOLATE,3.788787878787879
22936,BAKING MOULD ROSE WHITE CHOCOLATE,4.296415094339623
22937,BAKING MOULD CHOCOLATE CUPCAKES,2.9171084337349393
22938,CUPCAKE LACE PAPER SET 6,2.0751612903225807
22939,APRON APPLE DELIGHT,5.872950819672131
22940,FELTCRAFT CHRISTMAS FAIRY,4.5239669421487605
22941,CHRISTMAS LIGHTS 10 REINDEER,9.638941176470588
22942,CHRISTMAS LIGHTS 10 SANTAS,8.536461538461538
22943,CHRISTMAS LIGHTS 10 VINTAGE BAUBLES,5.945187165775401
22944,CHRISTMAS METAL POSTCARD WITH BELLS,1.377168674698795
22945,CHRISTMAS METAL TAGS ASSORTED,2.1837110481586404
22946,WOODEN ADVENT CALENDAR CREAM,18.279103448275862
22947,WOODEN ADVENT CALENDAR RED,14.796244343891402
22948,METAL DECORATION NAUGHTY CHILDREN,1.8208510638297872
22949,36 DOILIES DOLLY GIRL,1.7324444444444442
22950,36 DOILIES VINTAGE CHRISTMAS,1.5682548476454292
22951,72 CAKE CASES DOLLY GIRL DESIGN,0.6709707241910632
22952,72 CAKE CASES VINTAGE CHRISTMAS,0.7201699235344095
22953,BIRTHDAY PARTY CORDON BARRIER TAPE,1.3815833333333332
22954,HEN PARTY CORDON BARRIER TAPE,1.3850980392156862
22955,36 FOIL STAR CAKE CASES,2.2595312499999998
22956,36 FOIL HEART CAKE CASES,2.1984644194756555
22957,SET 3 PAPER VINTAGE CHICK PAPER EGG,3.110727272727273
22959,WRAP CHRISTMAS VILLAGE,0.4181379310344827
22960,JAM MAKING SET WITH JARS,4.999406575781877
22961,JAM MAKING SET PRINTED,1.886179129005752
22962,JAM JAR WITH PINK LID,1.0397872340425531
22963,JAM JAR WITH BLUE LID,1.0630838323353293
22964,3 PIECE SPACEBOY COOKIE CUTTER SET,2.506634844868735
22965,3 TRADITIONAl BISCUIT CUTTERS  SET,2.327378277153558
22966,GINGERBREAD MAN COOKIE CUTTER,1.4402670226969292
22967,SET 3 SONG BIRD PAPER EGGS ASSORTED,3.0102816901408453
22968,ROSE COTTAGE KEEPSAKE BOX,11.6328125
22969,HOMEMADE JAM SCENTED CANDLES,1.767852161785216
22970,LONDON BUS COFFEE MUG,2.7243478260869565
22971,QUEENS GUARD COFFEE MUG,2.7747311827956986
22972,CHILDREN'S SPACEBOY MUG,1.9779365079365079
22973,CHILDRENS CIRCUS PARADE MUG,2.002469135802469
22974,CHILDRENS DOLLY GIRL MUG,2.026986301369863
22975,SPACEBOY CHILDRENS EGG CUP,1.5454591836734692
22976,CIRCUS PARADE CHILDRENS EGG CUP,1.5000657894736842
22977,DOLLY GIRL CHILDRENS EGG CUP,1.468943661971831
22978,PANTRY ROLLING PIN,4.31428
22979,PANTRY WASHING UP BRUSH,1.8131701030927836
22980,PANTRY SCRUBBING BRUSH,1.9175333333333333
22981,PANTRY APPLE CORER,1.8624545454545456
22982,PANTRY PASTRY BRUSH,1.6335981308411214
22983,"CARD, BILLBOARD FONT",0.5273693693693694
22984,"CARD, GINGHAM ROSE",0.4750467289719626
22985,"WRAP, BILLBOARD FONTS DESIGN",0.4188235294117647
22986,GINGHAM ROSE WRAP,0.4193170731707317
22987,"WRAP , SUMMER ROSE DESIGN",0.42
22988,SOLDIERS EGG CUP,1.4925434782608695
22989,SET 2 PANTRY DESIGN TEA TOWELS,3.6817015706806284
22990,COTTON APRON PANTRY DESIGN,5.288644067796611
22991,GIRAFFE WOODEN RULER,2.264736842105263
22992,REVOLVER WOODEN RULER,2.2626923076923076
22993,SET OF 4 PANTRY JELLY MOULDS,1.4957597816196542
22994,TRAVEL CARD WALLET RETROSPOT,0.5254222222222222
22995,TRAVEL CARD WALLET SUKI,0.540590405904059
22996,TRAVEL CARD WALLET VINTAGE TICKET,0.5285918854415275
22997,TRAVEL CARD WALLET UNION JACK,0.49073593073593075
22998,TRAVEL CARD WALLET KEEP CALM,0.4957559198542805
22999,TRAVEL CARD WALLET RETRO PETALS,0.4818942731277533
23000,TRAVEL CARD WALLET TRANSPORT,0.5183038869257951
23002,TRAVEL CARD WALLET SKULLS,0.5191584158415841
23003,TRAVEL CARD WALLET VINTAGE ROSE,0.41888888888888887
23004,TRAVEL CARD WALLET PANTRY,0.5998245614035087
23005,TRAVEL CARD WALLET I LOVE LONDON,0.5213061224489796
23006,TRAVEL CARD WALLET FLOWER MEADOW,0.5164044943820225
23007,SPACEBOY BABY GIFT SET,15.930053475935829
23008,DOLLY GIRL BABY GIFT SET,16.15014598540146
23009,I LOVE LONDON BABY GIFT SET,15.988252427184465
23010,CIRCUS PARADE BABY GIFT SET,16.308141592920354
23012,GLASS APOTHECARY BOTTLE PERFUME,4.6164822134387355
23013,GLASS APOTHECARY BOTTLE TONIC,4.663392070484581
23014,GLASS APOTHECARY BOTTLE ELIXIR,4.851028037383177
23015,CORDIAL GLASS JUG,8.63090909090909
23016,GLASS TWIST BON BON JAR,8.632
23017,APOTHECARY MEASURING JAR,12.748260869565216
23018,LARGE APOTHECARY MEASURING JAR,12.900476190476192
23019,SMALL APOTHECARY MEASURING JAR,8.078571428571427
23020,GLASS  SONGBIRD STORAGE JAR,12.943170731707315
23021,GLASS BONNE JAM JAR,4.441851851851852
23022,SMALL BONNE JAM JAR  T-LIGHT HOLDER,2.0353846153846153
23023,RIDGED BONNE JAM JAR T-LIGHT HOLDER,1.7607692307692309
23024,LARGE BONNE JAM JAR  T-LIGHT HOLDER,2.9650000000000003
23025,DRAWER KNOB VINTAGE GLASS BALL,2.2663636363636366
23026,DRAWER KNOB VINTAGE GLASS STAR,2.31969696969697
23027,DRAWER KNOB VINTAGE GLASS HEXAGON,2.216666666666667
23028,DRAWER KNOB CRACKLE GLAZE BLUE,1.9195035460992906
23029,DRAWER KNOB CRACKLE GLAZE GREEN,1.827560975609756
23031,DRAWER KNOB CRACKLE GLAZE PINK,1.817560975609756
23032,DRAWER KNOB CRACKLE GLAZE IVORY,1.7679439252336449
23033,DRAWER KNOB CERAMIC RED,1.814864864864865
23034,DRAWER KNOB CERAMIC BLACK,1.6253846153846154
23035,DRAWER KNOB CERAMIC IVORY,1.6429896907216495
23036,T-LIGHT HOLDER SILVER PETIT FOUR,1.325625
23037,CANDLE HOLDER SILVER MADELINE,1.886
23038,T-LIGHT HOLDER SILVER SAUCER,1.3299999999999998
23039,T-LIGHT HOLDER SILVER HEART HANDLE,2.376
23040,PAPER LANTERN 9 POINT SNOW STAR,6.278372093023257
23041,PAPER LANTERN 9 POINT SNOW STAR,4.601636363636364
23042,PAPER LANTERN 7 POINT SNOW STAR,7.336896551724139
23043,PAPER LANTERN 9 POINT HOLLY STAR 40,7.33
23044,PAPER LANTERN 9 POINT HOLLY STAR S,4.309230769230769
23045,PAPER LANTERN 5 POINT STAR MOON 30,4.468461538461539
23046,PAPER LANTERN 9 POINT DELUXE STAR,6.809444444444445
23047,PAPER LANTERN 5 POINT SEQUIN STAR,5.75
23048,SET OF 10 LANTERNS FAIRY LIGHT STAR,4.6492523364485985
23049,RECYCLED ACAPULCO MAT RED,8.91436170212766
23050,RECYCLED ACAPULCO MAT GREEN,9.218543689320388
23051,RECYCLED ACAPULCO MAT BLUE,9.619878048780489
23052,RECYCLED ACAPULCO MAT TURQUOISE,9.778960573476702
23053,RECYCLED ACAPULCO MAT PINK,9.809878787878787
23054,RECYCLED ACAPULCO MAT LAVENDER,9.52328244274809
23055,IVORY CHANDELIER T-LIGHT HOLDER,5.216444444444445
23056,FLOWERS CHANDELIER T-LIGHT HOLDER,5.822340425531914
23057,GEMSTONE CHANDELIER T-LIGHT HOLDER,4.4856862745098045
23058,CHRISTMAS HANGING SNOWFLAKE,1.2252083333333335
23060,HEART BEADED TRELLIS DECORATION,2.2197727272727272
23061,VINTAGE EMBOSSED HEART,1.5353389830508473
23064,CINDERELLA CHANDELIER,43.92151515151515
23065,LARGE DECO JEWELLERY STAND,12.971400000000001
23066,SMALL DECO JEWELLERY STAND,8.913488372093022
23067,HANGING ENGRAVED METAL HEART,4.351951219512196
23068,ALUMINIUM STAMPED HEART,2.5855072463768116
23069,EDWARDIAN PHOTO FRAME,6.4440625
23070,EDWARDIAN HEART PHOTO FRAME,5.090909090909091
23071,MARIE ANTOIENETT TRINKET BOX GOLD,10.214583333333334
23072,MARIE ANTOINETTE TRINKET BOX SILVER,13.164375
23073,GEORGIAN TRINKET BOX,12.412903225806453
23074,EMBOSSED HEART TRINKET BOX,2.6120408163265303
23075,DOUBLE CERAMIC PARLOUR HOOK,4.241627906976745
23076,ICE CREAM SUNDAE LIP GLOSS,1.349569892473118
23077,DOUGHNUT LIP GLOSS,1.3446109510086455
23078,ICE CREAM PEN LIP GLOSS,1.4253667953667954
23079,TOADSTOOL BEDSIDE LIGHT,8.937719298245613
23080,RED METAL BOX TOP SECRET,9.310820895522388
23081,GREEN METAL BOX ARMY SUPPLIES,9.382746478873239
23082,SET 6 PAPER TABLE LANTERN HEARTS,4.085404530744337
23083,SET 6 PAPER TABLE LANTERN STARS,4.2289682539682545
23084,RABBIT NIGHT LIGHT,2.381104651162791
23085,ANTIQUE SILVER BAUBLE LAMP,10.762247191011236
23086,ZINC  STAR T-LIGHT HOLDER,1.5141666666666669
23087,ZINC  HEART T-LIGHT HOLDER,1.5867142857142855
23088,ZINC HEART FLOWER T-LIGHT HOLDER,1.627594936708861
23089,GLASS BON BON JAR,2.3597021276595744
23090,VINTAGE GLASS T-LIGHT HOLDER,0.9780392156862744
23091,ZINC HERB GARDEN CONTAINER,6.719205607476636
23092,LARGE ANTIQUE WHITE PHOTO FRAME,8.079722222222223
23093,SMALL PARISIENNE HEART PHOTO FRAME,2.7840972222222224
23094,LE GRAND TRAY CHIC SET,12.807654320987655
23096,PETIT TRAY CHIC,2.027808219178082
23099,FRENCH CARRIAGE LANTERN,7.014444444444445
23100,SILVER BELLS TABLE DECORATION,1.425568181818182
23101,SILVER STARS TABLE DECORATION,0.9744859813084111
23102,SILVER HEARTS TABLE DECORATION,0.970754716981132
23103,BELL HEART DECORATION,1.8426121372031663
23104,IVORY PANTRY HANGING LAMP,12.859130434782609
23106,ZINC HEARTS PLANT POT HOLDER,2.941851851851852
23107,WHITE WIRE PLANT POT HOLDER,3.2009589041095894
23108,SET OF 10 LED DOLLY LIGHTS,6.443682864450128
23109,LED TEA LIGHTS,3.262124542124542
23110,PARISIENNE KEY CABINET,6.572394366197183
23111,PARISIENNE SEWING BOX,13.355354838709676
23112,PARISIENNE CURIO CABINET,9.038846153846153
23113,PANTRY CHOPPING BOARD,6.232222222222222
23114,VINTAGE LEAF CHOPPING BOARD,5.430000000000001
23115,RED APPLES CHOPPING BOARD,5.8406666666666665
23116,VEGETABLE GARDEN CHOPPING BOARD,6.240909090909091
23117,POPPY FIELDS CHOPPING BOARD,5.584782608695652
23118,PARISIENNE JEWELLERY DRAWER,8.335418181818183
23119,PACK OF 6 LARGE FRUIT STRAWS,0.7770588235294118
23120,PACK OF 6 SMALL FRUIT STRAWS,0.4672897196261682
23121,PACK OF 6 COCKTAIL PARASOL STRAWS,0.5528448275862069
23122,PARTY CHARMS 50 PIECES,1.0355797101449276
23123,COCKTAIL SWORDS 50 PIECES,1.0106185567010308
23124,18PC WOODEN CUTLERY SET DISPOSABLE,1.751627906976744
23125,6PC WOOD PLATE SET DISPOSABLE,1.9131578947368422
23126,DOLLCRAFT GIRL AMELIE KIT,5.366622073578596
23127,DOLLCRAFT GIRL NICOLE,5.254924623115578
23128,FELTCRAFT BOY JEAN-PAUL KIT,5.26241134751773
23129,HEART SHAPED HOLLY WREATH,4.573815028901734
23130,MISTLETOE HEART WREATH GREEN,4.515483870967742
23131,MISTLETOE HEART WREATH CREAM,4.203220338983051
23132,SMALL IVORY HEART WALL ORGANISER,6.213032258064516
23133,LARGE IVORY HEART WALL ORGANISER,9.156602564102565
23134,LARGE ZINC HEART WALL ORGANISER,7.9068421052631574
23135,SMALL ZINC HEART WALL ORGANISER,5.675777777777777
23136,IVORY WIRE SWEETHEART LETTER TRAY,4.034081632653061
23137,ZINC WIRE SWEETHEART LETTER TRAY,3.9765217391304346
23138,SINGLE WIRE HOOK IVORY HEART,1.5968235294117645
23139,SINGLE WIRE HOOK PINK HEART,1.6072413793103448
23140,TRIPLE WIRE HOOK IVORY HEART,4.528490566037736
23141,TRIPLE WIRE HOOK PINK HEART,4.2404
23142,IVORY WIRE KITCHEN ORGANISER,11.052857142857144
23143,ZINC WIRE KITCHEN ORGANISER,9.929375
23144,ZINC T-LIGHT HOLDER STARS SMALL,0.9424460431654677
23145,ZINC T-LIGHT HOLDER STAR LARGE,1.0776744186046512
23146,TRIPLE HOOK ANTIQUE IVORY ROSE,3.493320158102767
23147,SINGLE ANTIQUE ROSE HOOK IVORY,1.5239483394833948
23148,MINIATURE ANTIQUE ROSE HOOK IVORY,0.9111494252873563
23149,ANTIQUE IVORY WIRE BOWL SMALL,2.7047826086956523
23150,IVORY SWEETHEART SOAP DISH,2.9346000000000005
23151,ZINC SWEETHEART SOAP DISH,2.2395238095238095
23152,IVORY SWEETHEART WIRE LETTER RACK,3.9482208588957053
23153,ZINC SWEETHEART WIRE LETTER RACK,4.231318681318681
23154,SET OF 4 JAM JAR MAGNETS,2.205925925925926
23155,KNICKERBOCKERGLORY MAGNET ASSORTED,1.4110067114093958
23156,SET OF 5 MINI GROCERY MAGNETS,2.259760765550239
23157,SET OF 6 NATIVITY MAGNETS,2.3585882352941177
23158,SET OF 5 LUCKY CAT MAGNETS,2.6679069767441863
23159,SET OF 5 PANCAKE DAY MAGNETS,2.316740088105727
23160,REGENCY TEA SPOON,1.482051282051282
23161,REGENCY CAKE FORK,1.5895959595959597
23162,REGENCY TEA STRAINER,4.422272727272728
23163,REGENCY SUGAR TONGS,3.3173933649289102
23164,REGENCY CAKE SLICE,5.572903225806451
23165,LARGE CERAMIC TOP STORAGE JAR,1.955514950166113
23166,MEDIUM CERAMIC TOP STORAGE JAR,1.4568461538461537
23167,SMALL CERAMIC TOP STORAGE JAR,0.9945344129554655
23168,CLASSIC SUGAR DISPENSER,1.7493611111111111
23169,CLASSIC GLASS SWEET JAR,4.661289398280802
23170,REGENCY TEA PLATE ROSES,2.0627789934354483
23171,REGENCY TEA PLATE GREEN,2.121237113402062
23172,REGENCY TEA PLATE PINK,2.0545859872611465
23173,REGENCY TEAPOT ROSES,11.059792626728111
23174,REGENCY SUGAR BOWL GREEN,4.760615835777126
23175,REGENCY MILK JUG PINK,3.854181286549708
23176,ABC TREASURE BOOK BOX,2.6457805907172993
23177,TREASURE ISLAND BOOK BOX,2.6938545454545455
23178,JAM CLOCK MAGNET,3.340422535211268
23179,CLOCK MAGNET MUM'S KITCHEN,3.5243396226415094
23180,MUM'S KITCHEN CLOCK,5.9196
23181,BULL DOG BOTTLE TOP WALL CLOCK,9.366976744186045
23182,TOILET SIGN OCCUPIED OR VACANT,1.5209480812641083
23183,MOTHER'S KITCHEN SPOON REST,4.840909090909091
23184,BULL DOG BOTTLE OPENER,6.431037037037036
23185,FRENCH STYLE STORAGE JAR JAM,0.3496875
23186,FRENCH STYLE STORAGE JAR CAFE,0.3527397260273973
23187,FRENCH STYLE STORAGE JAR BONBONS,0.3263291139240506
23188,VINTAGE  2 METER FOLDING RULER,1.932470588235294
23189,SET OF 12 FORK CANDLES,3.392097902097902
23190,BUNDLE OF 3 SCHOOL EXERCISE BOOKS,1.7951707317073171
23191,BUNDLE OF 3 RETRO NOTE BOOKS,1.8707612456747404
23192,BUNDLE OF 3 ALPHABET EXERCISE BOOKS,1.7736260623229458
23193,BUFFALO BILL TREASURE BOOK BOX,2.714640883977901
23194,GYMKHANNA TREASURE BOOK BOX,2.6968444444444444
23196,RETRO LEAVES MAGNETIC NOTEPAD,1.7930618892508143
23197,SKETCHBOOK MAGNETIC SHOPPING LIST,1.9385603112840466
23198,PANTRY MAGNETIC  SHOPPING LIST,1.7897795591182366
23199,JUMBO BAG APPLES,2.557696127110228
23200,JUMBO BAG PEARS,2.425811258278146
23201,JUMBO BAG ALPHABET,2.384064864864865
23202,JUMBO BAG VINTAGE LEAF,2.2941255605381166
23203,JUMBO BAG DOILEY PATTERNS,2.2724305003971406
23204,CHARLOTTE BAG APPLES DESIGN,1.1176262626262625
23205,CHARLOTTE BAG VINTAGE ALPHABET,1.1435564853556486
23206,LUNCH BAG APPLE DESIGN,2.053780487804878
23207,LUNCH BAG ALPHABET DESIGN,1.9844213263979193
23208,LUNCH BAG VINTAGE LEAF DESIGN,1.9342290748898678
23209,LUNCH BAG DOILEY PATTERN,1.822871111111111
23210,WHITE ROCKING HORSE HAND PAINTED,1.4616019417475727
23211,RED ROCKING HORSE HAND PAINTED,1.5632515337423314
23212,HEART WREATH DECORATION WITH BELL,1.4912371134020619
23213,STAR WREATH DECORATION WITH BELL,1.4850641025641025
23214,JINGLE BELL HEART ANTIQUE GOLD,2.3925961538461538
23215,JINGLE BELL HEART ANTIQUE SILVER,2.259392523364486
23216,LAUREL HEART ANTIQUE GOLD,1.446888888888889
23217,LAUREL HEART ANTIQUE SILVER,1.5415151515151517
23218,LAUREL STAR ANTIQUE GOLD,1.57225
23219,LAUREL STAR ANTIQUE SILVER,1.52765625
23220,REINDEER HEART DECORATION GOLD,1.0803809523809524
23221,REINDEER HEART DECORATION SILVER,1.0698039215686272
23222,CHRISTMAS TREE HANGING GOLD,1.04126582278481
23223,CHRISTMAS TREE HANGING SILVER,1.0865555555555555
23224,CHERUB HEART DECORATION GOLD,1.0336986301369862
23225,CHERUB HEART DECORATION SILVER,1.0824999999999998
23226,FILIGREE HEART DAISY WHITE,1.5704
23227,FILIGREE HEART BUTTERFLY WHITE,1.5683193277310925
23228,FILIGREE HEART BIRD WHITE,1.784803149606299
23229,VINTAGE DONKEY TAIL GAME,4.232183908045977
23230,WRAP ALPHABET DESIGN,0.4173949579831933
23231,WRAP DOILEY DESIGN,0.41907692307692307
23232,WRAP VINTAGE PETALS  DESIGN,0.41752066115702474
23233,WRAP POPPIES  DESIGN,0.418625
23234,BISCUIT TIN VINTAGE CHRISTMAS,3.370565371024735
23235,STORAGE TIN VINTAGE LEAF,2.9767857142857146
23236,DOILEY STORAGE TIN,3.260605187319885
23237,SET OF 4 KNICK KNACK TINS LEAVES,4.243582887700535
23238,SET OF 4 KNICK KNACK TINS LONDON,4.7325174825174825
23239,SET OF 4 KNICK KNACK TINS POPPIES,4.38
23240,SET OF 4 KNICK KNACK TINS DOILEY,4.435150976909414
23241,TREASURE TIN GYMKHANA DESIGN,2.4796495956873317
23242,TREASURE TIN BUFFALO BILL,2.2797727272727273
23243,SET OF TEA COFFEE SUGAR TINS PANTRY,5.799545454545455
23244,ROUND STORAGE TIN VINTAGE LEAF,2.081111111111111
23245,SET OF 3 REGENCY CAKE TINS,5.842968236582695
23247,BISCUIT TIN 50'S CHRISTMAS,3.2804777070063693
23249,VINTAGE RED ENAMEL TRIM PLATE,1.865
23250,VINTAGE RED TRIM ENAMEL BOWL,1.4497457627118644
23251,VINTAGE RED ENAMEL TRIM MUG,1.40616
23252,VINTAGE RED ENAMEL TRIM JUG,4.025103448275862
23253,16 PIECE CUTLERY SET PANTRY DESIGN,17.115555555555556
23254,CHILDRENS CUTLERY DOLLY GIRL,4.26411003236246
23255,CHILDRENS CUTLERY CIRCUS PARADE,4.343291925465839
23256,CHILDRENS CUTLERY SPACEBOY,4.455421052631579
23263,SET OF 3 WOODEN HEART DECORATIONS,1.445929018789144
23264,SET OF 3 WOODEN SLEIGH DECORATIONS,1.495809523809524
23265,SET OF 3 WOODEN TREE DECORATIONS,1.4823778501628664
23266,SET OF 3 WOODEN STOCKING DECORATION,1.4534023668639053
23267,SET OF 4 SANTA PLACE SETTINGS,1.4101785714285715
23268,SET OF 2 CERAMIC CHRISTMAS REINDEER,1.6883333333333332
23269,SET OF 2 CERAMIC CHRISTMAS TREES,1.7109473684210526
23270,SET OF 2 CERAMIC PAINTED HEARTS,1.5007751937984495
23271,CHRISTMAS TABLE CANDLE SILVER SPIKE,1.0537735849056602
23272,TREE T-LIGHT HOLDER WILLIE WINKIE,1.916818181818182
23273,HEART T-LIGHT HOLDER WILLIE WINKIE,1.8708547008547007
23274,STAR T-LIGHT HOLDER WILLIE WINKIE,2.006747967479675
23275,SET OF 3 HANGING OWLS OLLIE BEAK,1.470562130177515
23280,FOLDING BUTTERFLY MIRROR HOT PINK,1.0588679245283017
23281,FOLDING BUTTERFLY MIRROR RED,0.9803846153846153
23282,FOLDING BUTTERFLY MIRROR IVORY,1.255912408759124
23283,DOORMAT VINTAGE LEAVES DESIGN,8.653489361702128
23284,DOORMAT KEEP CALM AND COME IN,8.765696887686063
23285,PINK VINTAGE SPOT BEAKER,1.0659067357512952
23286,BLUE VINTAGE SPOT BEAKER,1.0276888888888889
23287,RED VINTAGE SPOT BEAKER,1.032128712871287
23288,GREEN VINTAGE SPOT BEAKER,1.037157894736842
23289,DOLLY GIRL CHILDRENS BOWL,1.5309183673469389
23290,SPACEBOY CHILDRENS BOWL,1.4339814814814815
23291,DOLLY GIRL CHILDRENS CUP,1.5195979899497487
23292,SPACE BOY CHILDRENS CUP,1.523930131004367
23293,SET OF 12 FAIRY CAKE BAKING CASES,1.063076923076923
23294,SET OF 6 SNACK LOAF BAKING CASES,1.0869060773480663
23295,SET OF 12 MINI LOAF BAKING CASES,1.1086593406593406
23296,SET OF 6 TEA TIME BAKING CASES,1.52
23297,SET 40 HEART SHAPE PETIT FOUR CASES,1.8344311377245508
23298,SPOTTY BUNTING,5.510903665814152
23299,FOOD COVER WITH BEADS SET 2,4.362094594594595
23300,GARDENERS KNEELING PAD CUP OF TEA,1.906157826649418
23301,GARDENERS KNEELING PAD KEEP CALM,1.9400644468313641
23302,KNEELING MAT HOUSEWORK  DESIGN,1.879033613445378
23303,SET 4 PICNIC CUTLERY FONDANT,1.95
23304,SET 4 PICNIC CUTLERY CHERRY,1.9500000000000002
23305,SET 4 PICNIC CUTLERY BLUEBERRY,1.9500000000000002
23306,SET OF 36 DOILIES PANTRY DESIGN,1.803594306049822
23307,SET OF 60 PANTRY DESIGN CAKE CASES,0.6829102167182662
23308,SET OF 60 VINTAGE LEAF CAKE CASES,0.6942159383033419
23309,SET OF 60 I LOVE LONDON CAKE CASES,0.7406103286384976
23310,BUBBLEGUM RING ASSORTED,0.47804878048780486
23311,VINTAGE CHRISTMAS STOCKING,2.960940170940171
23312,VINTAGE CHRISTMAS GIFT SACK,4.450913242009133
23313,VINTAGE CHRISTMAS BUNTING,5.545707317073171
23314,VINTAGE CHRISTMAS TABLECLOTH,13.589416666666667
23315,IVORY REFECTORY CLOCK,10.746321839080458
23316,RED REFECTORY CLOCK,11.09900900900901
23317,BLUE REFECTORY CLOCK,11.226951219512195
23318,BOX OF 6 MINI VINTAGE CRACKERS,2.732904884318766
23319,BOX OF 6 MINI 50'S CRACKERS,2.644916067146283
23320,GIANT 50'S CHRISTMAS CRACKER,2.8061764705882353
23321,SMALL WHITE HEART OF WICKER,1.7474074074074073
23322,LARGE WHITE HEART OF WICKER,3.13127147766323
23323,WHITE WICKER STAR,2.2498032786885247
23324,RUSTIC STRAWBERRY JAMPOT LARGE,2.198695652173913
23325,RUSTIC STRAWBERRY JAMPOT SMALL,1.801578947368421
23326,HANGING MINI COLOURED BOTTLES,2.638026315789473
23327,HANGING CLEAR MINI BOTTLE,0.7781818181818182
23328,SET 6 SCHOOL MILK BOTTLES IN CRATE,4.831570048309179
23329,DECORATIVE WICKER HEART LARGE,1.7686454183266933
23330,DECORATIVE WICKER HEART MEDIUM,1.3625
23331,DECORATIVE WICKER HEART SMALL,0.781578947368421
23332,IVORY WICKER HEART LARGE,1.7613131313131314
23333,IVORY WICKER HEART MEDIUM,1.3325819672131147
23334,IVORY WICKER HEART SMALL,0.7883823529411764
23335,EGG FRYING PAN IVORY,2.323838383838384
23336,EGG FRYING PAN PINK,2.604418604651163
23337,EGG FRYING PAN MINT,2.287971014492754
23338,EGG FRYING PAN RED,2.336727272727273
23339,EGG FRYING PAN BLUE,2.511578947368421
23340,VINTAGE CHRISTMAS CAKE FRILL,1.9589473684210525
23341,PINK DINER WALL CLOCK,9.943057851239669
23342,MINT DINER WALL CLOCK,8.831463414634145
23343,JUMBO BAG VINTAGE CHRISTMAS,2.411399594320487
23344,JUMBO BAG 50'S CHRISTMAS,2.4137037037037037
23345,DOLLY GIRL BEAKER,1.5035393258426966
23346,SPACEBOY BEAKER,1.5172192513368985
23347,I LOVE LONDON BEAKER,1.5478217821782179
23348,CHILDRENS TOY COOKING UTENSIL SET,2.555561797752809
23349,ROLL WRAP VINTAGE CHRISTMAS,1.5409565217391303
23350,ROLL WRAP VINTAGE SPOT,1.4599361022364217
23351,ROLL WRAP 50'S CHRISTMAS,1.5075623268698062
23352,ROLL WRAP 50'S RED CHRISTMAS,1.5104205607476637
23353,6 GIFT TAGS VINTAGE CHRISTMAS,0.9978378378378377
23354,6 GIFT TAGS 50'S CHRISTMAS,0.9709309309309309
23355,HOT WATER BOTTLE KEEP CALM,5.26636815920398
23356,LOVE HOT WATER BOTTLE,6.204569672131147
23357,HOT WATER BOTTLE SEX BOMB,5.005242718446602
23358,HOT STUFF HOT WATER BOTTLE,4.183626373626374
23359,SET OF 12 T-LIGHTS VINTAGE DOILEY,1.9862025316455696
23360,SET 8 CANDLES VINTAGE DOILEY,2.0620689655172413
23365,SET 12 COLOUR PENCILS LOVE LONDON,0.7943930635838151
23366,SET 12 COLOURING PENCILS DOILY,0.8156565656565656
23367,SET 12 COLOUR PENCILS SPACEBOY,0.7562937062937063
23368,SET 12 COLOUR PENCILS DOLLY GIRL,0.7831932773109244
23369,SET 36 COLOUR PENCILS LOVE LONDON,1.4970542635658914
23370,SET 36 COLOUR PENCILS DOILEY,1.5367532467532468
23371,SET 36 COLOUR PENCILS SPACEBOY,1.5179032258064515
23372,SET 36 COLOUR PENCILS DOLLY GIRL,1.6111842105263159
23373,VINTAGE CHRISTMAS PAPER GIFT BAG,0.9070999999999999
23374,RED SPOT PAPER GIFT BAG,0.8661194029850745
23375,50'S CHRISTMAS PAPER GIFT BAG,0.9358653846153846
23376,PACK OF 12 VINTAGE CHRISTMAS TISSUE,0.5071875
23377,PACK OF 12 DOLLY GIRL TISSUES,0.5594814814814815
23378,PACK OF 12 50'S CHRISTMAS TISSUES,0.46322404371584697
23379,PACK OF 12 RED APPLE TISSUES,0.5376623376623376
23380,PACK OF 12 VINTAGE DOILY TISSUES,0.48368
23381,PACK OF 12 VINTAGE LEAF TISSUES,0.4760493827160494
23382,BOX OF 6 CHRISTMAS CAKE DECORATIONS,4.64875
23388,WOODLAND MINI BACKPACK,4.634285714285714
23389,SPACEBOY MINI BACKPACK,4.529750000000001
23390,DOLLY GIRL MINI BACKPACK,4.388323353293413
23391,I LOVE LONDON MINI BACKPACK,4.611363636363636
23392,SPACEBOY ROCKET LOLLY MAKERS,2.6988695652173913
23393,HOME SWEET HOME CUSHION COVER,4.462911392405063
23394,POSTE FRANCE CUSHION COVER,4.954210526315789
23395,BELLE JARDINIERE CUSHION COVER,4.8886111111111115
23396,BUTTERFLY CUSHION COVER,4.797376237623762
23397,FOOT STOOL HOME SWEET HOME,11.537297297297297
23398,HANGING HEART BONHEUR,1.0425
23399,HOME SWEET HOME HANGING HEART,1.1070085470085471
23400,SHELF WITH 4 HOOKS HOME SWEET HOME,6.848532110091743
23401,RUSTIC MIRROR WITH LACE HEART,7.061046511627907
23402,HOME SWEEET HOME 3 PEG HANGER,4.4525
23403,LETTER HOLDER HOME SWEET HOME,4.360434782608696
23404,HOME SWEET HOME BLACKBOARD,5.938961748633879
23405,HOME SWEET HOME 2 DRAWER CABINET,5.971111111111111
23406,HOME SWEET HOME KEY HOLDER,7.094690265486726
23407,SET OF 2 TRAYS HOME SWEET HOME,10.660072992700728
23408,PHOTO FRAME LINEN AND LACE SMALL,2.08
23409,PHOTO FRAME LINEN AND LACE LARGE,3.812
23410,CURIO CABINET LINEN AND LACE,8.034210526315789
23411,TRELLIS COAT RACK,5.828620689655173
23412,HEART MIRROR ANTIQUE WHITE,7.7215384615384615
23413,VINTAGE COFFEE GRINDER BOX,6.281525423728814
23414,ZINC BOX SIGN HOME,10.071846153846153
23415,HOME SWEET HOME HOOK,1.4558333333333333
23416,CHAMBRE HOOK,1.7564
23417,BATHROOM HOOK,1.5964285714285713
23418,LAVENDER TOILETTE BOTTLE,2.562025316455696
23419,HOME SWEET HOME BOTTLE,2.6657471264367816
23420,PANTRY HOOK TEA STRAINER,2.33625
23421,PANTRY HOOK SPATULA,2.5148484848484847
23422,PANTRY HOOK BALLOON WHISK,2.777872340425532
23423,PANTRY 3 HOOK ROLLING PIN HANGER,4.502753623188406
23424,GINGHAM RECIPE BOOK BOX,6.1776470588235295
23425,STORAGE TIN HOME SWEET HOME,3.067966101694916
23426,METAL SIGN DROP YOUR PANTS,3.3323444976076555
23427,STOOL HOME SWEET HOME,12.941538461538462
23428,IVORY RETRO KITCHEN WALL CLOCK,9.863529411764706
23429,RED RETRO KITCHEN WALL CLOCK,8.887391304347826
23430,BLUE RETRO KITCHEN WALL CLOCK,8.621111111111112
23431,NATURAL HANGING QUILTED HEARTS,1.3431168831168832
23432,PRETTY HANGING QUILTED HEARTS,1.3654054054054052
23433,HANGING QUILTED PATCHWORK APPLES,1.4783695652173912
23434,3 RAFFIA RIBBONS 50'S CHRISTMAS,0.8797512437810946
23435,3 RAFFIA RIBBONS VINTAGE CHRISTMAS,0.8976767676767677
23436,GIFT BAG LARGE VINTAGE CHRISTMAS,1.440948275862069
23437,50'S CHRISTMAS GIFT BAG LARGE,1.4225757575757576
23438,RED SPOT GIFT BAG LARGE,1.370183486238532
23439,HAND WARMER RED LOVE HEART,2.2266262135922332
23440,PAINT YOUR OWN EGGS IN CRATE,2.022
23441,HAND PAINTED HANGING EASTER EGG,0.42
23442,12 HANGING EGGS HAND PAINTED,2.08
23444,Next Day Carriage,15.1875
23445,ICE CREAM BUBBLES,0.8656310679611651
23446,BLUE BUNNY EASTER EGG BASKET,1.5833333333333333
23447,PINK BUNNY EASTER EGG BASKET,1.5999999999999999
23448,CREAM BUNNY EASTER EGG BASKET,1.6499999999999997
23449,SET OF 6 EASTER RAINBOW CHICKS,1.25
23451,SQUARE MINI PORTRAIT FRAME,2.273396226415094
23452,HEART MINI PORTRAIT FRAME,2.0704545454545453
23453,OVAL  MINI PORTRAIT FRAME,1.9883673469387753
23454,SET OF 3 MINI HANGING PORTRAITS,4.5125
23455,SMALL PARLOUR PICTURE FRAME,2.867777777777778
23456,MEDIUM PARLOUR PICTURE FRAME,4.117567567567568
23457,LARGE PARLOUR PICTURE FRAME,5.109354838709678
23458,DOLLY CABINET 3 DRAWERS,14.95
23459,DOLLY CABINET 2 DRAWERS,12.5
23460,SWEETHEART WALL TIDY,9.905106382978722
23461,SWEETHEART BIRD HOUSE,4.547524752475248
23462,ROCOCO WALL MIRROR WHITE,20.490689655172414
23463,VINTAGE ZINC WATERING CAN,11.206249999999999
23464,VINTAGE ZINC WATERING CAN SMALL,6.2125
23465,TUSCAN VILLA FEEDING STATION,8.77375
23466,TUSCAN VILLA DOVECOTE,10.018928571428571
23467,VINTAGE ZINC PLANTER,4.366363636363636
23468,TUSCAN VILLA BIRD TABLE,8.25
23469,CARD HOLDER LOVE BIRD SMALL,4.6302702702702705
23470,CARD HOLDER LOVE BIRD LARGE,6.743260869565217
23471,SIX DRAWER OFFICE TIDY,10.162592592592592
23472,NINE DRAWER OFFICE TIDY,16.09060606060606
23473,WOODLAND SMALL RED FELT HEART,0.9533333333333333
23474,WOODLAND SMALL BLUE FELT HEART,1.0405263157894737
23475,WOODLAND SMALL PINK FELT HEART,0.959032258064516
23476,WOODLAND LARGE RED FELT HEART,1.4700000000000002
23477,WOODLAND LARGE BLUE FELT HEART,1.7153846153846155
23478,WOODLAND LARGE PINK FELT HEART,1.5130769230769232
23479,WIRE EGG BASKET,8.26659090909091
23480,MINI LIGHTS WOODLAND MUSHROOMS,4.4205
23481,PEARLISED IVORY HEART SMALL,1.28125
23482,PEARLISED IVORY HEART LARGE,1.765897435897436
23483,HANGING  BUTTERFLY T-LIGHT HOLDER,2.346923076923077
23484,HEART TRELLISTRIPLE T-LIGHT HOLDER,3.673333333333334
23485,BOTANICAL GARDENS WALL CLOCK,24.554374999999997
23486,ANTIQUE HEART SHELF UNIT,17.673
23487,SWEET HEART CAKE CARRIER,10.3156
23489,"GARLAND, VINTAGE BELLS",3.221454545454545
23490,T-LIGHT HOLDER HANGING LOVE BIRD,3.9592156862745096
23491,VINTAGE JINGLE BELLS HEART,8.4595
23492,VINTAGE JINGLE BELLS WREATH,8.549285714285714
23493,VINTAGE DOILY TRAVEL SEWING KIT,2.154168618266979
23494,VINTAGE DOILY DELUXE SEWING KIT,6.769124423963134
23495,SET OF 3 PANTRY WOODEN SPOONS,1.7221951219512195
23496,PANTRY KITCHEN THERMOMETER,1.562258064516129
23497,CLASSIC CHROME BICYCLE BELL,1.6227860696517413
23498,CLASSIC BICYCLE CLIPS,1.657941176470588
23499,SET 12 VINTAGE DOILY CHALK,0.4831858407079646
23500,KEY RING BASEBALL BOOT ASSORTED,1.3861764705882351
23501,KEY RING BASEBALL BOOT UNION JACK,1.4955263157894738
23502,PLAYING CARDS VINTAGE DOILEY,1.3016842105263158
23503,PLAYING CARDS KEEP CALM & CARRY ON,1.279127906976744
23504,PLAYING CARDS JUBILEE UNION JACK,1.3483410138248846
23505,PLAYING CARDS I LOVE LONDON,1.3546153846153848
23506,MINI PLAYING CARDS SPACEBOY,0.46264900662251657
23507,MINI PLAYING CARDS BUFFALO BILL,0.4734645669291338
23508,MINI PLAYING CARDS DOLLY GIRL,0.4662015503875969
23509,MINI PLAYING CARDS FUN FAIR,0.4865151515151515
23510,MINI PLAYING CARDS GYMKHANA,0.4972
23511,EMBROIDERED RIBBON REEL EMILY,2.3284000000000002
23512,EMBROIDERED RIBBON REEL ROSIE,2.3164912280701753
23513,EMBROIDERED RIBBON REEL SUSIE,2.3028169014084505
23514,EMBROIDERED RIBBON REEL SALLY,2.3456
23515,EMBROIDERED RIBBON REEL DAISY,2.3925
23516,EMBROIDERED RIBBON REEL SOPHIE,3.848181818181818
23517,EMBROIDERED RIBBON REEL REBECCA,3.4480952380952385
23518,EMBROIDERED RIBBON REEL RACHEL,3.0913333333333335
23519,EMBROIDERED RIBBON REEL CLAIRE,4.484583333333333
23520,EMBROIDERED RIBBON REEL RUBY,3.9675
23521,CAT AND BIRD WALL ART,4.204090909090909
23522,DOG AND BALL WALL ART,3.680625
23523,TREASURE AHOY WALL ART,3.930238095238095
23524,HORSE & PONY WALL ART,4.315
23525,BUFFALO BILL WALL ART,4.156296296296296
23526,DOG LICENCE WALL ART,8.217397260273973
23527,ANIMALS AND NATURE WALL ART,3.9882
23528,SPACEBOY WALL ART,4.7792
23529,DOLLY GIRL WALL ART,4.338648648648649
23530,WALL ART ONLY ONE PERSON,5.577586206896552
23531,WALL ART BIG LOVE,7.661681415929204
23532,WALL ART WORK REST AND PLAY,5.301612903225807
23533,WALL ART GARDEN HAVEN,6.166944444444445
23534,STOP FOR TEA WALL ART,7.526882129277567
23535,BICYCLE SAFTEY WALL ART,7.44
23536,VILLAGE SHOW WALL ART,6.784883720930233
23537,I LOVE LONDON WALL ART,6.9405882352941175
23538,WALL ART VINTAGE HEART,5.7790625
23539,WALL ART LOVES' SECRET,6.594047619047619
23540,WALL ART THE MAGIC FOREST,8.424285714285714
23541,WALL ART CLASSIC PUDDINGS,9.702483660130719
23542,70'S ALPHABET WALL ART,9.725434782608696
23543,KEEP CALM WALL ART,8.530952380952382
23544,WALL ART MID CENTURY MODERN,7.557619047619048
23545,WRAP RED DOILEY,0.41905882352941176
23546,WRAP PAISLEY PARK,0.42
23547,WRAP FLOWER SHOP,0.42
23548,WRAP MAGIC FOREST,0.42
23549,WRAP BIRD GARDEN,0.42
23550,WRAP ALPHABET POSTER,0.41875
23551,PACK OF 12 PAISLEY PARK TISSUES,0.5168115942028985
23552,BICYCLE PUNCTURE REPAIR KIT,2.2640650406504066
23553,LANDMARK FRAME CAMDEN TOWN,13.30220588235294
23554,LANDMARK FRAME OXFORD STREET,13.047017543859647
23555,LANDMARK FRAME NOTTING HILL,12.897450980392156
23556,LANDMARK FRAME COVENT GARDEN,12.615925925925925
23557,LANDMARK FRAME BAKER STREET,13.181875
23558,LANDMARK FRAME LONDON BRIDGE,13.125384615384615
23559,WOODLAND BUNNIES LOLLY MAKERS,2.8688709677419357
23560,SET OF 6 RIBBONS COUNTRY STYLE,3.543846153846154
23561,SET OF 6 RIBBONS PARTY,3.40875
23562,SET OF 6 RIBBONS PERFECTLY PRETTY,3.2853488372093027
23564,EGG CUP MILKMAID INGRID,1.7567105263157894
23565,EGG CUP MILKMAID HELGA,1.8270769230769233
23566,EGG CUP MILKMAID HEIDI,1.7635714285714283
23567,EGG CUP HENRIETTA HEN PINK,1.8084615384615386
23568,EGG CUP HENRIETTA HEN CREAM,1.7353061224489796
23569,TRADTIONAL ALPHABET STAMP SET,5.301675126903554
23570,TRADITIONAL PICK UP STICKS GAME,1.431118881118881
23571,TRADITIONAL NAUGHTS & CROSSES,1.8921374045801527
23574,PACKING CHARGE,7.5
23575,SNACK TRAY PAISLEY PARK,2.5823529411764703
23576,SNACK TRAY RED VINTAGE DOILY,2.4010526315789473
23578,SNACK TRAY RED GINGHAM,2.417142857142857
23579,SNACK TRAY I LOVE LONDON,2.6265714285714283
23580,SNACK TRAY HAPPY FOREST,2.2116
23581,JUMBO BAG PAISLEY PARK,2.253438395415473
23582,VINTAGE DOILY JUMBO BAG RED,2.2121509433962263
23583,LUNCH BAG PAISLEY PARK,1.8015915915915914
23597,PAPER BUNTING PAISLEY PARK,3.17875
23598,PAPER BUNTING VINTAGE PARTY,3.2351063829787234
23601,SET 10 CARDS SNOWY SNOWDROPS  17100,2.49
23602,SET 10 CARDS 3 WISE MEN 17107,2.91
23603,SET 10 CARD KRAFT REINDEER 17084,2.4899999999999998
23604,SET 10 MINI SANTA & SNOWMAN  17087,1.66
23605,SET 10 CARDS 12 DAYS OF XMAS 17059,2.91
23607,SET 10 CARDS HATS & STOCKINGS 17081,1.66
23608,SET 10 CARDS RUDOLPHS NOSE 17097,2.91
23609,SET 10 CARDS SNOWY ROBIN 17099,2.91
23610,SET 10 CARDS CHRISTMAS ROBIN 17095,2.08
23611,SET 10 CARDS RED RIDING HOOD 17214,2.49
23612,SET 10 MINICARDS CUTE SNOWMAN 17071,1.66
23613,SET 10 XMAS CARDS & BADGES 17070,2.49
23614,SET 10 CARDS 12 DAYS WRAP  17058,3.33
23615,SET 10 CARDS PRINTED GRAPHIC 17219,2.49
23616,SET 10 CARDS JINGLE BELLS 17217,2.4899999999999998
23617,SET 10 CARDS SWIRLY XMAS TREE 17104,2.91
23619,SET 10 CARDS POINSETTIA 17093,2.49
23620,SET 10 CARDS PERFECT POST 17090,2.4899999999999998
23621,SET 10 CARDS DAVID'S MADONNA 17074,2.49
23623,SET 10 CARD CHRISTMAS WELCOME 17112,2.91
23624,SET 10 CARD PERFECT NATIVITY 17089,2.49
23625,SET 6 CARDS SPARKLY REINDEER 17262,4.99
23626,SET 10 CARDS DINKY TREE 17076,2.49
23627,SET 10 CARDS XMAS GRAPHIC  17218,2.49
23628,SET 10 CARDS TRIANGLE ICONS  17220,2.91
23629,SET 10 CARDS DRESSING UP 17077,2.49
23630,SET 10 CARDS HANGING BAUBLES 17080,2.8233333333333337
23632,SET 10 CARDS CHEERFUL ROBIN 17065,2.08
23633,SET 10 CARDS WORLD CHILDREN 17067,2.49
23634,SET 10 CARDS XMAS CHOIR 17068,2.91
23635,SET 10 CARDS CHRISTMAS HOLLY  17259,4.16
23636,SET 10 CARDS WISHING TREE 17116,2.91
23637,SET 10 CARDS OUT OF ORDER 17216,2.49
23638,SET 10 CARDS ROBIN WATERPUMP  17096,2.91
23639,SET 10 CARDS MAGICAL TREE 17086,3.33
23640,SET 10 CARDS SCOTTIE DOG 17211,2.49
23643,SET 10 CARDS CHRISTMAS BAUBLE 16954,3.33
23644,SET 10 CARDS CHRISTMAS TREE 16955,3.3299999999999996
23645,SET 10 CHRISTMAS CARDS HOHOHO 16956,2.49
23646,SET 10 CARDS JINGLE BELLS 16957,2.49
23649,SET 10 CARDS DECK THE HALLS 16960,2.49
23650,SET 10 CARDS FILIGREE BAUBLE 16961,2.49
23652,SET 10 CARD CHRISTMAS STAMPS 16963,2.91
23654,SET 10 CARD SNOWMAN 16965,2.49
23660,HENRIETTA HEN MUG,2.1891304347826086
23661,MILK MAIDS MUG,2.1721052631578943
23664,FLOWER SHOP DESIGN MUG,1.65
23681,LUNCH BAG RED VINTAGE DOILY,1.8662406015037591
23691,KEEP CALM BIRTHDAY WRAP,0.4184210526315789
23692,WRAP A PRETTY THANK YOU,0.42
23694,PAISLEY PARK CARD,0.5885365853658536
23695,DOILY THANK YOU CARD,0.5042105263157894
23697,A PRETTY THANK YOU CARD,0.5208333333333334
23702,High Resolution Image,8.5
23843,"PAPER CRAFT , LITTLE BIRDIE",2.08
30086C,ASSORTED FRUIT STRAWS,1.7
35001B,HAND OPEN SHAPE BLACK,3.412857142857143
35001C,HAND OPEN SHAPE CHROME,3.39
35001G,HAND OPEN SHAPE GOLD,4.189626168224299
35001P,HAND OPEN SHAPE PINK,3.49
35001W,HAND OPEN SHAPE DECO.WHITE,4.06766497461929
35004B,SET OF 3 BLACK FLYING DUCKS,6.510398671096346
35004C,SET OF 3 COLOURED  FLYING DUCKS,7.8500000000000005
35004G,SET OF 3 GOLD FLYING DUCKS,6.07280487804878
35004P,SET OF 3 PINK FLYING DUCKS,6.940227272727273
35004S,SET OF 3 SILVER FLYING DUCKS,7.0665625
35015,JACOBS LADDER SMALL,0.09128205128205129
35051B,PINK BEADED CONE CHRISTMAS,0.42
35071,ASSORTED SANTA CHRISTMAS DECORATION,2.084285714285714
35085E,IVORY ROSE LAMPSHADE,1.1666666666666667
35095A,BLUE VICTORIAN FABRIC OVAL BOX,0.6371686746987951
35095B,RED VICTORIAN FABRIC OVAL BOX,0.6162146892655367
35096A,BLUE VICTORIAN FABRIC HEART BOX,0.6742
35096B,RED VICTORIAN FABRIC HEART BOX,0.46759999999999996
35160,BUDDHA INCENSE HOLDER ASSORTED,0.8171428571428571
35233,PASTA ENAMEL/BRASS CONTAINER,3.75
35240,ENAMEL BLUE RIM OVAL TRAY SET/2,8.49
35241,ENAMEL BLUE RIM BISCUIT BIN,6.013455882352941
35265,COLOURFUL FLOWER FRUIT BOWL,3.453125
35271S,GOLD PRINT PAPER BAG,0.23399999999999999
35400,WOODEN BOX ADVENT CALENDAR,10.303952991452991
35443,RASTA IN BATH W SPLIFF ASHTRAY,0.85
35471A,SET OF 3 BIRD L.BLUE FEATHER,1.6051724137931036
35471D,SET OF 3 BIRD LIGHT PINK FEATHER,1.2321787709497207
35537,CANDLE RING W/CLEAR BEADS,0.42
35591T,TURQUOISE CHRISTMAS TREE,1.25
35594,WOODEN CHRISTMAS TREE 3 HANGING,0.984
35596,WOOD XMAS TREE 9 FIG SHELVES,0.85
35597A,DUSTY PINK CHRISTMAS TREE 30CM,1.25
35597B,BLACKCHRISTMAS TREE 30CM,1.5514285714285714
35597D,PINK/WHITE CHRISTMAS TREE 30CM,0.5825
35598A,DUSTY PINK CHRISTMAS TREE 60CM,2.9500000000000006
35598B,BLACK CHRISTMAS TREE 60CM,2.5542105263157895
35598C,WHITE CHRISTMAS TREE 60CM,2.9500000000000006
35598D,PINK/WHITE CHRISTMAS TREE 60CM,1.62875
35599B,BLACK CHRISTMAS TREE 120CM,5.7886274509803926
35599D,PINK AND WHITE CHRISTMAS TREE 120CM,4.718461538461539
35600D,PINK AND WHITE CHRISTMAS TREE 180CM,7.084615384615384
35603B,S/16 BLACK SHINY/MAT BAUBLES,0.98
35603C,SET/16 WHITE SHINY & MATT BAUBLES,0.6888
35607A,PINK FLUFFY CHRISTMAS DECORATION,0.33129032258064517
35607B,BLACK FEATHER CHRISTMAS DECORATION,0.2788235294117647
35609A,PINK FEATHER CHRISTMAS DECORATION,0.8216666666666667
35610A,PINK CHRISTMAS FLOCK DROPLET,1.5366666666666664
35610B,BLACK CHRISTMAS FLOCK DROPLET,1.1314285714285715
35610C,WHITE CHRISTMAS FLOCK DROPLET,1.46875
35611B,BLACK ASSORTED DROPLET DECORATION,2.23
35631B,BLUE GREEN CHRISTMAS HANGING BALL,0.19
35633B,BLUE TINSEL GARLAND,0.19000000000000003
35637A,IVORY STRING CURTAIN WITH POLE,6.161851851851852
35637C,PINK STRING CURTAIN WITH POLE,6.51
35638A,PINK AND BLACK STRING CURTAIN,3.9499999999999997
35638B,PINK/BLUE STRING CURTAIN,6.6036363636363635
35644,PAIR PINK/BLACK COATHANGERS,1.95
35645,VINTAGE BEAD PINK JEWEL BOX,5.501764705882353
35646,VINTAGE BEAD PINK EVENING BAG,2.324245283018868
35647,VINTAGE BEAD PINK SHADE,1.7655999999999998
35648,VINTAGE BEAD PINK PURSE,1.7530405405405405
35649,VINTAGE BEAD COSMETIC BAG,3.0605555555555557
35650,VINTAGE BEAD PINK JEWEL STAND,4.95
35651,VINTAGE BEAD PINK SCARF,3.3950769230769233
35652,VINTAGE BEAD CHAISE LONG JEWEL BOX,3.625
35653,VINTAGE BEAD NOTEBOOK,3.7116814159292035
35654,VINTAGE BEAD FILLED PINK CUSHION,4.95
35751C,PURPLE CURRENT CANDLE RING,0.47
35751D,PINK CURRENT CANDLE RING,0.19
35793,S/3 PUPPIES CHRISTMAS DECORATIONS,3.776875
35809A,ENAMEL PINK TEA CONTAINER,2.5698404255319147
35809B,ENAMEL BLUE RIM TEA CONTAINER,2.5727272727272728
35810A,ENAMEL PINK COFFEE CONTAINER,2.344277456647399
35810B,ENAMEL BLUE RIM COFFEE CONTAINER,2.2398571428571428
35811A,ENAMEL PINK SUGAR CONTAINER,2.904235294117647
35815B,"ACRYLIC JEWEL SNOWFLAKE,BLUE",1.6866666666666665
35815P,"ACRYLIC JEWEL SNOWFLAKE, PINK",1.1171428571428572
35816B,"ACRYLIC JEWEL ANGEL,BLUE",1.4000000000000001
35816P,"ACRYLIC JEWEL ANGEL,PINK",1.1433333333333333
35817B,"ACRYLIC JEWEL SNOWFLAKE,BLUE",2.6999999999999997
35817P,"ACRYLIC JEWEL SNOWFLAKE,PINK",1.5945454545454545
35818B,"ACRYLIC JEWEL ICICLE, BLUE",1.1527272727272726
35818C,"ACRYLIC JEWEL ICICLE, CLEAR",3.43
35818P,"ACRYLIC JEWEL ICICLE, PINK",0.9732
35819B,"ACRYLIC HANGING JEWEL,BLUE",0.712
35819P,"ACRYLIC HANGING JEWEL,PINK",0.5042857142857143
35821B,"JEWELLED DECORATION,BLUE",0.38000000000000006
35821P,"JEWELLED DECORATION,PINK",2.95
35822B,"ACRYLIC BEAD CHAIN, BLUE",0.38
35822P,"ACRYLIC BEAD CHAIN, PINK",0.38
35823P,"ACRYLIC BEAD GARLAND,PINK",2.95
35824B,"HANGING FLOWERS+MIRROR,BLUE",0.8133333333333334
35824C,"HANGING FLOWERS+MIRROR,CLEAR",0.935
35824P,"HANGING FLOWERS+MIRROR,PINK",0.75
35832,WOOLLY HAT SOCK GLOVE ADVENT STRING,3.7193264248704665
35833G,4 GOLD FLOCK CHRISTMAS BALLS,1.657058823529412
35833P,4 PINK FLOCK CHRISTMAS BALLS,2.33578125
35837,SET OF SIX SILVER+RED FLOCK BAUBLES,0.85
35838A,S/6 MULTICOLOUR ORNAMENETAL CANDLE,1.175
35838B,S/6 SILVER ORNAMENETAL CANDLE,0.85
35840,FLAT GLASS  BAUBLE WHITE FLOCK,3.516666666666667
35909A,RABBIT EASTER DECORATION,2.95
35909B,PINK FLOWERS RABBIT EASTER,2.95
35910A,MULTICOLOUR EASTER RABBIT,1.9499999999999997
35910B,PINK FLOWERS RABBIT EASTER,2.515
35911A,MULTICOLOUR RABBIT EGG WARMER,1.5051546391752577
35911B,PINK/FLOWER RABBIT EGG WARMER,1.50125
35912B,WHITE/PINK CHICK DECORATION,1.8506666666666667
35913B,WHITE/PINK CHICK EASTER DECORATION,1.065217391304348
35914,PINK CHICK EGG WARMER + EGG CUP,1.637758620689655
35915A,CREAM KNITTED HEN,1.27
35915B,BLUE KNITTED HEN,1.2102941176470587
35915C,PEACH KNITTED HEN,1.3530487804878046
35916A,YELLOW FELT HANGING HEART W FLOWER,1.0156818181818181
35916B,BLUE FELT HANGING HEART W FLOWER,0.9663043478260869
35916C,PINK FELT HANGING HEART W FLOWER,1.220952380952381
35918B,BLUE FLORIBUNDA EGG WARMER,1.25
35920,FOUR RABBIT EASTER DECORATIONS,1.6679166666666667
35921,EASTER BUNNY HANGING GARLAND,2.7972549019607844
35922,EASTER BUNNY WREATH,7.053243243243244
35923,CANDY HEART HANGING DECORATION,1.2613793103448274
35924,HANGING FAIRY CAKE DECORATION,2.7007389162561575
35930,PINK HEART CHRISTMAS DECORATION,0.38
35931,PINK STAR CHRISTMAS DECORATION,0.48466666666666663
35932,PINK CHRISTMAS TREE DECORATION,0.537
35933,PINK STOCKING CHRISTMAS DECORATION,0.6982142857142858
35936,CERISE+GOLD CHRISTMAS TREE DEC,0.38
35937,CERISE+GOLD CHRISTMAS STOCKING DEC,0.38
35945,GOLD CHRISTMAS STOCKING DECORATION,1.95
35950,FOLKART HEART CHRISTMAS DECORATIONS,1.25
35951,FOLKART BAUBLE CHRISTMAS DECORATION,1.1871739130434782
35953,FOLKART STAR CHRISTMAS DECORATIONS,0.7854716981132076
35954,SMALL FOLKART STAR CHRISTMAS DEC,1.2202678571428571
35955,SMALL FOLKART CHRISTMAS TREE DEC,0.374
35957,SMALLFOLKART BAUBLE CHRISTMAS DEC,1.2234
35958,FOLKART ZINC STAR CHRISTMAS DEC,0.9695180722891567
35961,FOLKART ZINC HEART CHRISTMAS DEC,1.1426893353941265
35962,12 ASS ZINC CHRISTMAS DECORATIONS,2.8146391752577316
35963,FOLKART ZINC CLIP ON ANGEL WINGS,0.38
35964,FOLKART CLIP ON STARS,1.1159701492537313
35965,FOLKART HEART NAPKIN RINGS,3.2843428571428572
35966,FOLKART CHRISTMAS TREE T-LIGHT HOLD,0.6815384615384615
35967,FOLK ART METAL STAR T-LIGHT HOLDER,0.7622123893805309
35968,FOLK ART METAL HEART T-LIGHT HOLDER,0.6833750000000001
35969,FOLKART CROWN TABLE DECORATIONS,1.9160526315789475
35970,ZINC FOLKART SLEIGH BELLS,2.2531703910614524
35971,ROSE FOLKART HEART DECORATIONS,1.7818942731277534
35972,DAISY FOLKART HEART DECORATION,1.7579545454545453
35973,GERANIUM FOLKART HEART DECORATION,1.25
35974,S/6 CHRISTMAS TREE PLACE SETTING,3.75
35976B,WHITE SCANDINAVIAN HEART CHRISTMAS,1.25
35979,SIX STRING SCANDINAVIAN HEART DECS,3.7653333333333334
35980B,RED TOP SCANDINAVIAN HEART,0.38
35980C,REDWHITE STRIPE SCANDINAVIAN HEART,0.453
35981C,WHITE SNOW SCANDINAVIAN STOCKING,0.6566666666666667
35991,SET/6 BLACK SNOWFLAKE T-LIGHTS,0.8748214285714286
35995,SET/6 BLACK GLITTER REINDEER CANDLE,0.756
35999,S/6 SCANDINAVIAN HEART T-LIGHT,2.55
37112,YELLOW BIRDS FELT DES FOODCOVER,3.75
37326,FAIRY DESIGN MUGS,2.3049999999999997
37327,ASSTD MULTICOLOUR CIRCLES MUG,1.6285869565217392
37330,SPOTS MUG,2.2625806451612904
37333,"RETRO ""TEA FOR ONE""",6.922586206896551
37340,MULTICOLOUR SPRING FLOWER MUG,3.292822966507177
37342,SPOTTY COFFEE CUP & SAUCER,2.074962962962963
37343,SPOTS DESIGN MUG W PINK INSIDE,2.0845192307692306
37345,ASSTD HEARTS DESIGN MUGS,4.038888888888889
37348,SET OF 4 PASTEL STACKING MUGS,2.55
37351,ORANGE FLOWER MUG,3.7536363636363634
37352,BIRD IN TREE MUG,1.10625
37370,RETRO COFFEE MUGS ASSORTED,5.416368932038835
37379A,PINK CHERRY BLOSSOM CUP & SAUCER,7.6
37379B,BLUE CHERRY BLOSSOM CUP & SAUCER,0.8833333333333333
37399,"ASS RETROSPOOF MUGS,SPORTS",0.9733333333333333
37408,ASSORTED DESIGN GEISHA GIRL MUGS,1.25
37409,ASSORTED DESIGN FLOWER MUGS,0.85
37410,BLACK AND WHITE PAISLEY FLOWER MUG,7.371470588235294
37413,ICON MUG REVOLUTIONARY,0.4107228915662651
37422,WHITE WITH BLACK CATS BOWL,1.3546575342465754
37423,WHITE WITH BLACK CATS PLATE,1.3129577464788733
37424,WHITE WITH BLACK CATS MUG,1.2731192660550457
37432,MUG PINK AND PURPLE ARABIC DESIGN,0.65
37438,FUNKY FLOWER COFFEE POT,3.75
37441,ASSORTED WHITE EMBOSSED CHINA MUGS,4.9843636363636366
37444A,YELLOW BREAKFAST CUP AND SAUCER,3.1260000000000003
37444B,BLUE BREAKFAST CUP AND SAUCER,3.6879310344827587
37444C,PINK BREAKFAST CUP AND SAUCER,4.5520000000000005
37446,MINI CAKE STAND WITH HANGING CAKES,1.8493424036281179
37447,CERAMIC CAKE DESIGN SPOTTED PLATE,1.9467848101265823
37448,CERAMIC CAKE DESIGN SPOTTED MUG,1.7897719298245613
37449,CERAMIC CAKE STAND + HANGING CAKES,10.928433515482697
37450,CERAMIC CAKE BOWL + HANGING CAKES,3.408894117647059
37451,CERAMIC CAKE TEAPOT WITH CHERRY,4.483333333333333
37461,FUNKY MONKEY MUG,1.6062886597938144
37462B,"PET MUG, BUDGIE",0.7442424242424241
37462E,"PET MUG, GOLDFISH",0.6406896551724137
37464,ROBOT MUG IN DISPLAY BOX,1.7680722891566265
37467,PIG MUG IN TWO COLOUR DESIGNS,2.58890625
37468,HARDMAN MUG 3 ASSORTED,1.422857142857143
37471,MULTICOLOUR DOTS PLATE,3.336363636363636
37474,SET/4 2 TONE EGG SHAPE MIXING BOWLS,10.812222222222221
37475,SET/4 COLOURFUL MIXING BOWLS,10.565833333333332
37476,CONDIMENT TRAY 4 BOWLS AND 4 SPOONS,11.156538461538462
37477B,"FLOWER FAIRY MUG+COASTER,LAVENDER",3.75
37477C,"FLOWER FAIRY MUG+COASTER,ROSE",3.75
37479B,CUBIC MUG FLOCK BLUE ON BROWN,3.110625
37479P,CUBIC MUG FLOCK PINK ON BROWN,2.251714285714286
37481,CUBIC MUG TEATIME CAKES,2.55
37482B,CUBIC MUG BLUE POLKA DOT,6.406000000000001
37482P,CUBIC MUG PINK POLKA DOT,4.350697674418605
37483,ENGLISH ROSE MUG IN GIFT BOX,2.4669230769230768
37484,ENGLISH ROSE TEA FOR ONE GIFT BOX,6.75
37485,ENGLISH ROSE TEA SET IN GIFT BOX,4.5975
37487B,YELLOW/ORANGE FLOWER DESIGN PLATE,0.29
37488A,YELLOW PINK FLOWER DESIGN BIG BOWL,1.6700000000000002
37489A,YELLOW/PINK FLOWER DESIGN BIG MUG,1.2283333333333333
37489B,BLUE/YELLOW FLOWER DESIGN BIG MUG,1.0323529411764707
37489C,GREEN/BLUE FLOWER DESIGN BIG MUG,1.5541666666666665
37489D,PINK/GREEN FLOWER DESIGN BIG MUG,0.7614285714285715
37491A,YELLOW/PINK CERAMIC CANDLE HOLDER,2.6915384615384617
37491B,BLUE/YELLOW CERAMIC CANDLE HOLDER,2.3
37491C,GREEN/BLUE CERAMIC CANDLE HOLDER,2.163
37491D,PURPLE/BLUE CERAMIC CANDLE HOLDER,2.696923076923077
37492A,YELLOW RED FLOWER PIGGY BANK,4.305833333333333
37492B,BLUE YELLOW FLOWER PIGGY BANK,3.7274000000000003
37492C,GREEN BLUE FLOWER PIGGY BANK,3.8423076923076924
37492D,PURPLE GREEN FLOWER PIGGY BANK,4.1070370370370375
37494A,FAIRY CAKE CERAMIC BUTTER DISH,4.478245614035088
37495,FAIRY CAKE BIRTHDAY CANDLE SET,4.097307692307693
37500,TEA TIME TEAPOT IN GIFT BOX,9.142747252747252
37501,TEA TIME TEA SET IN GIFT BOX,7.284864864864865
37502,TEA TIME MUG IN GIFT BOX,3.3093103448275865
37503,TEA TIME CAKE STAND IN GIFT BOX,11.697153558052435
37506,NEW ENGLAND MILK JUG W GIFT BOX,5.950000000000001
37508,NEW ENGLAND CERAMIC CAKE SERVER,2.60695652173913
37509,NEW ENGLAND MUG W GIFT BOX,2.55
40001,WHITE BAMBOO RIBS LAMPSHADE,1.0287878787878786
40002,WHITE BAMBOO RIBS LAMPSHADE,0.85
40003,WHITE BAMBOO RIBS LAMPSHADE,1.4641791044776118
40005B,BLUE ORGANDY ROUND LAMPSHADE W BEA,0.8499999999999999
40016,CHINESE DRAGON PAPER LANTERNS,1.9042857142857144
40018E,TEA TIME PAPER LANTERNS,2.8451851851851853
40018F,CHERRY DESIGN PAPERLANTERNS,2.275655737704918
40046A,RED DAISY PAPER LAMPSHADE,1.7974193548387096
40046C,PINK BUTTERFLY PAPER LAMPSHADE,1.25
44089A,PINK GAUZE BUTTERFLY LAMPSHADE,0.42
44089C,LILAC GAUZE BUTTERFLY LAMPSHADE,0.42
44091A,BLUE CRUSOE CHECK LAMPSHADE,0.42
44091C,MULTICOLOUR CRUSOE CHECK LAMPSHADE,0.5682352941176471
44092B,BLUE WHITE PLASTIC RINGS LAMPSHADE,0.85
44092C,PURPLE/COPPER HANGING LAMPSHADE,0.85
44217M,MULTICOLOUR FEATHERS CURTAIN,3.55
44228,CANNABIS LEAF BEAD CURTAIN,0.85
44230,SQUARE MIRROR CURTAIN,9.044912280701755
44234,ASSORTED CIRCULAR MOBILE,0.37612903225806454
44235,ASS COL CIRCLE MOBILE,0.415
44236,PINK/PURPLE CIRCLE CURTAIN,2.868461538461539
44241C,BLUE BUTTERFLY ON SPRING,0.85
44242A,LILAC FEATHERS CURTAIN,1.02
44242B,PINK FEATHERS CURTAIN,1.1477777777777778
44265,M/COLOUR POM-POM CURTAIN,4.25
45008C,DECORATIVE NET CANOPY CREAM,12.162647058823529
45013,FOLDING SHOE TIDY,2.9000000000000004
45014,FOLDING SHIRT TIDY,4.65
45016,DECORATIVE NET CANOPY LEOPARD,5.865555555555556
46000M,POLYESTER FILLER PAD 45x45cm,1.5500000000000003
46000P,POLYESTER FILLER PAD 65CMx65CM,4.25
46000R,POLYESTER FILLER PAD 45x30cm,1.45
46000S,POLYESTER FILLER PAD 40x40cm,1.45
46000U,POLYESTER FILLER PAD 30CMx30CM,1.25
46037A,PINK CANVAS DES CUSHION COVER,1.25
46115B,GREEN POP ART MAO CUSHION COVER,0.18999999999999997
46118,FUNKY MONKEY CUSHION COVER,3.027945205479452
46126A,ELVIS WALLHANGING / CURTAIN,1.5891666666666666
46137D,GREEN CHENILLE SHAGGY RUG,2.95
46138B,BLUE CHENILLE SHAGGY CUSHION COVER,2.5425925925925923
46138D,GREEN CHENILLE SHAGGY C/COVER,1.95
46307,ROSES BLUE BASE CUSHION COVER,5.2645454545454555
46775A,BUBBLE GUM CHUNKY KNITTED THROW,14.133030303030303
46775B,BERRIES CHUNKY KNITTED THROW,16.95
46775D,SUNSET COLOUR CHUNKY KNITTED THROW,12.76090909090909
46775E,CANDY POP CHUNKY KNITTED THROW,13.26686274509804
46776A,WOVEN BUBBLE GUM CUSHION COVER,4.359590163934426
46776B,WOVEN BERRIES CUSHION COVER,4.2614935064935064
46776C,WOVEN FROST CUSHION COVER,4.324742268041237
46776D,WOVEN SUNSET CUSHION COVER,4.378961038961039
46776E,WOVEN CANDY CUSHION COVER,4.191153846153846
46776F,WOVEN ROSE GARDEN CUSHION COVER,4.20620253164557
47013A,WINE BOTTLE DRESSING LT.BLUE,0.2764
47013C,WINE BOTTLE DRESSING DARK BLUE,0.34206896551724136
47016,LIGHT DECORATION BATTERY OPERATED,2.1
47021G,SET/6 BEAD COASTERS GAUZE BAG GOLD,2.199577464788732
47310M,"SMALL POP BOX,FUNKY MONKEY",1.6646820809248555
47341A,FUSCHIA TABLE RUN FLOWER,2.3214285714285716
47341B,BLUE TABLE RUN FLOWER,1.7857142857142858
47343A,FUSCHIA FLOWER PURSE WITH BEADS,1.1875
47344B,BLUE FLOWER DES PURSE,1.082
47347B,BLUE FLOWER T-LIGHT HOLDER,1.64
47348A,FUSCHIA VOILE POINTY SHOE DEC,0.78
47351B,BLUE  VOILE LAMPSHADE,2.896666666666667
47367B,PAIR PADDED HANGERS PINK CHECK,3.5311340206185564
47369A,PINK GREEN EMBROIDERY COSMETIC BAG,3.0524
47369B,BLUE GREEN EMBROIDERY COSMETIC BAG,3.187241379310345
47420,ASSORTED COLOUR SUCTION CUP HOOK,0.19
47421,ASSORTED COLOUR LIZARD SUCTION HOOK,0.41487804878048773
47422,ASSORTED MONKEY SUCTION CUP HOOK,0.4143243243243243
47469,ASSORTED SHAPES PHOTO CLIP SILVER,0.6313513513513513
47471,RAINBOW PEGS PHOTO CLIP STRING,0.9604761904761905
47480,HANGING PHOTO CLIP ROPE LADDER,2.2767105263157896
47481,50CM METAL STRING WITH  7 CLIPS,1.1075
47502,POLKADOT CUTLERY 24 PCS IN TRAY,14.522906976744187
47503A,ASS FLORAL PRINT MULTI SCREWDRIVER,0.6351485148514852
47503E,ASS FLORAL PRINT SCISSORS,1.206
47503F,ASS FLORAL PRINT TORCH,1.5333333333333332
47503G,ASS FLORAL PRINT TAPE MEASURE,1.5697222222222222
47503H,ASS FLORAL PRINT SPIRIT LEVEL,1.9184375
47503J,SET/3 FLORAL GARDEN TOOLS IN BAG,10.855384615384615
47503K,ASSORTED FLORAL SECATEURS,2.21804347826087
47504E,ENGLISH ROSE SCISSORS,1.849375
47504F,ENGLISH ROSE TORCH,1.6721428571428572
47504G,ENGLISH ROSE TAPE MEASURE,1.9168965517241379
47504H,ENGLISH ROSE SPIRIT LEVEL,2.1226241134751773
47504J,ENGLISH ROSE SET/3 GARDEN TOOLS,12.533333333333333
47504K,ENGLISH ROSE GARDEN SECATEURS,1.870248447204969
47505,MINATURE COLOURED GARDENING SET,5.318548387096774
47518F,ICON PLACEMAT POP ART ELVIS,1.2048837209302325
47552A,DOTS IRONING BOARD COVER,1.9249999999999998
47554,S/3 COLOURS FLOCK TEA TOWELS,2.55
47556,SET/2 SPOTTY + ROSE TEA TOWELS,2.55
47556B,TEA TIME TEA TOWELS,3.2198910675381267
47559B,TEA TIME OVEN GLOVE,1.5154664914586071
47562,ENGLISH ROSE IRONING BOARD COVER,3.7318181818181815
47563A,RETRO LONGBOARD IRONING BOARD COVER,3.3300657894736845
47563B,WAVELINE SURF IRONING BOARD COVER,3.75
47566,PARTY BUNTING,5.70975439882698
47566B,TEA TIME PARTY BUNTING,5.657208520179373
47567,ENGLISH ROSE DESIGN KITCHEN APRON,5.95
47567B,TEA TIME KITCHEN APRON,6.258622589531681
47568,ENGLISH ROSE DESIGN PEG BAG,2.535083932853717
47569,ENGLISH ROSE DESIGN SHOPPING BAG,2.55
47570,ENGLISH ROSE TABLE CLOTH,12.235696202531646
47570B,TEA TIME TABLE CLOTH,12.12272340425532
47574A,ENGLISH ROSE SCENTED HANGING FLOWER,2.2903816793893133
47574B,ENGLISH ROSE SCENTED HANGING HEART,4.25
47578A,ENGLISH ROSE SMALL SCENTED FLOWER,1.0512162162162162
47579,TEA TIME BREAKFAST BASKET,2.5521052631578947
47580,TEA TIME DES TEA COSY,3.126353276353276
47581B,FAIRY CAKE WICKER PICNIC BASKET,16.222972972972972
47583A,SET OF 3 WICKER BASKET ROSE,25.965
47583B,SET OF 3 WICKER BASKET TEA AND CAKE,21.958333333333332
47585A,PINK FAIRY CAKE CUSHION COVER,4.433933333333334
47586A,PINK FAIRY CAKE CUSHION COVER,2.32
47587A,PINK FAIRY CAKE COASTER,1.212222222222222
47589,CONGRATULATIONS BUNTING,5.58710843373494
47590A,BLUE HAPPY BIRTHDAY BUNTING,5.7865142857142855
47590B,PINK HAPPY BIRTHDAY BUNTING,5.787795100222718
47591A,CAROUSEL DES CHILD'S APRON,1.6546478873239434
47591B,SCOTTIES DES CHILD'S APRON,1.704965034965035
47591C,BLUE FAIRY CAKE CHILD'S APRON,2.130679012345679
47591D,PINK FAIRY CAKE CHILD'S APRON,2.2833414832925834
47592A,CAROUSEL DES CHILD'S OVERALL,1.8420792079207922
47592B,SCOTTIES DESIGN CHILD'S OVERALL,1.9331034482758622
47593A,CAROUSEL DESIGN BABY BIB,0.9562
47593B,SCOTTIES DESIGN BABY BIB,0.7919337016574586
47594A,CAROUSEL DESIGN WASHBAG,2.089316239316239
47594B,SCOTTIES DESIGN WASHBAG,2.134
47597,NEW ENGLAND TEATOWELS,1.9637301587301585
47598,NEW ENGLAND EGG WARMER,0.7571875
47599A,PINK PARTY BAGS,2.2838563829787235
47599B,BLUE PARTY BAGS,2.218839590443686
48103,DOOR MAT KISS MY.......,7.051
48111,DOOR MAT 3 SMILEY CATS,8.740386740331491
48116,DOOR MAT MULTICOLOUR STRIPE,8.781425702811244
48129,DOOR MAT TOPIARY,8.207636363636363
48138,DOOR MAT UNION FLAG,8.031112433075549
48173A,DOOR MAT BLUE FLOCK,6.75
48173C,DOOR MAT BLACK FLOCK,8.438819188191882
48175,DOOR MAT CAMOUFLAGE,5.02
48179,DOOR MAT SWEET HOME,9.736363636363636
48184,DOOR MAT ENGLISH ROSE,8.225198598130842
48185,DOOR MAT FAIRY CAKE,9.16167670682731
48187,DOOR MAT NEW ENGLAND,8.066418604651163
48188,DOOR MAT WELCOME PUPPIES,8.49534090909091
48189,DOOR MAT FRIENDSHIP,9.042145454545455
48194,DOORMAT HEARTS,8.582213235294118
48195,DOOR MAT GREEN PAISLEY,8.15123595505618
48197,DOOR MAT BIRD ON THE WIRE,9.610977777777777
51008,AFGHAN SLIPPER SOCK PAIR,3.3970588235294117
51012C,"FEATHER DUSTER, COAL BLACK",1.25
51012L,"FEATHER DUSTER, LIGHT PINK",1.25
51014A,"FEATHER PEN,HOT PINK",0.8246578947368421
51014C,"FEATHER PEN,COAL BLACK",0.8221978021978021
51014L,"FEATHER PEN,LIGHT PINK",0.7752380952380952
51020A,SUMMER FUN DESIGN SHOWER CAP,0.8170588235294118
51020B,STRIPY DESIGN SHOWER CAP,0.9403225806451613
62018,SOMBRERO,1.7956692913385826
62043B,BLUE CHECK BAG W HANDLE 34X20CM,1.2027272727272726
62074B,ELEPHANT CLIP W SUCTION CUP,0.42
62086A,PINK RETRO BIG FLOWER BAG,1.95
62094B,TURQ ICE CREAM BUM BAG,3.935820895522388
62095B,TURQOISE ICE CREAM SUNHAT,1.558095238095238
62096A,PINK/YELLOW FLOWERS HANDBAG,2.2487912087912085
62096B,PURPLE/TURQ FLOWERS HANDBAG,2.315542168674699
62097A,PINK STRIPES SHOULDER BAG,2.9500000000000006
62097B,BLUE STRIPES SHOULDER BAG,1.36
70006,LOVE HEART POCKET WARMER,1.962718120805369
70007,HI TEC ALPINE HAND WARMER,2.1211057692307693
71028B,SILVER BLUE EGG T-LIGHT HOLDER,1.8407692307692307
71038,WHITE HANGING BEADS CANDLE HOLDER,5.413398692810458
71050,SMALL SINGLE FLAME CANDLE HOLDER,0.35
71053,WHITE METAL LANTERN,4.489842726081259
71101A,ANGEL ON KNEES METAL POLE 100CM H,0.85
71101E,STANDING FAIRY POLE SUPPORT,0.8367346938775511
71143,SILVER BOOK MARK WITH BEADS,1.9692999999999998
71215,METAL BASE FOR CANDLES,0.4091666666666667
71270,PHOTO CLIP LINE,1.67
71279,PINK GLASS CANDLEHOLDER,3.7908045977011495
71403,"PINK/WHITE ""KEEP CLEAN"" BULLET BIN",4.614142857142857
71406C,BLACK ORANGE SQUEEZER,0.4691428571428571
71434B,"BLACK RND BULLET""KEEP CLEAN"" BIN",2.55
71459,HANGING JAM JAR T-LIGHT HOLDER,1.1077134724857685
71477,COLOUR GLASS. STAR T-LIGHT HOLDER,3.692278338945006
71495A,CD WALL TIDY BLUE OFFICE,0.629047619047619
71495B,CD WALL TIDY RED FLOWERS,0.5449999999999999
71496A,A4 WALL TIDY BLUE OFFICE,1.0505882352941176
71496B,A4 WALL TIDY RED FLOWERS,0.59
71510,SQUARE METAL CANDLEHOLDER BASE,0.7935294117647059
72008,FROSTED BOX 9 WHITE T-LIGHT CANDLES,0.4408108108108108
72023F,RED ORGANIC CANDLE IN GLASS,1.3499999999999999
72024U,LILAC VOTIVE CANDLE,0.21
72038P,PRICE'S CANDLE PEACH,0.158
72045D,ROSES ON BLUE TEACUP CANDLE,2.795714285714286
72051S,BAG OF SILVER STONES,0.6721818181818182
72083A,STRAWBERY SWIRL FLARE CANDLE,2.1
72084B,CHOCOLATE ICE CREAM CANDLE,1.95
72122,COFFEE SCENT PILLAR CANDLE,1.1326612903225806
72127,COLUMBIAN CANDLE ROUND,1.3129411764705883
72128,COLUMBIAN CANDLE ROUND,0.8893406593406593
72129,COLUMBIAN CANDLE ROUND,0.7061111111111111
72130,COLUMBIAN CANDLE ROUND,0.6849152542372882
72131,COLUMBIAN CANDLE RECTANGLE,1.6584745762711863
72132,COLUMBIAN CUBE CANDLE,1.6935714285714287
72133,COLUMBIAN CANDLE RECTANGLE,1.3336363636363635
72134,COLUMBIAN  CUBE CANDLE,0.8983333333333333
72140E,BEST DAD CANDLE LETTERS,0.8913333333333333
72140F,HAPPY ANNIVERSARY CANDLE LETTERS,0.41600000000000004
72225C,LAVENDER SCENT CAKE CANDLE,0.2694871794871795
72225D,VANILLA SCENT CAKE CANDLE,0.26818181818181813
72232,FENG SHUI PILLAR CANDLE,0.19
72267,PREMIUM CHURCH CANDLE,2.175869565217391
72349B,SET/6 PURPLE BUTTERFLY T-LIGHTS,2.9120544554455448
72351A,SET/6 TURQUOISE BUTTERFLY T-LIGHTS,2.4172935779816513
72351B,SET/6 PINK  BUTTERFLY T-LIGHTS,2.3585380116959067
72369A,PINK CLEAR GLASS CANDLE PLATE,1.7473333333333334
72484,ROSES IN WHITE HEART CANDLE,1.21
72487,ROSES WHITE ROUND CANDLE,1.1528571428571428
72529W,WHITE ADVENT CANDLE,2.464
72586,"S/6 HALLOWEEN GHOST T LIGHTS, 5CM H",0.5857608695652174
72598,SET/12 TAPER CANDLES,1.1770987654320988
72606A,BROWN ANTIQUE CUBE CANDLE,0.42
72708,SCULPTED ROUND IVORY CANDLE,0.21000000000000002
72709,IVORY SCULPTED RND CANDLE,0.8499999999999999
72715,SPHERICAL IVORY CANDLE,0.42
72724,SET/6 CHRISTMAS ICICLE T-LIGHTS,1.25
72728,ROSE SCENT CANDLES IN GLASS,0.8452727272727273
72739B,WHITE CHOCOLATE SCENT CANDLE,1.835357142857143
72739C,DARK CHOCOLATE SCENTCANDLE,1.6440000000000001
72740A,LARGE STRAWBERRY CHOCOLATE CANDLE,3.8616666666666664
72740B,LARGE WHITE CHOCOLATE CANDLE,5.06
72741,GRAND CHOCOLATECANDLE,1.7330564430244941
72750A,"F.FAIRY S/3 CANDLE/GLASS,LILY/VALLY",2.4205882352941175
72750B,"F.FAIRY S/3 CANDLE/GLASS,LAVENDER",3.092857142857143
72750C,"F.FAIRY S/3 CANDLE/GLASS, ROSE",2.75
72750D,F.FAIRY S/3 CANDLE/GLASS,2.6772727272727272
72751A,"F.FAIRY S/3 SML CANDLE,LILY/VALLEY",5.95
72751B,"F.FAIRY S/3 SML CANDLE, LAVENDER",5.95
72751C,"F.FAIRY S/3 SML CANDLE, ROSE",5.95
72752A,"F.FAIRY,CANDLE IN GLASS,LILY/VALLEY",4.25
72752B,"F.FAIRY,CANDLE IN GLASS,LAVENDER",4.25
72753A,S/3 FLWR FAIRY LILLY CANDLES,3.735
72753B,S/3 FLWR FAIRY LAVENDER CANDLES,3.3414285714285716
72753C,S/3 FLWR FAIRY ROSE CANDLES,4.021666666666667
72753D,S/3 FLWR FAIRY SUMMER CANDLES,2.1
72754A,FLOWER FAIRY POTPOURRI CUSHION LILY,1.066
72754B,F FAIRY POTPOURRI CUSHIONS LAVENDER,1.17
72754D,F FAIRY POTPOURRI CUSHIONS SUMMER,1.69
72755C,FLOWER FAIRY OIL BURNER SET ROSE,1.85
72755D,FLOWER FAIRY OIL BURNER SET SUMMER,1.9423076923076923
72756,FAIRY CAKE CANDLES,1.469847328244275
72760B,VINTAGE CREAM 3 BASKET CAKE STAND,10.799999999999999
72771B,BURG FLOCK GOLD CUP/CANDLE,1.2822222222222222
72771C,BLACK FLOCK GOLD CANDLE,1.7133333333333332
72772,SET/4 SCENTED CANDLES IN RAMEKINS,2.531111111111111
72779,SET/6 BLACK ROSE T-LIGHT CANDLES,1.69
72780,BLACK SILOUETTE CANDLE PLATE,0.8413333333333333
72781,BLACK SILOUETTE CANDLE PLATE,2.04875
72783,BLACK SIL'T SQU CANDLE PLATE,2.1
72785A,S/4 CONTEMPORY PINK ROSEBUD CANDLES,2.1
72785B,S/4 CONTEMPORY RED ROSEBUD CANDLES,1.5666666666666667
72789,BASKET/8 SCENTED LOVE TOKEN CANDLES,3.835744680851064
72793,BLACK BOX MIRROR LANTERN,5.595454545454546
72796A,S/3 ENGLISH LAVENDER SQU CANDLE,1.6499999999999997
72796B,S/3 FRENCH VANILLA SQU CANDLE,1.65
72796C,S/3 ROSE GARDEN SCENT SQU CANDLE,1.65
72798C,SET/4 GARDEN ROSE DINNER CANDLE,2.1106666666666665
72799A,BLACK PILLAR CANDLE SILVER FLOCK,2.4555555555555557
72799B,PURPLE PILLAR CANDLE BLACK FLOCK,3.664375
72799C,PINK PILLAR CANDLE SILVER FLOCK,3.06625
72799D,BLUE PILLAR CANDLE SILVER FLOCK,3.742105263157895
72799E,IVORY PILLAR CANDLE SILVER FLOCK,2.9415
72799F,IVORY PILLAR CANDLE GOLD FLOCK,3.1107547169811323
72800A,S/4 BLACK DINNER CANDLE SILVER FLOC,2.9821739130434786
72800B,S/4 PURPLE DINNER CANDLE BLK FLOCK,2.6205263157894736
72800C,S/4 PINK DINNER CANDLE SILVER FLOCK,2.6556249999999997
72800D,S/4 BLUE DINNER CANDLE SILVER FLOCK,2.7077011494252874
72800E,4 IVORY DINNER CANDLES SILVER FLOCK,2.4884406779661012
72800F,4 IVORY DINNER CANDLES GOLD FLOCK,2.497391304347826
72801C,S/4 ROSE PINK DINNER CANDLES,1.7953763440860215
72801D,S/4 SKY BLUE DINNER CANDLES,1.9635245901639342
72801E,S/4 FESTIVE GREEN DINNER CANDLES,1.3860714285714286
72801F,S/4 FESTIVE RED DINNER CANDLES,1.25
72801G,S/4 BURGUNDY WINE DINNER CANDLES,1.404705882352941
72802A,ROSE SCENT CANDLE IN JEWELLED BOX,4.561675126903554
72802B,OCEAN SCENT CANDLE IN JEWELLED BOX,4.36027027027027
72802C,VANILLA SCENT CANDLE JEWELLED BOX,4.544657039711192
72803A,ROSE SCENT CANDLE JEWELLED DRAWER,4.377425742574258
72803B,OCEAN SCENT CANDLE JEWELLED DRAWER,4.558780487804878
72805,VANILLA CANDLE IN EMBOSSED ZINC POT,1.6900000000000002
72807A,SET/3 ROSE CANDLE IN JEWELLED BOX,5.688119658119658
72807B,SET/3 OCEAN SCENT CANDLE JEWEL BOX,5.452846153846154
72807C,SET/3 VANILLA SCENTED CANDLE IN BOX,5.646813725490197
72811,SMALL ZINC/GLASS CANDLEHOLDER,1.4468181818181818
72812,LARGE ZINC/GLASS CANDLEHOLDER,3.236774193548387
72814,SET/3 CHRISTMAS BRIAR CANDLES,3.8850000000000002
72815,3 WICK CHRISTMAS BRIAR CANDLE,3.98972972972973
72816,SET/3 CHRISTMAS DECOUPAGE CANDLES,1.9537956204379563
72817,SET/2 CHRISTMAS DECOUPAGE CANDLES,1.284331797235023
72818,CHRISTMAS DECOUPAGE CANDLE,0.8355970149253731
72819,CUPID DESIGN SCENTED CANDLES,2.9731914893617017
72821,CUPID SCENTED CANDLE IN GLASS,1.65
75011,BLUE DAISY MOBILE,1.3900000000000001
75013B,"STRING OF 8 BUTTERFLIES,PINK",2.031111111111111
75049L,LARGE CIRCULAR MIRROR MOBILE,1.4717444717444716
75131,METAL TUBE CHIME ON BAMBOO,1.700735294117647
75149N,STRING CRYSTALS NATURAL,1.25
75172,PAINTED SEA SHELL METAL WINDCHIME,2.1354545454545457
75178,ASSTD COL BUTTERFLY/CRYSTAL W/CHIME,1.4991999999999999
77079,DOLPHIN WINDMILL,2.12
77081,FLOWER WINDMILL,1.7611764705882351
77101A,UNION FLAG WINDSOCK,1.5012359550561796
78026,SEAGRASS S/3 SQU LAUNDRY BOX,19.975
78027,SEAGRASS S/2 CORNER LAUNDRY,18.03
78033,FLAG OF ST GEORGE CHAIR,5.572222222222222
78034B,BLUE NETTING STORAGE HANGER,1.95
78056,CAMOUFLAGE BACKPACK ON WHEELS,9.225
78124,MAGAZINE RACK GEBRA ASSORTED,1.8825806451612903
79000,MOROCCAN TEA GLASS,1.3597555555555556
79026B,"S/4 ICON COASTER,ELVIS LIVES",1.595945945945946
79029,GLASS HONEYPOT WASP CATCHER,2.2470165745856354
79030A,"TUMBLER, ENGLISH ROSE",5.692424242424242
79030D,"TUMBLER, BAROQUE",2.0135483870967743
79030G,"TUMBLER, NEW ENGLAND",2.9666942148760334
79051A,SMOKEY GREY COLOUR D.O.F. GLASS,0.8200000000000001
79062D,"RETRO TIN ASHTRAY,REVOLUTIONARY",0.38
79063C,"RETRO PILL BOX KEY CHAIN,THE KING",0.18928571428571428
79063D,"RETRO PILL BOX , REVOLUTIONARY",0.21
79065A,TEATIME ROUND CAKE TINS,9.95
79066K,RETRO MOD TRAY,1.1148461538461538
79067,CORONA MEXICAN TRAY,4.913128078817734
79070B,ENGLISH ROSE SQUARE CAKE TINS,11.26
79071B,ENGLISH ROSE METAL WASTE BIN,3.1742424242424243
79072,TEATIME CAKE TIN WITH HANDLE,12.522173913043478
79140,ASS WINDPROOF MARIJUANA LIGHTERS,0.42
79144B,PAINTED LIGHTBULB STAR+ MOON,0.6481521739130435
79144C,PAINTED LIGHTBULB RAINBOW DESIGN,0.7314432989690722
79149B,SILICON STAR BULB  BLUE,0.42
79151B,"SILICON CUBE 25W, BLUE",0.42
79157B,UBO-LIGHT TRIOBASE BLUE,0.85
79157V,UBO-LIGHT TRIOBASE PURPLE,0.85
79160,HEART SHAPE WIRELESS DOORBELL,2.493788546255507
79161A,ST GEORGE SET OF 10 PARTY LIGHTS,2.95
79163,BLACK CHAMPAGNE GLASS,2.456764705882353
79164,BLACK WINE GLASS,6.257755102040816
79172D,PURPLE TINT ACRYLIC FLOWER VASE,0.85
79190A,RETRO PLASTIC 70'S TRAY,0.577295081967213
79190B,RETRO PLASTIC POLKA TRAY,0.537536231884058
79190D,RETRO PLASTIC DAISY TRAY,0.5623893805309734
79191B,RETRO PLASTIC POLKA TRAY,1.0201333333333331
79191C,RETRO PLASTIC ELEPHANT TRAY,0.9639890710382514
79191D,RETRO PLASTIC DAISY TRAY,1.2108620689655174
79192A,RETRO PLASTIC 70'S TRAY,1.4266666666666667
79301,FEATHER HEART LIGHTS,2.63
79302M,"ART LIGHTS,FUNK MONKEY",3.771150442477876
79303A,WHITE ROHMBIC BLOCK TABLE LAMP,2.95
79303B,BLUE STAR BLOCK TABLE LAMP,4.752000000000001
79303D,LILAC FLOWER BLOCK TABLE LAMP,4.678571428571429
79308B,MOSAIC CANDLE DISH BLUE PURPLE,0.85
79315W,FLYING SAUCER TABLE LIGHT IN WHITE,4.3561538461538465
79320,FLAMINGO LIGHTS,5.8125625
79321,CHILLI LIGHTS,6.264888123924269
79323B,BLACK CHERRY LIGHTS,7.131467889908257
79323G,GOLD  CHERRY LIGHTS,7.277906976744186
79323GR,GREEN CHERRY LIGHTS,6.897
79323LP,LIGHT PINK CHERRY LIGHTS,6.7269565217391305
79323P,PINK CHERRY LIGHTS,7.046931818181818
79323S,SILVER CHERRY LIGHTS,7.514102564102564
79323W,WHITE CHERRY LIGHTS,6.835924369747899
79328,BLUE FLOCK GLASS CANDLEHOLDER,1.4272222222222222
79329,PINK FLOCK GLASS CANDLEHOLDER,1.2871428571428571
79331,PINK FLOCK GLASS CANDLEHOLDER,1.3677777777777775
79336,LIGHT PINK FLOCK GLASS CANDLEHOLDER,1.4557142857142857
79337,BLUE FLOCK GLASS CANDLEHOLDER,0.9972727272727272
79338,DARK PINK FLOCK GLASS CANDLEHOLDER,1.4692307692307693
79340P,PURPLE ORCHID FLOWER LIGHTS,7.95
79340W,WHITE ORCHID FLOWER LIGHTS,7.470000000000001
79341,WILLOW BRANCH LIGHTS.,7.647307692307693
79342B,BROWN FLOWER LIGHTS,8.614615384615385
79403,FROSTED WHITE BASE,1.1276315789473685
79406,FROSTED WHITE BASE,0.3961904761904762
79413,GLASS WINE GLASS DECORATIONS,1.25
79532,MOSAIC GLASS BALL CANDLEHOLDER,1.25
79534,MULTICOLOUR GLASS PLATE,0.55
81950B,FLOWER BLUE CLOCK W/SUCKER,0.9349999999999999
81950V,FLOWER PURPLE CLOCK W/SUCKER,0.6972727272727273
81952B,ROUND BLUE CLOCK W/SUCKER,0.7045
81952V,ROUND PURPLE CLOCK W/SUCKER,0.7021276595744681
81953B,ROUND ARTICULATED BLUE CLOCK W/SUCK,0.4375
81953P,ROUND ARTICULATED PINK CLOCK W/SUCK,0.52
81985A,"ICON ALARM CLOCK,FUSCHIA  PIN UP",2.55
82001S,VINYL RECORD FRAME SILVER,4.5943984962406015
82011A,"BATHROOM SCALES, TROPICAL BEACH",4.342285714285714
82011B,BATHROOM SCALES RUBBER DUCKS,4.251041666666667
82011C,BATHROOM SCALES FOOTPRINTS IN SAND,5.237887323943662
82011E,"BATHROOM SCALES, FAG BREAK",3.75
82069,BEECH WOOD P/FRAME,6.275454545454545
82072,WHITE WOOD SINGLE P/FRAME,1.25
82076,BEECH WOOD PHOTO FRAME,2.726842105263158
82081,PINK HEARTS PHOTO ALBUM,5.259130434782609
82093,HEART SHAPE BUTTON FRAME,3.1478571428571427
82095,HEART BUTTONS JEWELLERY BOX,6.192916666666666
82482,WOODEN PICTURE FRAME WHITE FINISH,2.9190466926070036
82483,WOOD 2 DRAWER CABINET WHITE FINISH,6.482465078060805
82484,WOOD BLACK BOARD ANT WHITE FINISH,7.790840965861781
82486,WOOD S/3 CABINET ANT WHITE FINISH,8.618836336336337
82494L,WOODEN FRAME ANTIQUE WHITE,3.397567058823529
82545A,COGNAC AUX OEUFS METAL 1 HOOK,1.25
82551,LAUNDRY 15C METAL SIGN,1.6663636363636363
82552,WASHROOM METAL SIGN,1.5457783312577833
82553,POP'S GREASY SPOON METAL SIGN,2.5773809523809526
82567,"AIRLINE LOUNGE,METAL SIGN",2.171857142857143
82578,KITCHEN METAL SIGN,0.7126330532212886
82580,BATHROOM METAL SIGN,0.7632032400589102
82581,TOILET METAL SIGN,0.6887204301075269
82582,AREA PATROLLED METAL SIGN,2.350296296296296
82583,HOT BATHS METAL SIGN,2.749629018961253
82585,SWEET VALENCIA CANDLE+CUP,1.8666
82587,TEXRIO TOMATOES CANDLE+CUP,1.450952380952381
82597,BOMBS AWAY METAL SIGN,2.5716894977168954
82599,FANNY'S REST STOPMETAL SIGN,2.700272373540856
82600,NO SINGING METAL SIGN,2.39920987654321
82605,OLD DOC.RUSSEL METAL SIGN,2.3973809523809524
82607A,GLASS BONBON JAR PARFUME AUX FLEURE,1.7876506024096386
82607C,GLASS BONBON JAR. SUPERFINES,1.901627906976744
82607E,GLASS BONBON JAR. D'AMANDES,1.25
82613A,"METAL SIGN,CUPCAKE SINGLE HOOK",1.6291735537190082
82613B,"METAL SIGN,CUPCAKE SINGLE HOOK",1.7528389830508473
82613C,"METAL SIGN,CUPCAKE SINGLE HOOK",1.7754726368159204
82613D,METAL SIGN CUPCAKE SINGLE HOOK,1.6837867647058822
82615,PINK MARSHMALLOW SCARF KNITTING KIT,3.2659782608695656
82616A,BUBBLE GUM SCARF KNITTING KIT,2.9890384615384615
82616B,FRAPPUCINO SCARF KNITTING KIT,2.2100769230769233
82616C,MIDNIGHT GLAMOUR SCARF KNITTING KIT,2.1897902097902096
84006,MAGIC TREE -PAPER FLOWERS,1.1057943925233644
84007,MAGIC GARDEN MOUNT FUJI,2.6815384615384614
84012,MAGIC SHEEP WOOL GROWING FROM PAPER,1.7204972375690606
84016,FLAG OF ST GEORGE CAR FLAG,49.63358208955224
84029C,BROWN FURRY HOT WATER BOTTLE,4.62204081632653
84029D,LEOPARD PRINT HOT WATER BOTTLE,4.223333333333334
84029E,RED WOOLLY HOTTIE WHITE HEART.,4.459420783645656
84029G,KNITTED UNION FLAG HOT WATER BOTTLE,4.785984630163305
84030B,KNITTED POM POM HOT WATER BOTTLE,4.9275
84030C,KNITTED RAINBOW HOT WATER BOTTLE,6.398571428571429
84030E,ENGLISH ROSE HOT WATER BOTTLE,5.189428044280443
84031A,CHARLIE+LOLA RED HOT WATER BOTTLE,4.7249532710280375
84031B,CHARLIE LOLA BLUE HOT WATER BOTTLE,4.733920863309352
84032A,CHARLIE+LOLA PINK HOT WATER BOTTLE,3.311087928464978
84032B,CHARLIE + LOLA RED HOT WATER BOTTLE,3.0833823529411766
84033,FLAG OF ST GEORGE,3.3534615384615383
84050,PINK HEART SHAPE EGG FRYING PAN,2.1436054421768707
84051,ASS COLOUR GLOWING TIARAS,0.8963934426229508
84077,WORLD WAR 2 GLIDERS ASSTD DESIGNS,0.28255566311713454
84078A,SET/4 WHITE RETRO STORAGE CUBES,45.345000000000006
84081,WHITE CERAMIC PARTY SET (5PCS),5.166190476190477
84086B,YELLOW/BLUE RETRO RADIO,2.95
84086C,PINK/PURPLE RETRO RADIO,3.2385227272727275
84192,ASSORTED COLOUR METAL CAT,1.2402564102564102
84199,GLOW IN DARK DOLPHINS,0.22123287671232875
84201B,HAPPY BIRTHDAY CARD STRIPEY TEDDY,0.19
84201C,HAPPY BIRTHDAY CARD TEDDY/CAKE,0.19000000000000003
84205C,HAPPY BIRTHDAY GINGER CAT CARD,0.19
84206A,3 BLACK CATS W HEARTS BLANK CARD,0.19
84206B,CAT W SUNGLASSES BLANK CARD,0.19
84206C,CHAMPAGNE TRAY BLANK CARD,0.19
84212,"ASSORTED FLOWER COLOUR ""LEIS""",0.8424014336917562
84218,BOX/12 CHICK & EGG IN BASKET,2.05
84219,BOX/12 MOTHER & CHICK IN BASKET/BOW,2.5967857142857143
84226,HEN HOUSE W FAMILY IN BARN & NEST,0.8383333333333334
84227,HEN HOUSE W CHICK IN NEST,0.42
84228,HEN HOUSE W CHICK STANDING,0.6240425531914894
84231,EASTER BUNNY WITH BASKET ON BACK,0.8629411764705882
84247C,PACK/12 BLUE REINDEER CARD,2.95
84247E,PACK/12 XMAS FUN CARD,2.8576923076923078
84247G,"DECOUPAGE,GREETING CARD,",0.48644859813084107
84247H,PACK/12 DECOUPAGE CARD,2.347142857142857
84247J,PACK/12 RUSSIAN DOLL CARDS,1.3244444444444445
84247K,"FOLK ART GREETING CARD,pack/12",3.2651724137931035
84247L,FAWN AND MUSHROOM GREETING CARD,0.5268468468468468
84247N,PACK/12 BLUE FOLKART CARDS,2.4225
84249A,"GREETING CARD,SQUARE, DOUGHNUTS",0.6129411764705882
84249D,FAIRY CAKE GREETINGS CARD,0.4772727272727273
84250M,"GREETING CARD, BLACKPOOL ROCK",0.7992307692307693
84251B,"GREETING CARD, STICKY GORDON",0.3964516129032258
84251C,"GREETING CARD, TWO SISTERS.",0.43830188679245285
84251F,"GREETING CARD, RITA",0.4414
84251G,"GREETING CARD, OVERCROWDED POOL.",0.45175824175824175
84251J,"GREETING CARD, THE BLACK CAT",0.7458823529411764
84255A,PINK GLASS COCKTAIL LAMP,2.1
84255B,ORANGE COCKTAIL GLASS LAMP,4.4911111111111115
84270,ASSTD DESIGN BUBBLE GUM RING,0.24718426501035196
84279B,CHERRY BLOSSOM DECORATIVE FLASK,4.274553571428571
84279P,CHERRY BLOSSOM  DECORATIVE FLASK,4.552633228840126
84288B,SET/2 BLUE  NOODLE BASKETS,1.95
84292,ROSE PINK METAL FOLDING CHAIR,10.362
84292B,BLUE COL METAL FOLDING CHAIR,7.359999999999999
84306,S/3 PINK SQUARE PLANTERS ROSES,12.064193548387097
84311,CAMOFLAGE CUSHION COVER,1.65
84313A,PINK TV TRAY TABLE,6.26
84313B,BLUE TV TRAY TABLE,6.966024096385543
84313C,ORANGE TV TRAY TABLE,5.152739726027397
84327A,PINK JUMPER LARRY THE LAMB,2.0943548387096773
84340,LARGE FIBRE OPTIC CHRISTMAS TREE,4.346363636363637
84341B,SMALL PINK MAGIC CHRISTMAS TREE,0.8920799999999999
84347,ROTATING SILVER ANGELS T-LIGHT HLDR,3.3316391359593394
84352,SILVER CHRISTMAS TREE BAUBLE STAND,17.797575757575757
84356,POMPOM CURTAIN,6.550962962962963
84358,FLOOR LAMP SHADE WOOD BASE,12.642413793103447
84360,TABLE LAMP WHITE SHADE WOOD BASE,6.240243902439024
84366,VENDETTA CANVAS PICTURE,3.75
84367,LA STREGA CANVAS PICTURE,2.175
84371,BIG PINK POODLE,17.375
84375,SET OF 20 KIDS COOKIE CUTTERS,2.509108910891089
84378,SET OF 3 HEART COOKIE CUTTERS,1.593197172034564
84380,SET OF 3 BUTTERFLY COOKIE CUTTERS,1.6641077738515901
84387A,BIRD ON BRANCH CANVAS SCREEN,1.95
84388,WISE MAN STAR SHAPE EGG PAN,1.4988
84396,6 HOOK JEWELLERY STAND BLACK DRESS,5.774400000000001
84402B,PURPLE DRESS JEWELLERY STAND,1.33
84402D,PINK DRESS JEWELLERY STAND,2.2946153846153847
84405A,S/3 PINK COL METAL BASKET W HANDLE,11.730980392156862
84406B,CREAM CUPID HEARTS COAT HANGER,3.7421618497109823
84414B,FUSCHIA/GREEN STRIPE WOOLLY BLANKET,13.965555555555556
84415A,PINK FLOCK SUEDE CUSHION COVER,2.9166666666666665
84415B,BLUE FLOCK CUSHION COVER,3.392857142857143
84422,PINK/BLUE DISC/MIRROR STRING,0.993
84424A,FOUR PICTURE WHITE GLASS FRAME,3.75
84425A,WHITE GLASS TV TRIPLE FRAME,4.2555555555555555
84427B,BLACK GLASS TV DOUBLE P/FRAME 15X10,4.25
84429A,MEDIUM PINK BUDDHA HEAD,4.005
84437A,S/6 PINK EASTER DECS IN BOX,0.8924999999999998
84447,6 RABBIT CHAIN EASTER,1.361578947368421
84450A,PINK RABBIT SITTING EASTER,0.48500000000000004
84450B,YELLOW RABBIT SAT EASTER,0.722
84452,METAL RABBIT LADDER EASTER,1.161063829787234
84454,WOBBLING METAL CHICKEN EASTER,1.075
84455,SET OF 3 RABBIT CARROTS EASTER,1.014
84456,SET OF 3 RABBIT EGG EASTER,0.95
84457,SET/3 RABBITS FLOWER SKIPPPING ROPE,1.1467692307692305
84458,S/3 RABBIT FLOWER/EGG/CARROT ROPE,0.85
84459A,PINK METAL CHICKEN HEART,2.319090909090909
84459B,YELLOW METAL CHICKEN HEART,2.112981651376147
84461,12 PINK HEN+CHICKS IN BASKET,2.605
84462,3 PINK HEN+CHICKS IN BASKET,1.3264285714285715
84464,S/60 PINK FLUFFY CHICKS IN BOX,2.4954545454545456
84465,15 PINK FLUFFY CHICKS IN BOX,3.041739130434783
84466,TOP SECRET PEN SET,1.5907407407407406
84467,ENGLISH ROSE DESIGN QUILTED THROW,24.23
84469,ROSE DES PADDED FLOOR CUSHION,5.513863636363637
84472,PINK AND LILAC QUILTED THROW,46.01878787878788
84482,BUTTONS DESIGN JEWELLERY BOX,4.086285714285714
84493,BLUE/PINK NEST STRIPE BOX,1.315
84497,BUTTONS AND STRIPES NOTEBOOK,4.15102564102564
84499,BLACK FLOWER CANDLE PLATE,1.238780487804878
84507B,STRIPES DESIGN MONKEY DOLL,2.89425
84507C,BLUE CIRCLES DESIGN MONKEY DOLL,2.6836486486486484
84508A,CAMOFLAGE DESIGN TEDDY,2.5087499999999996
84508B,STRIPES DESIGN TEDDY,2.8192
84508C,BLUE CIRCLES DESIGN TEDDY,2.940227272727273
84509A,ENGLISH ROSE PLACEMATS,5.008012422360248
84509B,FAIRY CAKE PLACEMATS,4.323349753694581
84509C,DOTTY PLACEMATS,5.383714285714286
84509E,CAROUSEL PLACEMATS,4.237272727272727
84509F,NEW ENGLAND PLACEMATS,3.9371739130434786
84509G,FAIRY CAKE PLACEMATS,3.819254658385093
84510A,SET OF 4 ENGLISH ROSE COASTERS,1.7654089219330855
84510B,SET OF 4 FAIRY CAKES COASTERS,1.6735064935064934
84510C,SET OF 4 POLKADOTS COASTERS,1.8794074074074074
84510E,SET OF 4 GREEN CAROUSEL COASTERS,1.9344117647058823
84510F,SET OF 4 NEW ENGLAND COASTERS,1.4564102564102563
84519A,TOMATO CHARLIE+LOLA COASTER SET,2.9695566502463056
84519B,CARROT CHARLIE+LOLA COASTER SET,2.9006018518518517
84520B,PACK 20 ENGLISH ROSE PAPER NAPKINS,1.054233870967742
84520D,PACK OF 20 FAIRY CAKE PAPER NAPKINS,1.13
84522,PINK PARTY SUNGLASSES,1.8596153846153847
84526,GIANT BLACK SUNGLASSES,2.112058823529412
84527,FLAMES SUNGLASSES PINK LENSES,2.1160869565217393
84529A,PINK KNITTED KIDS RUCKSACK,6.563684210526316
84529B,BLUE KNITTED KID'S RUCKSACK,5.226
84529C,YELLOW KNITTED KIDS RUCKSACK,5.033783783783784
84531A,PINK KNITTED EGG COSY,1.294468085106383
84531B,BLUE KNITTED EGG COSY,1.1726190476190477
84532B,FAIRY CAKES RECTANGLUAR BOXES,7.502903225806452
84533B,FAIRY CAKES ROUND NESTING BOXES,7.096666666666667
84534B,FAIRY CAKE NOTEBOOK A5 SIZE,1.2038144329896907
84535A,ENGLISH ROSE NOTEBOOK A6 SIZE,0.8453846153846154
84535B,FAIRY CAKES NOTEBOOK A6 SIZE,0.847820895522388
84536A,ENGLISH ROSE NOTEBOOK A7 SIZE,0.5385758998435054
84536B,FAIRY CAKES NOTEBOOK A7 SIZE,0.576390243902439
84537B,FAIRY CAKES GIFT BAG,0.42
84539,KNITTED RABBIT DOLL,1.6499999999999997
84546,CROCHET POODLE KEYRING,1.6499999999999997
84548,CROCHET BEAR RED/BLUE  KEYRING,1.65
84549,CROCHET WHITE RABBIT KEYRING,2.368125
84550,CROCHET LILAC/RED BEAR KEYRING,1.65
84551,CROCHET DOG KEYRING,1.65
84555A,YELLOW VW BEETLE CERAMIC MONEY BOX,2.926470588235294
84558A,3D DOG PICTURE PLAYING CARDS,3.3717857142857146
84559A,3D SHEET OF DOG STICKERS,1.1574169741697415
84559B,3D SHEET OF CAT STICKERS,1.101390134529148
84559D,3D SHEET OF SEA WORLD STICKERS,0.93125
84562A,PINK/WHITE RIBBED MELAMINE JUG,9.337875
84562B,BLUE/WHITE RIBBED MELAMINE JUG,10.530000000000001
84563A,PINK & WHITE BREAKFAST TRAY,6.021612903225806
84563B,BLUE & WHITE BREAKFAST TRAY,5.206271186440678
84564,6 SEGMENT COLOURED SNACK BOWL,8.725454545454546
84567,FROSTED GLASS WITH SILVER SURROUND,1.65
84568,GIRLS ALPHABET IRON ON PATCHES,0.37130573248407645
84569A,PACK 3 IRON ON DOG PATCHES,1.355913043478261
84569B,PACK 3 FIRE ENGINE/CAR PATCHES,1.4254545454545455
84569C,PACK 4 FLOWER/BUTTERFLY PATCHES,1.7807692307692307
84569D,PACK 6 HEART/ICE-CREAM PATCHES,1.45
84570B,WHITE SATIN DRESS JEWEL STAND,4.95
84572,6 HOOK JEWEL STAND LILAC DRESS,8.49
84575A,PINK DOG CANNISTER,5.378571428571428
84575B,BROWN DOG CANNISTER W BONE,5.95
84576,BLUE CAT BISCUIT BARREL PINK HEART,4.8925
84578,ELEPHANT TOY WITH BLUE T-SHIRT,3.86859649122807
84580,MOUSE TOY WITH PINK T-SHIRT,3.8765111111111112
84581,DOG TOY WITH PINK CROCHET SKIRT,3.8482627118644066
84582,PINK CROCHET CAT WITH SCARF,4.25
84584,PINK GINGHAM CAT WITH SCARF,2.8196
84586L,"PINK ROSES/GINGHAM PATCH RABBIT 8""",2.95
84592,CROCHET ROSE PURSE WITH SUEDE BACK,3.443829787234043
84593,CROCHET ROSE DES CLOTHES HANGER,2.95
84595B,LARGE TRIFLE DESIGN L BLUE BOWL,3.09375
84595E,LARGE TORTILLA DESIGN RED BOWL,3.282272727272727
84596B,SMALL DOLLY MIX DESIGN ORANGE BOWL,0.8672409152086138
84596E,SMALL LICORICE DES PINK BOWL,1.3397747747747748
84596F,SMALL MARSHMALLOWS PINK BOWL,0.8879006410256409
84596G,SMALL CHOCOLATES PINK BOWL,0.8714689265536724
84596I,WRAP SWEETS LIGHT PINK SMALL BOWL,1.3472727272727274
84596J,MIXED NUTS LIGHT GREEN BOWL,1.2029078014184396
84596K,JELLY BABIES YELLOW SMALL BOWL,1.4261702127659575
84596L,BISCUITS SMALL BOWL LIGHT BLUE,0.9714062499999999
84597B,RETRO BROWN BALL ASHTRAY,1.5999999999999999
84597C,RETRO PINK BALL ASHTRAY,1.4575555555555557
84598,BOYS ALPHABET IRON ON PATCHES,0.3697260273972603
84599,CANDY STRIPE ROSE FLOOR CUSHION,12.04
84600,NEW BAROQUE JEWELLERY BOX,9.507636363636363
84601A,NEW BAROQUE IVORY CUSHION COVER,3.52125
84608,ORNATE EDWARDIAN CANDLE HOLDER,7.95
84609,TALL ROCOCO CANDLE HOLDER,10.828205128205129
84611B,BLACK NEW BAROQUE FLOCK BOX,5.95
84612B,SET/4 BLACK  BAROQUE FLOCK COASTER,2.55
84613A,PINK NEW BAROQUE FLOCK CANDLESTICK,4.65
84613C,BLUE NEW BAROQUE FLOCK CANDLESTICK,4.580000000000001
84614A,PINK BAROQUE FLOCK CANDLE HOLDER,7.564545454545454
84614C,BLUE BAROQUE FLOCK CANDLE HOLDER,5.95
84615,PINK ROUND BUTTERFLY MIRROR,5.6481818181818175
84616,SILVER ROCCOCO CHANDELIER,27.965
84617,NEW BAROQUE BLACK BOXES,12.75
84619,BLUE GINGHAM ROSE QUILT,35.91413793103448
84620,BLUE GINGHAM ROSE CUSHION COVER,6.5352
84621,BLUE GINGHAM ROSE FLOOR CUSHION,9.064
84622,PINK GINGHAM ROSE CUSHION COVER,7.525
84623,PINK GINGHAM ROSE FLOOR CUSHION,8.072142857142858
84625A,PINK NEW BAROQUECANDLESTICK CANDLE,2.7753488372093025
84625B,BLCK NEW BAROQUE CANDLESTICK CANDLE,2.25
84625C,BLUE NEW BAROQUE CANDLESTICK CANDLE,2.5555696202531646
84625D,WHITE NEWBAROQUE CANDLESTICK CANDLE,2.3364285714285713
84626,CANDY STRIPE ROSE QUILT,45.95
84627,CANDY STRIPE ROSE C/COVER,5.95
84629,WHITE 3 FRAME BIRDS AND TREE,12.235714285714286
84630,FLOWERS AND BIRDS WALL PLAQUE,7.95
84631,FRUIT TREE AND BIRDS WALL PLAQUE,9.455769230769231
84632,DECORATIVE HANGING SHELVING UNIT,59.116666666666674
84637,KITCHEN FLOWER POTS WALL PLAQUE,5.804122807017544
84638,SMALL KITCHEN FLOWER POTS PLAQUE,7.495652173913044
84648,NEW BAROQUE WALL MIRROR,12.75
84653,GREEN ROSE QUILT,54.88166666666667
84656,WHITE ROSE C/COVER,5.950000000000001
84657,GREEN ROSE CUSHION COVER,4.4990000000000006
84658,WHITE STITCHED CUSHION COVER,6.96723076923077
84659A,WHITE TRAVEL ALARM CLOCK,2.5637719298245614
84660A,WHITE STITCHED WALL CLOCK,2.671206896551724
84660B,BLACK STITCHED WALL CLOCK,3.4652238805970152
84660C,PINK STITCHED WALL CLOCK,4.607256637168142
84661A,WHITE SQUARE TABLE CLOCK,3.015111111111111
84661B,BLACK SQUARE TABLE CLOCK,3.266730769230769
84661C,PINK SQUARE TABLE CLOCK,3.0051851851851854
84663A,GRASS HOPPER WOODEN WALL CLOCK,4.353529411764706
84664,CHERRY BLOSSOM BATHROOM CABINET,4.95
84665,SQUARE CHERRY BLOSSOM CABINET,6.334615384615385
84666,SQUARE CHERRY BLOSSOM CABINET,3.9499999999999997
84670,JAPANESE CROCHETED ANIMAL,0.4945833333333333
84671B,CROCHET BEAR WITH BLUE STRIPES,3.185151515151515
84673A,PINK FLY SWAT,0.7400980392156864
84673B,BLUE FLY SWAT,0.9224444444444444
84674,FLYING PIG WATERING CAN,3.201636363636364
84675,FROG KING WATERING CAN,3.6728125
84676,BATH DUCK WATERING CAN,3.11675
84678,CLASSICAL ROSE SMALL VASE,2.8564772727272723
84679,CLASSICAL ROSE TABLE LAMP,8.35
84680,CLASSICAL ROSE URN,7.116666666666666
84682,CLASSICAL ROSE DISH,3.311666666666667
84683,CLASSICAL ROSE CANDLESTAND,1.6298
84684,BEACH HUT PHOTO FRAME,3.212142857142857
84685,BEACH HUT KEY CABINET,5.666015625
84686,BEACH HUT MIRROR,5.859113924050633
84687,BEACH HUT SHELF W 3 DRAWERS,6.805897435897436
84688,BEACH HUT DESIGN BLACKBOARD,5.634494382022472
84689,S/2 BEACH HUT TREASURE CHESTS,5.2625
84690,S/2 BEACH HUT STOOLS,7.95
84691,PACK 20 DOLLY PEGS,1.0240167364016735
84692,BOX OF 24 COCKTAIL PARASOLS,0.6282839721254355
84705A,ENGLISH ROSE PHOTO FRAME,4.65
84705B,FAIRY CAKES PHOTO FRAME,3.776
84705C,PINK FLOCK PHOTO FRAME,3.92875
84705D,CHERRY BLOSSOM PHOTO FRAME,4.386
84705F,RED PEONY PHOTO FRAME,4.65
84706A,ENGLISH ROSE TABLE CLOCK,7.339999999999999
84706B,FAIRY CAKES TABLE CLOCK,9.834545454545454
84706C,PINK FLOCK TABLE CLOCK,3.6999999999999997
84706D,CHERRY BLOSSOM TABLE CLOCK,4.605294117647058
84706F,RED PEONY TABLE CLOCK,5.792105263157895
84707A,SILVER JEWELLED MIRROR TRINKET TRAY,10.487656249999999
84707B,PINK JEWELLED MIRROR TRINKET TRAY,8.659807692307693
84708B,PINK JEWELLED PHOTO FRAME,5.391851851851852
84709A,SILVER OVAL JEWELLED MIRROR,5.95
84709B,PINK OVAL JEWELLED MIRROR,5.925568181818182
84711A,SILVER OVAL SHAPE TRINKET BOX,9.000416666666666
84711B,PINK OVAL SHAPE TRINKET BOX,8.988
84712B,PINK JEWELLED PHOTO FRAME,7.797
84715,SET OF 6 ICE CREAM SKITTLES,3.393617021276596
84720,DOT MATRIX CANVAS ART PICTURE,6.883333333333333
84721,MANHATTAN CANVAS ART PICTURE,8.35
84723,CHERRY BLOSSOM CANVAS ART PICTURE,6.235714285714286
84725,FREESTYLE CANVAS ART PICTURE,2.1155172413793104
84726,LILLIES CANVAS PICTURE,2.17
84731,3 BIRDS CANVAS SCREEN,1.23
84732B,CUTE BIRD CEATURE SCREEN,1.23
84732D,CUTE RABBIT CEATURE SCREEN,1.23
84741C,CITRUS GARLAND FELT FLOWERS,2.125576923076923
84743C,ORANGE FELT VASE + FLOWERS,1.25
84744,S/6 SEW ON CROCHET FLOWERS,1.3263636363636362
84745A,PINK HANGING GINGHAM EASTER HEN,0.42
84745B,BLUE HANGING GINGHAM EASTER HEN,0.42
84746,PINK EASTER HENS+FLOWER,3.105
84748,FOLK FELT HANGING MULTICOL GARLAND,3.4468085106382977
84750A,PINK SMALL GLASS CAKE STAND,2.984159292035398
84750B,BLACK SMALL GLASS CAKE STAND,2.401951219512195
84751B,BLACK MEDIUM GLASS CAKE STAND,2.9427272727272724
84753A,PINK EAU DE COLOGNE BOTTLE,1.1537499999999998
84754,S/15 SILVER GLASS BAUBLES IN BAG,1.5492035398230088
84755,COLOUR GLASS T-LIGHT HOLDER HANGING,0.8234896233666411
84757,ENCHANTED GARDEN WROUGHT IRON TABLE,14.95
84760L,LARGE HANGING GLASS+ZINC LANTERN,1.6
84760S,SMALL HANGING GLASS+ZINC LANTERN,1.9478378378378376
84761,IVORY HANGING BIRD PLANTER,3.113064516129032
84762A,WHITE PICNIC BARBECUE BUCKET,9.7634375
84762B,PINK PICNIC BARBECUE BUCKET,8.7825
84762C,GREEN PICNIC BARBECUE BUCKET,8.556511627906977
84763,ZINC FINISH 15CM PLANTER POTS,1.4076608187134503
84765,SILVER ROCOCO CANDELABRA,16.389999999999997
84766,SILVER ROCOCO CANDLE STICK,4.498387096774193
84767,ZINC POLICE BOX LANTERN,7.395
84770,ROUND GEORGIAN SILVER MIRROR,3.5586956521739133
84773,RED ROSE AND LACE C/COVER,2.95
84782A,PINK 3 TIER GLASS PLATE STAND,10.4375
84782B,BLACK 3 TIER GLASS PLATE STAND,12.75
84782C,GREEN 3 TIER GLASS PLATE STAND,9.786363636363637
84789,ENCHANTED BIRD PLANT CAGE,4.006821705426357
84791,GINGHAM HEART DECORATION,3.783457943925234
84792,ENCHANTED BIRD COATHANGER 5 HOOK,5.245198487712665
84795A,PASTEL STRIPE HAMMOCK,9.646056338028169
84795B,SUNSET CHECK HAMMOCK,10.129115044247786
84795C,OCEAN STRIPE HAMMOCK,9.466466165413534
84795D,SEASIDE STRIPE HAMMOCK,8.762380952380951
84795E,RIO PINK STRIPE HAMMOCK,7.95
84796A,PINK HAWAIIAN PICNIC HAMPER FOR 2,9.379847328244274
84796B,BLUE SAVANNAH PICNIC HAMPER FOR 2,9.23820652173913
84797A,PINK HAWAIIAN PICNIC HAMPER FOR 4,11.082131147540984
84797B,BLUE SAVANNAH PICNIC HAMPER FOR 4,10.885849056603773
84798A,PINK FOXGLOVE ARTIIFCIAL FLOWER,2.509090909090909
84798B,PURPLE FOXGLOVE ARTIIFCIAL FLOWER,2.1636363636363636
84798C,WHITE FOXGLOVE ARTIIFCIAL FLOWER,2.55
84799,SPRIG LAVENDER ARTIFICIAL FLOWER,1.0236363636363637
84800L,LARGE WHITE/PINK ROSE ART FLOWER,1.8574358974358973
84800M,MEDIUM WHITE/PINK ROSE ART FLOWER,1.592857142857143
84800S,SMALL WHITE/PINK ROSE ART FLOWER,1.1065
84801A,PINK HYDRANGEA ART FLOWER,1.976
84801B,WHITE HYDRANGEA ART FLOWER,2.0194444444444444
84802A,WHITE ANEMONE ARTIFICIAL FLOWER,1.6900000000000002
84802B,PURPLE ANEMONE ARTIFICIAL FLOWER,1.5405882352941176
84803A,PINK ALLIUM  ARTIFICIAL FLOWER,1.69
84803B,WHITE ALLIUM  ARTIFICIAL FLOWER,1.69
84804A,CREAM DELPHINIUM ARTIFICIAL FLOWER,2.7022222222222223
84804B,BLUE DELPHINIUM ARTIFICIAL FLOWER,2.5252380952380955
84805A,CREAM CLIMBING HYDRANGA ART FLOWER,2.7625
84805B,BLUE CLIMBING HYDRANGA ART FLOWER,2.461111111111111
84806A,PINK CANDYSTUFT ARTIFICIAL FLOWER,1.135
84806B,WHITE CANDYSTUFT ARTIFICIAL FLOWER,1.3784375
84807,RED POPPY ARTIFICIAL FLOWER,1.5414285714285714
84809A,WHITE CHRYSANTHEMUMS ART FLOWER,2.0245454545454544
84809B,PINK CHRYSANTHEMUMS ART FLOWER,1.7875
84813,SET OF 4 DIAMOND NAPKIN RINGS,11.5282
84814A,HEXAGONAL CRYSTAL PERFUME BOTTLE,1.95
84814B,RHOMBUS CRYSTAL PERFUME BOTTLE,1.95
84815,SET OF 3 DANISH ROSE PLANTERS,5.385094339622642
84816,DANISH ROSE BEDSIDE CABINET,38.916071428571435
84817,DANISH ROSE DECORATIVE PLATE,1.6673563218390806
84818,DANISH ROSE PHOTO FRAME,2.029775784753363
84819,DANISH ROSE ROUND SEWING BOX,2.9957731958762883
84820,DANISH ROSE TRINKET TRAYS,5.331428571428572
84821,DANISH ROSE DELUXE COASTER,0.7980263157894737
84823,DANISH ROSE FOLDING CHAIR,13.283333333333333
84824,DANISH ROSE UMBRELLA STAND,18.37272727272727
84826,ASSTD DESIGN 3D PAPER STICKERS,0.6629090909090909
84827,ASS DES PHONE SPONGE CRAFT STICKER,0.5545161290322581
84828,JUNGLE POPSICLES ICE LOLLY HOLDERS,1.6186274509803922
84830,LARGE ENGLISH ARBORETUM,15.556249999999999
84832,ZINC WILLIE WINKIE  CANDLE STICK,1.082663551401869
84836,ZINC METAL HEART DECORATION,1.3766481994459834
84837,WHITE SWEETHEARTS CABINET 4 DRAWERS,13.428888888888888
84838,ANT WHITE HIGH RISE BIRD BOX,7.875
84839,SWEETHEART KEY CABINET,7.1989851485148515
84840,SWEETHEART CARRY-ALL BASKET,8.995563380281691
84842,HELLO SAILOR BATHROOM SET,4.320555555555555
84843,WHITE SOAP RACK WITH 2 BOTTLES,7.0597345132743365
84845A,HOLLYHOCK SQUARE HANDY TIN,1.25
84845C,CARNATION SQUARE HANDY TIN,1.25
84845D,GERANIUM SQUARE HANDY TIN,1.25
84846A,SCENTED CANDLE IN DIGITALIS TIN,2.573888888888889
84847,FLORAL BATHROOM SET,4.3834
84849A,HELLO SAILOR BLUE SOAP HOLDER,2.2186915887850467
84849B,FAIRY SOAP SOAP HOLDER,2.021891891891892
84849D,HOT BATHS SOAP HOLDER,1.893371212121212
84854,GIRLY PINK TOOL SET,6.5475
84855,BLOKEY SILVER TOOL SET,5.875
84856L,LARGE TAHITI BEACH BAG,7.748271604938272
84856S,SMALL TAHITI BEACH BAG,4.944411764705883
84857A,SILVER MONTE CARLO HANDBAG,8.5
84857B,BLUE MONTE CARLO HANDBAG,1.95
84857C,PINK MONTE CARLO HANDBAG,4.240555555555556
84858A,NATURAL RIVIERA HANDBAG,6.135
84858B,BLUE RIVIERA HANDBAG,2.816666666666667
84858C,PINK RIVIERA HANDBAG,5.593999999999999
84859A,SILVER DISCO HANDBAG,3.3916666666666666
84859B,BLUE DISCO HANDBAG,2.8922222222222222
84859C,PINK DISCO HANDBAG,3.041
84864A,PINK PAISLEY PHOTO ALBUM,8.455
84865,NEW BAROQUE BLACK PHOTO ALBUM,9.396666666666667
84867A,PINK BABY GIRLS PHOTO ALBUM,9.398
84867B,BLUE BABY BOY'S PHOTO ALBUM,13.57
84868A,PINK BABY GIRL'S MEMORY BOX,6.95
84868B,BLUE BABY BOY'S MEMORY BOX,6.95
84869,CANDY BUTTON PHOTO ALBUM,5.044615384615384
84870B,BLUE GEISHA GIRL,3.6602439024390243
84870C,GREEN GEISHA GIRL,3.4463414634146345
84872A,TEATIME FUNKY FLOWER BACKPACK FOR 2,11.20299319727891
84873A,FUNKY FLOWER PICNIC BAG FOR 4,11.5296
84874B,BLUE TRAVEL FIRST AID KIT,1.6462162162162162
84875A,PINK SQUARE COMPACT MIRROR,3.75
84875B,GREEN SQUARE COMPACT MIRROR,1.9637499999999999
84875D,BLUE SQUARE COMPACT MIRROR,1.722972972972973
84876B,GREEN HEART COMPACT MIRROR,2.4007317073170733
84876C,SILVER HEART COMPACT MIRROR,3.75
84876D,BLUE HEART COMPACT MIRROR,3.527567567567568
84877A,PINK ROUND COMPACT MIRROR,3.401764705882353
84877B,GREEN ROUND COMPACT MIRROR,2.6495454545454544
84877D,BLUE ROUND COMPACT MIRROR,2.9727906976744185
84879,ASSORTED COLOUR BIRD ORNAMENT,1.8577467736309732
84880,WHITE WIRE EGG HOLDER,6.721047120418849
84881,BLUE WIRE SPIRAL CANDLE HOLDER,6.8595999999999995
84882,GREEN WIRE STANDING CANDLE HOLDER,4.704166666666667
84884A,ANT WHITE WIRE HEART SPIRAL,4.918189655172414
84886,BLUE METAL WALL SHELF,9.95
84891B,GREEN WIRE GOBLET CANDLEHOLDER,7.95
84893,ANT WHITE IRON BASKET,5.883333333333334
84898F,YELLOW FLOWERS FELT HANDBAG KIT,2.1796153846153845
84899E,YELLOW + BROWN BEAR FELT PURSE KIT,1.5990909090909091
84899F,YELLOW PURPLE DAISY FELT PURSE KIT,1.899811320754717
84901,BLACK FACE LAMB WITH PANTS,3.8594594594594596
84902,PINK KNITTED COW STUFFED TOY,3.930377358490566
84905,PINK BUTTERFLY C/COVER,5.029047619047619
84906,PINK B'FLY C/COVER W BOBBLES,5.166818181818182
84907,PINK/YELLOW PATCH CUSHION COVER,6.747560975609756
84908A,PINK 5 PATCH FLOWER CUSHION COVER,5.852702702702703
84908B,BLUE 5 PATCH FLOWER CUSHION COVER,5.516857142857143
84909A,PINK PAISLEY QUILT,17.176666666666666
84910A,PINK PAISLEY CUSHION COVER,6.479444444444444
84912A,PINK ROSE WASHBAG,3.6381115879828325
84912B,GREEN ROSE WASHBAG,3.5072030651340995
84913A,SOFT PINK ROSE TOWEL,3.6103759398496242
84913B,MINT GREEN ROSE TOWEL,3.701641791044776
84914A,PINK ROSE PICNIC RUG,25.95
84915,HAND TOWEL PINK FLOWER AND DAISY,4.340810810810811
84916,HAND TOWEL PALE BLUE W FLOWERS,4.468965517241379
84917,WHITE HAND TOWEL WITH BUTTERFLY,4.334150943396226
84918,CREAM C/COVER W YELLOW/GREEN FLOWER,6.07875
84919,L BLUE C/COVER W PINK/YELLOW FLOWER,6.903469387755102
84920,PINK FLOWER FABRIC PONY,4.446590909090909
84921,CREAM AND PINK FLOWERS PONY,3.75
84922,PINK BUTTERFLY WASHBAG,5.865882352941177
84923,PINK BUTTERFLY HANDBAG W BOBBLES,4.34
84924A,WAKE UP COCKEREL CALENDAR SIGN,4.855483870967742
84924D,LA PALMIERA METAL SIGN CALENDAR,3.7993333333333337
84924F,PSYCHEDELIC METAL SIGN CALENDAR,2.7063636363636365
84925A,WAKE UP COCKEREL WALL THERMOMETER,2.808235294117647
84925C,FAIRY CAKES  WALL THERMOMETER,2.55
84925D,LA PALMIERA WALL THERMOMETER,2.244444444444444
84925E,FLOWERS WALL THERMOMETER,2.2666666666666666
84925F,PSYCHEDELIC WALL THERMOMETER,2.2376470588235295
84926A,WAKE UP COCKEREL TILE COASTER,0.9750980392156862
84926B,SCOTTS ROSES TILE COASTER,1.25
84926C,FAIRY CAKES TILE COASTER,1.743125
84926D,LA PALMIERA TILE COASTER,1.0852083333333333
84926E,FLOWERS TILE COASTER,0.7690384615384616
84926F,PSYCHEDELIC TILE COASTER,1.3925581395348836
84927A,WAKE UP COCKEREL TILE HOOK,2.1086486486486486
84927D,LA PALMIERA TILE HOOK,1.7303225806451612
84927E,FLOWERS TILE HOOK,2.0240625
84927F,PSYCHEDELIC TILE HOOK,1.593030303030303
84929,ASSTD FRUIT+FLOWERS FRIDGE MAGNETS,0.3705154639175258
84931A,PINK SCOTTIE DOG W FLOWER PATTERN,2.7070731707317073
84931B,BLUE SCOTTIE DOG W FLOWER PATTERN,2.660357142857143
84932A,SMALL GREEN PEONY FOLDING STOOL,3.860416666666667
84932B,SMALL PINK PEONY FOLDING STOOL,3.105882352941176
84932C,SMALL ORIENTAL BLUE FOLDING STOOL,3.26
84932D,SMALL ORIENTAL RED FOLDING STOOL,4.629047619047619
84933A,LARGE GREEN PEONY FOLDING STOOL,4.716666666666666
84933B,LARGE PINK PEONY FOLDING STOOL,3.408333333333333
84933C,LARGE BLUE ORIENTAL FOLDING STOOL,4.716666666666667
84934,ASSTD DESIGN POP ART SLIM PEN,0.9107142857142857
84937,KASHMIR FOLKART TUMBLERS,4.944285714285715
84942,KASHMIR FOLKART HEART DISHES,1.6900000000000002
84944,SET OF 6 KASHMIR FOLKART BAUBLES,3.8423880597014928
84945,MULTI COLOUR SILVER T-LIGHT HOLDER,1.0808092485549132
84946,ANTIQUE SILVER TEA GLASS ETCHED,1.5246808510638297
84947,ANTIQUE SILVER TEA GLASS ENGRAVED,1.4385211267605633
84948,SILVER HANGING T-LIGHT HOLDER DOME,1.7833333333333332
84949,SILVER HANGING T-LIGHT HOLDER,1.8091027308192458
84950,ASSORTED COLOUR T-LIGHT HOLDER,0.9039649122807017
84951A,S/4 PISTACHIO LOVEBIRD COASTERS,2.11875
84951B,S/4 BLACK LOVEBIRD COASTERS,2.1674603174603173
84952A,CLEAR LOVE BIRD T-LIGHT HOLDER,3.135897435897436
84952B,BLACK LOVE BIRD T-LIGHT HOLDER,3.107111111111111
84952C,MIRROR LOVE BIRD T-LIGHT HOLDER,3.347674418604651
84962,SET/3 COLOUR PAINTED KASHMIRI STOOL,59.95
84963A,PINK PAINTED KASHMIRI CHAIR,41.738888888888894
84963B,BLUE PAINTED KASHMIRI CHAIR,42.958333333333336
84964A,PINK PAINTED KASHMIRI TABLE,45.0
84964B,BLUE PAINTED KASHMIRI TABLE,45.0
84965A,PINK KASHMIRI COFFEE TABLE,40.0
84965B,BLUE KASHMIRI COFFEE TABLE,62.4875
84966A,PINK KASHMIRI BOXED MIRROR,25.4875
84966B,BLUE KASHMIRI BOXED MIRROR,16.0
84966C,GREEN KASHMIRI BOXED MIRROR,12.0
84967A,PINK KASHMIRI OCCASIONAL TABLE,63.712500000000006
84967B,BLUE KASHMIRI OCCASIONAL TABLE,64.19615384615385
84967C,GREEN KASHMIRI OCCASIONAL TABLE,67.4625
84968A,S/16 VINTAGE ROSE CUTLERY,14.300234741784037
84968B,S/16 VINTAGE IVORY CUTLERY,15.00478260869565
84968C,S/16 VINTAGE PISTACHIO CUTLERY,14.924432989690722
84968D,S/16 VINTAGE RED CUTLERY,13.746846846846848
84968E,S/16 VINTAGE BLACK CUTLERY,14.062857142857142
84968F,S/16 VINTAGE SKY BLUE CUTLERY,13.500601503759398
84969,ASSORTED COLOUR SET 6 TEASPOONS,4.853352601156069
84970L,SINGLE HEART ZINC T-LIGHT HOLDER,1.2912987012987014
84970S,HANGING HEART ZINC T-LIGHT HOLDER,1.1521021992238032
84971L,LARGE HEART FLOWERS HOOK,1.5759677419354838
84971S,SMALL HEART FLOWERS HOOK,1.0802335456475582
84972L,GIANT PINK HEART MEMO HOLDER,3.95
84974,S/2 ZINC HEART DESIGN PLANTERS,9.933050847457626
84975,HEART SHAPED MIRROR,2.0246788990825686
84976,RECTANGULAR SHAPED MIRROR,1.6627586206896552
84977,WIRE FLOWER T-LIGHT HOLDER,1.3086363636363636
84978,HANGING HEART JAR T-LIGHT HOLDER,1.5019248826291078
84984A,GREEN PEONY DES C/COVER,4.484444444444445
84984B,RED PEONY DES C/COVER,4.226470588235294
84984C,ORIENTAL BLUE C/COVER,5.83375
84984D,ORIENTAL RED C/COVER,6.063333333333334
84985A,SET OF 72 GREEN PAPER DOILIES,1.8242682926829268
84985B,SET OF 72 BLACK PAPER DOILIES,1.8244
84986B,SET OF 36 SILVER PAPER DOILIES,1.6222222222222222
84987,SET OF 36 TEATIME PAPER DOILIES,1.8032603406326033
84988,SET OF 72 PINK HEART PAPER DOILIES,2.0960428849902533
84989A,75 GREEN FAIRY CAKE CASES,0.9598989898989899
84989B,75 BLACK FAIRY CAKE CASES,0.7396825396825397
84990,60 GOLD AND SILVER FAIRY CAKE CASES,0.6443000000000001
84991,60 TEATIME FAIRY CAKE CASES,0.6635886912904697
84992,72 SWEETHEART FAIRY CAKE CASES,0.6862889330682572
84993A,75 GREEN PETIT FOUR CASES,0.5764423076923076
84993B,75 BLACK PETIT FOUR CASES,0.5109090909090909
84997A,GREEN 3 PIECE MINI DOTS CUTLERY SET,4.624470588235294
84997B,RED 3 PIECE MINI DOTS CUTLERY SET,4.425701598579041
84997C,BLUE 3 PIECE MINI DOTS CUTLERY SET,4.366707897240723
84997D,PINK 3 PIECE MINI DOTS CUTLERY SET,4.445648535564854
85006,SET 4 NURSERY DES ROUND BOXES,2.5682608695652176
85007,SET OF 3 VINTAGE TEA TIME BOXES,4.200869565217391
85008,SET OF 3 CONEY ISLAND OVAL BOXES,5.2193137254901965
85014A,BLACK/BLUE DOTS RUFFLED UMBRELLA,6.568756983240224
85014B,RED/WHITE DOTS RUFFLED UMBRELLA,6.876557550158395
85014C,BLUE/BROWN DOTS RUFFLED UMBRELLA,6.47958904109589
85014D,PINK/BROWN DOTS RUFFLED UMBRELLA,6.064444444444446
85015,SET OF 12  VINTAGE POSTCARD SET,1.8354724409448817
85016,SET OF 6 VINTAGE NOTELETS KIT,2.362248520710059
85017A,ENVELOPE 50 ROMANTIC IMAGES,0.8269142857142857
85017B,ENVELOPE 50 BLOSSOM IMAGES,0.7520062695924764
85017C,ENVELOPE 50 CURIOUS IMAGES,0.8038524590163934
85018A,S/6 PAPER BOXES ROMANTIC IMAGES,4.25
85018B,S/6 PAPER BOXES BLOSSOM IMAGES,4.25
85018C,S/6 PAPER BOXES CURIOUS IMAGES,4.035
85018D,YULETIDE IMAGES S/6 PAPER BOXES,2.183048780487805
85019A,ROMANTIC IMAGES NOTEBOOK SET,2.6557999999999997
85019B,BLOSSOM  IMAGES NOTEBOOK SET,2.2822916666666666
85019C,CURIOUS  IMAGES NOTEBOOK SET,3.3403703703703704
85020,ROUND PINK HEART MIRROR,2.571896551724138
85023A,CRYSTAL LARGE JEWELLED PHOTO FRAME,2.55
85023B,EAU DE NILE JEWELLED PHOTOFRAME,2.517073170731707
85023C,PINK LARGE JEWELED PHOTOFRAME,2.55
85024A,CRYSTAL SMALL JEWELLED PHOTOFRAME,1.65
85024B,EAU DE NILE JEWELLED PHOTOFRAME,1.6404761904761902
85024C,PINK SMALL JEWELLED PHOTOFRAME,1.65
85025B,EAU DE NILE HEART SHAPE PHOTO FRAME,2.1293069306930694
85025C,PINK HEART SHAPE PHOTO FRAME,2.046484375
85026B,EAU DE NILE JEWELLED T-LIGHT HOLDER,1.0936666666666668
85027L,FRENCH CHATEAU LARGE PLATTER,4.461627906976744
85028L,FRENCH CHATEAU LARGE FRUIT BOWL,5.776206896551724
85028S,FRENCH CHATEAU SMALL FRUITBOWL,3.3144444444444447
85030,FRENCH CHATEAU OVAL PLATTER,5.1375
85031A,ROMANTIC IMAGES SCRAP BOOK SET,3.543627450980392
85031B,BLOSSOM IMAGES SCRAP BOOK SET,3.3798823529411766
85031C,CURIOUS IMAGES SCRAP BOOK SET,3.508317757009346
85032A,ROMANTIC IMAGES GIFT WRAP SET,1.273726708074534
85032B,BLOSSOM IMAGES GIFT WRAP SET,1.265657894736842
85032C,CURIOUS IMAGES GIFT WRAP SET,1.3618404907975459
85032D,YULETIDE IMAGES GIFT WRAP SET,1.393111111111111
85033G,SET/6 GOLD REINDEER T-LIGHT CANDLES,2.6228571428571428
85033S,SET/6 SILVER REINDEER T-LIGHTS,1.5490196078431373
85034A,3 GARDENIA MORRIS BOXED CANDLES,3.976
85034B,3 WHITE CHOC MORRIS BOXED CANDLES,3.3276774193548384
85034C,3 ROSE MORRIS BOXED CANDLES,2.904095238095238
85035A,GARDENIA 3 WICK MORRIS BOXED CANDLE,4.382291666666666
85035B,CHOCOLATE 3 WICK MORRIS BOX CANDLE,4.09094890510949
85035C,ROSE 3 WICK MORRIS BOX CANDLE,3.26
85036A,GARDENIA 1 WICK MORRIS BOXED CANDLE,4.13816091954023
85036B,CHOCOLATE 1 WICK MORRIS BOX CANDLE,3.207
85036C,ROSE 1 WICK MORRIS BOXED CANDLE,3.013358208955224
85038,6 CHOCOLATE LOVE HEART T-LIGHTS,2.492030456852792
85039A,SET/4 RED MINI ROSE CANDLE IN BOWL,1.885286195286195
85039B,S/4 IVORY MINI ROSE CANDLE IN BOWL,1.669185185185185
85039C,S/4 BLACK MINI ROSE CANDLE IN BOWL,1.7132758620689654
85040A,S/4 PINK FLOWER CANDLES IN BOWL,2.0642703862660943
85040B,SET/4 BLUE FLOWER CANDLES IN BOWL,1.7547014925373134
85041,SET/4 PINK ORCHID CANDLES IN BOWL,1.7822448979591836
85042,ANTIQUE LILY FAIRY LIGHTS,4.918823529411765
85043,RED HEART CANDY POP LIGHTS,4.95
85044,RED REINDEER STRING OF 20 LIGHTS,6.679111111111111
85045,GREEN CHRISTMAS TREE STRING 20LIGHT,5.577191011235955
85047,WHITE BEADED GARLAND STRING 20LIGHT,6.907173144876325
85048,15CM CHRISTMAS GLASS BALL 20 LIGHTS,9.02756993006993
85049A,TRADITIONAL CHRISTMAS RIBBONS,1.580203527815468
85049B,LUSH GREENS RIBBONS,1.3264431486880466
85049C,ROMANTIC PINKS RIBBONS,1.3435477582846005
85049D,BRIGHT BLUES RIBBONS,1.326479217603912
85049E,SCANDINAVIAN REDS RIBBONS,1.5979956188389923
85049F,BABY BOOM RIBBONS,1.3121183800623053
85049G,CHOCOLATE BOX RIBBONS,1.464526678141136
85049H,URBAN BLACK RIBBONS,1.1540828402366863
85050,FRENCH ENAMEL SOAP DISH WITH LID,2.1
85053,FRENCH ENAMEL CANDLEHOLDER,2.594039900249377
85054,FRENCH ENAMEL POT W LID,3.4704694835680754
85055,FRENCH ENAMEL UTENSIL HOLDER,4.6967592592592595
85059,FRENCH ENAMEL WATER BASIN,4.272350230414746
85060,WOOD FAN WITH FLOWER DESIGN,1.3991304347826088
85061W,WHITE JEWELLED HEART DECORATION,1.0786036960985625
85062,PEARL CRYSTAL PUMPKIN T-LIGHT HLDR,1.7949857549857549
85063,CREAM SWEETHEART MAGAZINE RACK,18.47678899082569
85064,CREAM SWEETHEART LETTER RACK,6.151524822695036
85065,CREAM SWEETHEART TRAYS,13.507293233082708
85066,CREAM SWEETHEART MINI CHEST,13.993782696177062
85067,CREAM SWEETHEART WALL CABINET,20.214385026737965
85068,CREAM SWEETHEART SHELF + HOOKS,8.628817733990148
85069,CREAM SWEETHEART DOUBLE SHELF,16.95
85070,ANT WHITE SWEETHEART TABLE W 3 DRAW,111.25
85071A,BLUE CHARLIE+LOLA PERSONAL DOORSIGN,1.2850331125827816
85071B,RED CHARLIE+LOLA PERSONAL DOORSIGN,1.3124404761904762
85071C,"CHARLIE+LOLA""EXTREMELY BUSY"" SIGN",1.6756338028169013
85071D,CHARLIE+LOLA MY ROOM DOOR SIGN,1.2823684210526316
85072,OCCASIONS GIFT CARD ASSORTMENT,0.55
85077,KISSING REINDEER TABLE RUNNER,5.95
85078,SCANDINAVIAN 3 HEARTS NAPKIN RING,1.4917575757575756
85079,EMBROIDERED REINDEER DECORATION,1.4144444444444444
85080,PADDED RED HEART DECORATION,0.5331818181818182
85081,PADDED HOLLY CHRISTMAS DECORATION,0.45772727272727276
85083,KISS REINDEER SCANDINAVIAN STOCKING,2.55
85084,HOLLY TOP CHRISTMAS STOCKING,1.0668965517241378
85086A,CANDY SPOT HEART DECORATION,1.1639869281045752
85087,CANDY SPOT CUSHION COVER,3.620135135135135
85088,CANDY SPOT HAND BAG,2.3364197530864197
85089,CANDY SPOT BUNNY,3.9010000000000002
85090,CANDY SPOT APRON,5.8145614035087725
85091,CANDY SPOT BREAD BASKETS,5.445714285714286
85092,CANDY SPOT TEA COSY,3.9459999999999997
85093,CANDY SPOT EGG WARMER HARE,1.1929220779220777
85094,CANDY SPOT EGG WARMER RABBIT,0.8404587155963302
85095,THREE CANVAS LUGGAGE TAGS,1.7959183673469388
85096,HILDA CANDY SPOT RABBIT,4.489852941176471
85097B,BLUE ROCKING SINGING CANARY,4.076086956521739
85098B,BLUE FLYING SINGING CANARY,4.634958677685951
85099B,JUMBO BAG RED WHITE SPOTTY,2.3366706817634304
85099C,JUMBO  BAG BAROQUE BLACK WHITE,2.415080435910742
85099F,JUMBO BAG STRAWBERRY,2.325339295107838
85103,SILVER T-LIGHT SETTING,7.664130434782609
85104,SILVER GLASS T-LIGHT SET,3.1244262295081966
85106,CUT GLASS HEXAGON T-LIGHT HOLDER,2.4219999999999997
85107,CUT GLASS T-LIGHT HOLDER OCTAGON,2.426944444444444
85109,PINK BOUDOIR T-LIGHT HOLDER,0.7528571428571428
85110,BLACK SILVER FLOWER T-LIGHT HOLDER,0.6236
85111,SILVER GLITTER FLOWER VOTIVE HOLDER,0.75
85112,S/3 TEAR DROP CUT GLASS DECORATION,1.6549999999999998
85113,POLKA DOT PISTACHIO PAIL,2.310612244897959
85114A,BLACK ENCHANTED FOREST PLACEMAT,2.1362499999999995
85114B,IVORY ENCHANTED FOREST PLACEMAT,2.214016393442623
85114C,RED ENCHANTED FOREST PLACEMAT,2.246730769230769
85115B,S/4 BLACK DISCO PARTITION PANEL,6.27
85116,BLACK CANDELABRA T-LIGHT HOLDER,1.5659239130434783
85117,NIGHTINGALE COATHOOK WHITE,2.2267213114754094
85118,HEART T-LIGHT HOLDER,1.1903260869565215
85119,WATERING CAN SINGLE HOOK PISTACHIO,1.7157142857142857
85121B,RETRO LAUNDRY TUB PINK,11.675
85121C,RETRO LAUNDRY TUB PISTACHIO,9.93388888888889
85123A,WHITE HANGING HEART T-LIGHT HOLDER,3.1290111420612816
85123B,ZINC HANGING HEART T-LITE HLDR,6.04
85124A,PINK JUICY FRUIT PHOTO FRAME,3.34214953271028
85124B,BLUE JUICY FRUIT PHOTO FRAME,3.019142857142857
85124C,GREEN JUICY FRUIT PHOTO FRAME,3.0432799999999998
85125,SMALL ROUND CUT GLASS CANDLESTICK,5.307936507936509
85126,LARGE ROUND CUTGLASS CANDLESTICK,7.058717948717949
85127,SMALL SQUARE CUT GLASS CANDLESTICK,6.950240963855422
85128,PLANTPOT SINGLE HOOK PISTACHIO,2.4125
85129A,"WHITE PEARL BEADED HEART, SMALL",1.4248148148148148
85129B,BEADED CRYSTAL HEART GREEN SMALL,1.7257142857142858
85129C,BEADED CRYSTAL HEART BLUE SMALL,1.606969696969697
85129D,BEADED CRYSTAL HEART PINK SMALL,1.8926035502958578
85130A,BEADED PEARL HEART WHITE LARGE,1.8654545454545455
85130B,BEADED CRYSTAL HEART GREEN LARGE,1.6984337349397591
85130C,BEADED CRYSTAL HEART BLUE  LARGE,1.3602898550724638
85130D,BEADED CRYSTAL HEART PINK LARGE,1.7815454545454545
85131A,BEADED PEARL HEART WHITE ON STICK,0.9772549019607842
85131B,BEADED CRYSTAL HEART GREEN ON STICK,0.8603703703703703
85131C,BEADED CRYSTAL HEART BLUE ON STICK,0.9393150684931506
85131D,BEADED CRYSTAL HEART PINK\ON STICK,0.8734456928838951
85132A,CHARLIE + LOLA BISCUITS TINS,6.872905660377358
85132B,CHARLIE AND LOLA TABLE TINS,5.326417910447761
85132C,CHARLIE AND LOLA FIGURES TINS,5.041277955271566
85135A,YELLOW DRAGONFLY HELICOPTER,8.027462686567164
85135B,BLUE DRAGONFLY HELICOPTER,8.110508474576271
85135C,RED DRAGONFLY HELICOPTER,8.15859649122807
85136A,YELLOW SHARK HELICOPTER,8.125555555555556
85136B,BLUE SHARK HELICOPTER,8.019166666666667
85136C,RED SHARK HELICOPTER,8.12904
85141,JARDIN ETCHED GLASS FRUITBOWL,8.056923076923077
85142,JARDIN ETCHED GLASS GINGER JAR,9.362285714285715
85144,JARDIN ETCHED GLASS BUTTER DISH,5.363513513513513
85145,JARDIN ETCHED GLASS LARGE BELL JAR,9.511290322580646
85146,JARDIN ETCHED GLASS SMALL BELL JAR,5.614516129032259
85147,JARDIN ETCHED GLASS CANDLEHLDR LONG,4.95
85150,LADIES & GENTLEMEN METAL SIGN,2.994649511978704
85151,WELCOME METAL SIGN,1.25
85152,HAND OVER THE CHOCOLATE   SIGN,2.299209459459459
85157,SET OF 2 CHESTS CHOCOLAT AU LAIT,12.72
85159A,"BLACK TEA,COFFEE,SUGAR JARS",6.100444444444444
85159B,"WHITE TEA,COFFEE,SUGAR JARS",4.7194174757281555
85160A,WHITE BIRD GARDEN DESIGN MUG,6.155555555555555
85160B,BLACK BIRD GARDEN DESIGN MUG,3.3473809523809526
85161,ACRYLIC GEOMETRIC LAMP,18.292
85162A,SILVER RETRODISC LAMPSHADE,4.275833333333333
85162B,BLACK RETRODISC LAMPSHADE,1.9499999999999997
85162C,WHITE RETRODISC LAMPSHADE,3.1149999999999998
85163A,WHITE BAROQUE WALL CLOCK,12.29877192982456
85163B,BLACK BAROQUE WALL CLOCK,14.07402985074627
85164B,BLACK BAROQUE CUCKOO CLOCK,16.91044776119403
85165,CANDY PINK FRENCH BOUDOIR CLOCK,10.221379310344828
85166A,WHITE METAL BAROQUE PHOTO FRAME,4.605384615384616
85166B,BLACK METAL BAROQUE PHOTO FRAME,3.8473684210526313
85167A,WHITE GRAND BAROQUE PHOTO FRAME,4.153333333333333
85167B,BLACK GRAND BAROQUE PHOTO FRAME,4.181
85168A,WHITE BAROQUE CARRIAGE CLOCK,9.95
85168B,BLACK BAROQUE CARRIAGE CLOCK,9.157884615384615
85169A,IVORY LOVE BIRD CANDLE,1.3942307692307692
85169B,BLACK LOVE BIRD CANDLE,1.510851063829787
85169C,EAU DE NIL LOVE BIRD CANDLE,1.370972222222222
85169D,PINK LOVE BIRD CANDLE,1.4965168539325842
85170A,SET/6 IVORY BIRD T-LIGHT CANDLES,2.523448275862069
85170B,SET/6 BLACK BIRD T-LIGHT CANDLES,2.5824193548387098
85170C,SET/6 EAU DE NIL BIRD T-LIGHTS,2.7931481481481484
85170D,SET/6 PINK BIRD T-LIGHT CANDLES,2.8183870967741935
85171,S/2 HYACINTH BULB CANDLES,2.55
85172,HYACINTH BULB T-LIGHT CANDLES,1.1937106918238996
85173,SET/6 FROG PRINCE T-LIGHT CANDLES,2.9035526315789473
85174,S/4 CACTI CANDLES,6.594826666666666
85175,CACTI T-LIGHT CANDLES,1.0271929824561403
85176,SEWING SUSAN 21 NEEDLE SET,1.1334516129032257
85177,BASKET OF FLOWERS SEWING KIT,0.989375
85178,VICTORIAN SEWING KIT,1.358553846153846
85179A,GREEN BITTY LIGHT CHAIN,3.337123287671233
85179B,WHITE BITTY LIGHT CHAIN,5.192666666666667
85179C,PINK BITTY LIGHT CHAIN,3.185
85180A,RED HEARTS LIGHT CHAIN,3.9716504854368937
85180B,PINK HEARTS LIGHT CHAIN,4.16695652173913
85183A,CHARLIE & LOLA WASTEPAPER BIN BLUE,2.3443537414965987
85183B,CHARLIE & LOLA WASTEPAPER BIN FLORA,2.4766285714285714
85184B,SET 4 EASTER DECOUPAGE OVAL BOXES,2.95
85184C,S/4 VALENTINE DECOUPAGE HEART BOX,3.3778248587570623
85184D,S/4 BLUE ROUND DECOUPAGE BOXES,3.479275362318841
85185B,PINK HORSE SOCK PUPPET,3.4682352941176475
85185C,COW  SOCK PUPPET,2.95
85185D,FROG SOCK PUPPET,3.762878787878788
85185E,DUCK SOCK PUPPET,2.8166666666666664
85185F,LION SOCK PUPPET,2.95
85186A,EASTER BUNNY GARLAND OF FLOWERS,0.6128571428571429
85186B,BUNNY BUNCH OF FLOWERS,0.42
85186C,BUNNY EGG GARLAND,0.6023417721518988
85187,S/12 MINI RABBIT EASTER,1.9455357142857141
85188A,GREEN METAL SWINGING BUNNY,1.0213084112149533
85188B,PINK METAL SWINGING BUNNY,1.0705194805194804
85189,HANGING BUTTERFLY  EGG,0.9363888888888889
85190,PINK FLOWER HANGING HEART,1.1366666666666667
85192S,HANGING SPRING FLOWER HEART SMALL,0.65
85194L,HANGING SPRING FLOWER EGG LARGE,1.0412499999999998
85194S,HANGING SPRING FLOWER EGG SMALL,0.7769117647058823
85195,HANGING HEART BASKET,2.1994444444444445
85196,EASTER BUNNIES ON A STICK,0.8709722222222224
85197,SET OF 12 MINI BUNNIES IN A BUCKET,2.0594736842105266
85198,ASSORTED FARMYARD ANIMALS IN BUCKET,1.0133962264150944
85199L,LARGE HANGING IVORY & RED WOOD BIRD,0.8333333333333334
85199S,SMALL HANGING IVORY/RED WOOD BIRD,0.5840480961923847
85200,BUNNY EGG BOX,1.3522429906542055
85202,HANGING WOOD AND FELT HEART,0.5797716894977168
85203,HANGING WOOD AND FELT BUTTERFLY,0.5662337662337663
85204,HANGING WOOD AND FELT FLOWER,0.395126582278481
85205A,IVORY FELT EASTER RABBIT GARLAND,2.55
85205B,PINK FELT EASTER RABBIT GARLAND,3.193064516129032
85206A,CREAM FELT EASTER EGG BASKET,1.806165644171779
85206B,PINK FELT EASTER EGG BASKET,1.8130481283422457
85208,SET/12 FUNKY FELT FLOWER PEG IN BAG,2.1542528735632187
85211,S/4 GROOVY CAT MAGNETS,2.029506172839506
85212,MINI PAINTED GARDEN DECORATION,0.7305785123966941
85213,MINI  ZINC GARDEN DECORATIONS,1.0485185185185184
85214,TUB 24 PINK FLOWER PEGS,1.8383625730994149
85215,ASSORTED CHEESE FRIDGE MAGNETS,1.6874626865671642
85216,ASSORTED CAKES FRIDGE MAGNETS,1.99421875
85217,ASSORTED ICE CREAM FRIDGE MAGNETS,1.7007692307692308
85218,S/5 MINI ICE CREAM FRIDGE MAGNETS,1.0666666666666667
85219,S/4 HEART CRYSTAL FRIDGE MAGNETS,1.65
85220,SMALL FAIRY CAKE FRIDGE MAGNETS,1.3714285714285714
85221,ASSORTED COLOUR SILK COIN PURSE,1.0251923076923077
85222,ASSORTED COLOUR SILK COSMETIC PURSE,2.187222222222222
85224,ASSORTED COLOUR SILK GLASSES CASE,1.9365625
85225,BLING KEY RING STAND,1.2045454545454546
85226A,WHITE/BLUE PULL BACK RACING CAR,0.7289171974522293
85226C,BLUE PULL BACK RACING CAR,0.7651190476190476
85227,SET/6 3D KIT CARDS FOR KIDS,1.1105032822757113
85230A,OPIUM SCENTED VOTIVE CANDLE,0.2683333333333333
85230B,CINNAMON SCENTED VOTIVE CANDLE,0.278235294117647
85230C,ROSE SCENTED VOTIVE CANDLE,0.29
85230D,VANILLA SCENTED VOTIVE CANDLE,0.29
85230E,STRAWBRY SCENTED VOTIVE CANDLE,0.27545454545454545
85230F,JASMINE VOTIVE CANDLE,0.2770967741935484
85230G,ORANGE VOTIVE CANDLE,0.2695744680851064
85231B,CINAMMON SET OF 9 T-LIGHTS,1.0521573604060914
85231E,STRAWBERRY SCENTED SET/9 T-LIGHTS,0.9530275229357797
85231G,ORANGE SCENTED SET/9 T-LIGHTS,1.001698113207547
85231L,LAVENDER SCENTED SET/9 T-LIGHTS,0.914915254237288
85232A,SET/3 POLKA DOT STACKING TINS,5.4389102564102565
85232B,SET/3 RUSSIAN DOLL STACKING TINS,5.891515151515152
85232C,RUSSIAN FOLKART STACKING TINS,4.95
85232D,SET/3 DECOUPAGE STACKING TINS,5.941558441558442
90000A,RASPBERRY ANT COPPER FLOWER NECKLAC,6.049047619047619
90000B,MIDNIGHT BLUE COPPER FLOWER NECKLAC,6.127272727272728
90000C,OPAL WHITE/SILVER FLOWER NECKLACE,6.16
90000D,COPPER/OLIVE GREEN FLOWER NECKLACE,6.20764705882353
90001A,ANTIQUE RASPBERRY FLOWER EARRINGS,4.235
90001B,ANTIQUE MID BLUE FLOWER EARRINGS,4.238181818181818
90001C,ANTIQUE OPAL WHITE FLOWER EARRINGS,4.245
90001D,ANTIQUE OLIVE GREEN FLOWER EARRINGS,4.246363636363636
90002A,FLOWER BURST SILVER RING OPAL,3.75
90002B,FLOWER BURST SILVER RING ROSE,3.771818181818182
90002C,FLOWER BURST SILVER RING MIDN'T BLU,3.7815
90002D,FLOWER BURST SILVER RING CRYSTAL,3.756857142857143
90002E,FLOWER BURST SILVER RING GREEN,3.770769230769231
90003B,ROSE COLOUR PAIR HEART HAIR SLIDES,3.7760714285714285
90003C,MIDNIGHT BLUE PAIR HEART HAIR SLIDE,3.7583783783783784
90003D,CRYSTAL PAIR HEART HAIR SLIDES,3.7720588235294117
90003E,GREEN PAIR HEART HAIR SLIDES,3.766086956521739
90004A,JADE GREEN PAIR ENAMEL HAIR SLIDES,3.75
90005A,JADE GREEN ENAMEL HAIR COMB,2.0808771929824563
90010A,MIDNIGHT BLUE GLASS/SILVER BRACELET,9.06774193548387
90010B,BLACK/WHITE GLASS/SILVER BRACELET,9.331428571428571
90010E,AMBER GLASS/SILVER BRACELET,8.913333333333334
90011A,MIDNIGHT BLUE CRYSTAL DROP EARRINGS,2.952
90011B,BLACK CRYSTAL DROP EARRINGS,2.954
90011C,GREEN CRYSTAL DROP EARRINGS,2.94
90011D,PURPLE CRYSTAL DROP EARRINGS,2.95
90011E,AMBER CRYSTAL DROP EARRINGS,2.95125
90012A,MIDNIGHT BLUE DROP CRYSTAL NECKLACE,8.097142857142858
90012B,BLACK DROP CRYSTAL NECKLACE,7.699999999999999
90013A,MIDNIGHT BLUE VINTAGE EARRINGS,3.7884615384615383
90013B,BLACK VINTAGE EARRINGS,4.186835443037975
90013C,GREEN VINTAGE EARRINGS,4.106140350877193
90013D,PURPLE VINTAGE EARRINGS,3.998823529411765
90013E,AMBER VINTAGE EARRINGS,4.285
90014A,SILVER/MOP ORBIT NECKLACE,9.677249999999999
90014B,GOLD M PEARL  ORBIT NECKLACE,9.73
90014C,SILVER/BLACK ORBIT NECKLACE,9.756499999999999
90016A,SILVER/M.O.P PENDANT ORBIT NECKLACE,8.21
90016B,GOLD/M.O.P PENDANT ORBIT NECKLACE,8.433333333333334
90016C,SILVER/BLACK PENDANT ORBIT NECKLACE,8.47
90018A,SILVER M.O.P ORBIT DROP EARRINGS,4.219473684210526
90018B,GOLD M.O.P ORBIT DROP EARRINGS,4.22
90018C,SILVER BLACK ORBIT DROP EARRINGS,4.227142857142858
90019A,SILVER M.O.P ORBIT BRACELET,5.2829411764705885
90019B,GOLD M.O.P ORBIT BRACELET,5.3149999999999995
90019C,SILVER BLACK ORBIT BRACELET,5.3561764705882355
90020,FILIGREE DIAMANTE CHAIN,12.682500000000001
90021,LASER CUT MULTI STRAND NECKLACE,11.95
90022,EDWARDIAN DROP EARRINGS JET BLACK,3.7770588235294116
90023,FILIGREE DIAMANTE EARRINGS,4.24952380952381
90024A,NEW BAROQUE B'FLY NECKLACE BLACK,8.5
90024B,NEW BAROQUE B'FLY NECKLACE RED,8.488695652173913
90024C,NEW BAROQUE B'FLY NECKLACE GREEN,8.498000000000001
90024D,NEW BAROQUE B'FLY NECKLACE PINK,8.5
90024E,NEW BAROQUE B'FLY NECKLACE MONTANA,8.498181818181818
90024F,NEW BAROQUE B'FLY NECKLACE CRYSTAL,8.436666666666667
90025A,BAROQUE BUTTERFLY EARRINGS BLACK,3.75
90025B,BAROQUE BUTTERFLY EARRINGS RED,3.763333333333333
90025C,BAROQUE BUTTERFLY EARRINGS GREEN,3.76
90025D,BAROQUE BUTTERFLY EARRINGS PINK,3.7380000000000004
90025E,BAROQUE BUTTERFLY EARRINGS MONTANA,3.7857142857142856
90025F,BAROQUE BUTTERFLY EARRINGS CRYSTAL,3.77875
90026A,GLASS BEAD HOOP NECKLACE BLACK,8.496666666666666
90026B,GLASS BEAD HOOP NECKLACE MONTANA,8.474285714285715
90026C,GLASS BEAD HOOP NECKLACE GREEN,8.47
90026D,GLASS BEAD HOOP NECKLACE AMETHYST,8.5
90027A,GLASS BEAD HOOP EARRINGS BLACK,2.9450000000000003
90027B,GLASS BEAD HOOP EARRINGS MONTANA,2.943
90027C,GLASS BEAD HOOP EARRINGS GREEN,2.9391666666666665
90027D,GLASS BEAD HOOP EARRINGS AMETHYST,3.18875
90028,NEW BAROQUE LARGE NECKLACE BLK/WHIT,8.43625
90029,NEW BAROQUE SMALL NECKLACE BLACK,8.472307692307693
90030A,SPOTTED WHITE NATURAL SEED NECKLACE,2.496
90030B,RED KUKUI COCONUT SEED NECKLACE,4.014722222222222
90030C,BROWN KUKUI COCONUT SEED NECKLACE,3.4718750000000003
90031,BILI NUT AND WOOD NECKLACE,3.2111111111111112
90032,IVORY SHELL HEART NECKLACE,6.118333333333333
90033,IVORY SHELL HEART EARRINGS,2.535555555555556
90034,WHITE SILVER NECKLACE SHELL GLASS,10.096
90035A,"PEARL & SHELL 42""NECKL. GREEN",10.721874999999999
90035B,"PEARL & SHELL 42""NECKL. PINK",10.185
90035C,"PEARL & SHELL 42""NECKL. IVORY",10.75
90036A,FLOWER GARLAND NECKLACE RED,8.005500000000001
90036B,"FLOWER GLASS GARLAND NECKL.36""GREEN",7.95
90036C,"FLOWER GLASS GARLAND NECKL.36""BLUE",7.975333333333334
90036D,"FLOWER GLASS GARLAND NECKL.36""BLACK",7.961875
90036E,"FLOWER GLASS GARLD NECKL36""AMETHYST",7.991785714285714
90036F,"FLOWER GLASS GARLD NECKL36""TURQUOIS",8.041333333333334
90037A,TINY CRYSTAL BRACELET RED,2.5508333333333333
90037B,TINY CRYSTAL BRACELET GREEN,2.527
90037C,TINY CRYSTAL BRACELET BLUE,2.5330769230769232
90037D,TINY CRYSTALS BRACELET BLACK,2.56625
90038A,GLASS AND PAINTED BEADS BRACELET TO,3.786363636363636
90038B,GLASS AND PAINTED BEADS BRACELET OL,3.7838461538461536
90038C,GLASS AND BEADS BRACELET IVORY,3.7733333333333334
90039A,FIRE POLISHED GLASS BRACELET RED,3.772
90039B,FIRE POLISHED GLASS BRACELET MONTAN,3.771818181818182
90039C,FIRE POLISHED GLASS BRACELET BLACK,3.783333333333333
90039D,FIRE POLISHED GLASS BRACELET GREEN,3.79625
90040A,MURANO STYLE GLASS BRACELET RED,3.999142857142857
90040B,MURANO STYLE GLASS BRACELET BLACK,3.6669444444444443
90040C,MURANO STYLE GLASS BRACELET GOLD,3.637272727272727
90040D,MURANO STYLE GLASS BRACELET PINK,3.7148000000000003
90041,PEARL AND CHERRY QUARTZ BRACLET,3.6950000000000003
90042A,FRESHWATER PEARL BRACELET GOLD,2.554242424242424
90042B,FRESHWATER PEARL BRACELET PINK,2.55
90042C,FRESHWATER PEARL BRACELET IVORY,2.5430769230769235
90043,COPPER AND BRASS BAG CHARM,5.785
90046,WHITE WITH METAL BAG CHARM,4.95
90048,GREEN WITH METAL BAG CHARM,5.554444444444445
90049,IVORY GOLD METAL BAG CHARM,7.127142857142857
90050,CRACKED GLAZE NECKLACE IVORY,7.0442857142857145
90051,CRACKED GLAZE NECKLACE RED,7.0590909090909095
90052,CRACKED GLAZE NECKLACE BROWN,7.136
90053,CRACKED GLAZE EARRINGS IVORY,2.523
90054,CRACKED GLAZE EARRINGS RED,2.5305882352941174
90055,CRACKED GLAZE EARRINGS BROWN,2.528
90056,CHUNKY CRACKED GLAZE NECKLACE IVORY,11.013571428571428
90057,DIAMANTE RING ASSORTED IN BOX.,1.7997297297297299
90058A,CRYSTAL STUD EARRINGS CLEAR DISPLAY,0.38
90058B,CRYSTAL STUD EARRINGS ASSORTED COL,0.4706666666666667
90059A,DIAMANTE HAIR GRIP PACK/2 CRYSTAL,1.6722448979591835
90059B,DIAMANTE HAIR GRIP PACK/2 BLACK DIA,1.6688235294117646
90059C,DIAMANTE HAIR GRIP PACK/2 MONTANA,1.6704166666666664
90059D,DIAMANTE HAIR GRIP PACK/2 PERIDOT,1.675121951219512
90059E,DIAMANTE HAIR GRIP PACK/2 RUBY,1.6705882352941175
90059F,DIAMANTE HAIR GRIP PACK/2 LT ROSE,1.6682142857142856
90060B,FIRE POLISHED GLASS NECKL GOLD,5.95
90060C,FIRE POLISHED GLASS NECKL SILVER,5.95
90060D,FIRE POLISHED GLASS NECKL BRONZE,5.95
90060F,FIRE POLISHED GLASS NECKL GREEN,5.924444444444444
90062,CARNIVAL BRACELET,12.663333333333332
90063A,WHITE VINT ART DECO CRYSTAL NECKLAC,8.49846153846154
90063B,BLACK VINT ART DEC CRYSTAL NECKLACE,8.512142857142857
90064A,WHITE VINTAGE CRYSTAL EARRINGS,4.054166666666667
90064B,BLACK VINTAGE  CRYSTAL EARRINGS,3.75
90065A,WHITE VINTAGE CRYSTAL BRACELET,7.069411764705883
90065B,BLACK VINT ART DEC CRYSTAL BRACELET,7.0025
90066A,PINK VINTAGE VICTORIAN CHOKER,6.75
90067A,PINK VINTAGE VICTORIAN EARRINGS,2.943125
90067B,BROWN VINTAGE VICTORIAN EARRINGS,2.936666666666667
90068,"RUBY GLASS NECKLACE 42""",7.5
90069,RUBY GLASS CLUSTER NECKLACE,7.5
90070,RUBY GLASS CLUSTER BRACELET,6.202162162162162
90071,RUBY GLASS CLUSTER EARRINGS,1.253013698630137
90072,RUBY DROP CHANDELIER EARRINGS,4.110666666666667
90073,VINTAGE ENAMEL & CRYSTAL EARRINGS,5.029411764705882
90074,BLACK DIAMOND CLUSTER NECKLACE,9.19
90075,MONTANA DIAMOND CLUSTER NECKLACE,9.2075
90076,MONTANA DIAMOND CLUSTER EARRINGS,2.85
90077,BLACK DIAMOND CLUSTER EARRINGS,2.88
90078,PINK/WHITE GLASS DEMI CHOKER,7.5280000000000005
90079,VINTAGE ENAMEL & CRYSTAL NECKLACE,5.006153846153846
90081A,LILY BROOCH AMETHYST COLOUR,4.960416666666667
90081B,LILY BROOCH WHITE/SILVER COLOUR,4.95
90081C,LILY BROOCH OLIVE COLOUR,5.032500000000001
90082A,DIAMANTE BOW BROOCH GREEN COLOUR,6.4799999999999995
90082B,DIAMANTE BOW BROOCH RED COLOUR,6.35
90082C,DIAMANTE BOW BROOCH WHITE COLOUR,6.6433333333333335
90082D,DIAMANTE BOW BROOCH BLACK COLOUR,6.508461538461538
90083,CRYSTAL CZECH CROSS PHONE CHARM,1.3326666666666667
90084,PINK CRYSTAL GUITAR PHONE CHARM,0.85
90085,CRYSTAL STILETTO PHONE CHARM,1.1603225806451614
90086,CRYSTAL FROG PHONE CHARM,1.4219565217391303
90087,CRYSTAL SEA HORSE PHONE CHARM,1.3619999999999999
90088,CRYSTAL KEY+LOCK PHONE CHARM,0.903125
90089,PINK CRYSTAL SKULL PHONE CHARM,1.2326923076923075
90090,PINK CRYSTAL HEART PHONE CHARM,0.9989285714285714
90091,CRYSTAL DRAGONFLY PHONE CHARM,0.85
90092,BLUE CRYSTAL BOOT PHONE CHARM,0.9078571428571428
90093,CLEAR CRYSTAL STAR PHONE CHARM,1.067037037037037
90094,NECKLACE+BRACELET SET FRUIT SALAD,2.5356410256410253
90095,NECKLACE+BRACELET SET PINK BLOSSOM,3.3866666666666667
90096,NECKLACE+BRACELET SET BLUE BLOSSOM,2.4723529411764704
90098,NECKLACE+BRACELET PINK BUTTERFLY,2.3230357142857145
90099,NECKLACE+BRACELET SET BLUE HIBISCUS,3.2527999999999997
90100,NECKLACE+BRACELET SET PINK DAISY,2.55
90101,WHITE FRANGIPANI NECKLACE,2.5256666666666665
90102,WHITE FRANGIPANI HAIR CLIP,0.845
90103,PURPLE FRANGIPANI NECKLACE,2.521333333333333
90104,PURPLE FRANGIPANI HAIRCLIP,0.8342
90108,BLUE BLOSSOM HAIR CLIP,1.5672727272727272
90111,BLUE HIBISCUS  HAIR CLIP,1.05
90112,PINK DOLLY HAIR CLIPS,1.108095238095238
90114,SUMMER DAISIES BAG CHARM,2.48972972972973
90115,SUMMER BUTTERFLIES BAG CHARM,2.632166666666666
90116,FRUIT SALAD BAG CHARM,2.3252380952380953
90118,PINK DAISY BAG CHARM,2.575333333333333
90119,METALIC LEAVES BAG CHARMS,2.5385714285714283
90120A,PINK MURANO TWIST BRACELET,4.258536585365854
90120B,BLUE MURANO TWIST BRACELET,4.192619047619048
90120C,GREEN MURANO TWIST BRACELET,4.241379310344827
90120D,WHITE MURANO TWIST BRACELET,4.20025
90121B,VINTAGE ROSE BEAD BRACELET BLUE,4.25
90122A,PINK CRYSTAL+GLASS BRACELET,5.000967741935484
90122B,JADE CRYSTAL+GLASS BRACELET,4.999615384615385
90122C,TURQUOISE CRYSTAL+GLASS BRACELET,5.009
90123A,PINK HEART OF GLASS BRACELET,5.943157894736842
90123B,TURQUOISE HEART OF GLASS BRACELET,5.94923076923077
90123C,GREEN HEART OF GLASS BRACELET,5.958333333333333
90123D,WHITE HEART OF GLASS BRACELET,5.938571428571429
90124A,PINK MURANO TWIST NECKLACE,9.989
90124B,BLUE MURANO TWIST NECKLACE,10.054333333333334
90124C,GREEN MURANO TWIST NECKLACE,10.031875
90125A,PINK BERTIE GLASS BEAD BAG CHARM,2.027368421052632
90125B,AQUA BERTIE GLASS BEAD BAG CHARM,2.2058823529411766
90125C,TURQUOISE BERTIE GLASS BEAD CHARM,1.6649999999999998
90125D,PURPLE BERTIE GLASS BEAD BAG CHARM,2.7491666666666665
90125E,AMBER BERTIE GLASS BEAD BAG CHARM,2.5035294117647062
90126A,PINK BERTIE MOBILE PHONE CHARM,2.2466666666666666
90126B,BLUE BERTIE MOBILE PHONE CHARM,2.8266666666666667
90126C,AMBER BERTIE MOBILE PHONE CHARM,2.692
90127A,PINK BEADS+HAND PHONE CHARM,1.855
90127B,BLUE BEADS+HAND PHONE CHARM,1.25
90128A,PINK LEAVES AND BEADS PHONE CHARM,1.7489999999999999
90128B,BLUE LEAVES AND BEADS PHONE CHARM,1.46
90128C,GREEN LEAVES AND BEADS PHONE CHARM,1.8816666666666666
90128D,PURPLE LEAVES AND BEADS PHONE CHAR,1.9628571428571426
90129A,PINK GLASS TASSLE BAG CHARM,1.9371621621621622
90129B,TURQUOISE GLASS TASSLE BAG CHARM,2.0748387096774197
90129C,GREEN GLASS TASSLE BAG CHARM,2.1127450980392157
90129D,AMBER GLASS TASSLE BAG CHARM,2.151764705882353
90129E,PURPLE GLASS TASSLE BAG CHARM,1.9168333333333334
90129F,RED GLASS TASSLE BAG CHARM,2.1609756097560973
90130A,WHITE STONE/CRYSTAL EARRINGS,2.944375
90130B,TURQ STONE/CRYSTAL EARRINGS,2.9373469387755105
90130C,GREEN STONE/CRYSTAL EARRINGS,2.9441666666666664
90130D,RED STONE/CRYSTAL EARRINGS,2.945
90131,PINK/AMETHYST/GOLD NECKLACE,6.974000000000001
90132,LIGHT TOPAZ TEAL/AQUA COL NECKLACE,5.090000000000001
90133,TEAL/FUSCHIA COL BEAD NECKLACE,5.055833333333333
90134,OLD ROSE COMBO BEAD NECKLACE,2.9409375
90135,ORANGE/WHT/FUSCHIA STONES NECKLACE,5.006666666666667
90135A,ORANGE/FUSCHIA STONES NECKLACE,4.9925
90136,PALE PINK/AMETHYST STONE NECKLACE,10.173333333333332
90137,PINK COMBO MINI CRYSTALS NECKLACE,5.204666666666667
90138,WHITE/PINK MINI CRYSTALS NECKLACE,5.319411764705883
90139,FLOWER BROOCH 4 ASSORTED COLOURS,5.152222222222223
90140,PINK SWEETIE NECKLACE,7.557142857142857
90141A,GREEN PENDANT TRIPLE SHELL NECKLACE,5.300000000000001
90141B,IVORY PENDANT TRIPLE SHELL NECKLACE,5.015555555555555
90141C,TURQ PENDANT TRIPLE SHELL NECKLACE,5.295384615384616
90141D,ROSE PENDANT TRIPLE SHELL NECKLACE,5.286
90141E,ORANGE PENDANT TRIPLE SHELL NECKLAC,5.062
90142A,GREEN PENDANT SHELL NECKLACE,5.09
90142B,IVORY PENDANT SHELL NECKLACE,5.09
90142C,ROSE PINK PENDANT SHELL NECKLACE,5.09
90142D,MOP PENDANT SHELL NECKLACE,4.978
90143,SILVER BRACELET W PASTEL FLOWER,7.627674418604651
90144,SILVER DROP EARRINGS WITH FLOWER,3.7712121212121215
90145,SILVER HOOP EARRINGS WITH FLOWER,6.132666666666667
90146,FINE SILVER NECKLACE W PASTEL FLOWE,7.451904761904762
90147,CHUNKY SILVER NECKLACE PASTEL FLOWE,10.148360655737704
90148,LONG SILVER NECKLACE PASTEL FLOWER,12.73578947368421
90149,SILVER FLOWR PINK SHELL NECKLACE,7.371111111111111
90150,BLUE SHELL+SILVER NECKLACE,7.5
90151,SILVER/NATURAL SHELL NECKLACE,8.518888888888888
90152A,SILVER/NAT SHELL NECKLACE W PENDANT,5.762857142857143
90152B,BLUE/GREEN SHELL NECKLACE W PENDANT,5.862
90152C,BLUE/NAT SHELL NECKLACE W PENDANT,5.95
90154,LAZER CUT NECKLACE W PASTEL BEADS,8.707142857142857
90155,RESIN NECKLACE W PASTEL BEADS,7.555238095238095
90156,RESIN BRACELET W PASTEL BEADS,5.922857142857143
90157,RIVIERA NECKLACE,4.982916666666667
90158,ST TROPEZ NECKLACE,5.028888888888889
90159,COTE D'AZURE NECKLACE,4.974
90160A,PURPLE BOUDICCA LARGE BRACELET,6.978846153846154
90160B,RED BOUDICCA LARGE BRACELET,6.8420689655172415
90160C,TURQ+RED BOUDICCA LARGE BRACELET,7.005333333333334
90160D,PINK BOUDICCA LARGE BRACELET,6.975384615384616
90161A,ANT COPPER RED BOUDICCA BRACELET,5.023953488372093
90161B,ANT COPPER TURQ BOUDICCA BRACELET,5.021578947368421
90161C,ANT COPPER LIME BOUDICCA BRACELET,5.0213
90161D,ANT COPPER PINK BOUDICCA BRACELET,4.992000000000001
90162A,ANT SILVER TURQUOISE BOUDICCA RING,2.95
90162B,ANT SILVER LIME GREEN BOUDICCA RING,2.95
90162C,ANT SILVER FUSCHIA BOUDICCA RING,2.95
90162D,ANT SILVER PURPLE BOUDICCA RING,2.95
90163A,PINK ROSEBUD & PEARL NECKLACE,7.605416666666667
90163B,WHITE ROSEBUD & PEARL NECKLACE,7.5744444444444445
90164A,PINK ROSEBUD PEARL BRACELET,6.93
90164B,WHITE  ROSEBUD PEARL BRACELET,6.648571428571429
90165A,PINK ROSEBUD PEARL EARRINGS,2.524074074074074
90165B,WHITE ROSEBUD  PEARL EARRINGS,2.5237142857142856
90166,PINK & WHITE ROSEBUD RING,4.2175
90167,BEADED LOVE HEART JEWELLERY SET,1.0828318584070797
90168,2 DAISIES HAIR COMB,2.9427999999999996
90169,DAISY HAIR COMB,2.5283333333333333
90170,DAISY HAIR BAND,1.6712162162162163
90171,DAISY RING,1.2725925925925925
90173,PAIR BUTTERFLY HAIR CLIPS,3.7952830188679245
90174,BUTTERFLY HAIR BAND,2.519705882352941
90175A,WHITE GLASS CHUNKY CHARM BRACELET,9.02828125
90175B,PINK GLASS CHUNKY CHARM BRACELET,8.966071428571428
90175C,BLUE GLASS CHUNKY CHARM BRACELET,9.04
90175D,TIGRIS EYE CHUNKY CHARM BRACELET,9.128780487804878
90176A,CLASSIC DIAMANTE NECKLACE JET,7.57125
90176B,DIAMANTE NECKLACE BLACK,7.53
90176C,DIAMANTE NECKLACE,7.75
90176D,DIAMANTE NECKLACE PURPLE,7.53875
90176E,DIAMANTE NECKLACE GREEN,7.493333333333333
90177A,CLASSIC DIAMANTE EARRINGS JET,2.926
90177B,DROP DIAMANTE EARRINGS BLACK DIAMON,2.951578947368421
90177C,DROP DIAMANTE EARRINGS CRYSTAL,2.946
90177D,DROP DIAMANTE EARRINGS PURPLE,2.9523076923076923
90177E,DROP DIAMANTE EARRINGS GREEN,2.9543478260869565
90178A,AMBER CHUNKY GLASS+BEAD NECKLACE,11.938571428571427
90178B,PURPLE CHUNKY GLASS+BEAD NECKLACE,11.969090909090909
90179A,AMBER FINE BEAD NECKLACE W TASSEL,5.905555555555556
90179B,PURPLE FINE BEAD NECKLACE W TASSEL,5.934444444444445
90179C,BLACK FINE BEAD NECKLACE W TASSEL,5.934117647058824
90180A,BLACK+WHITE NECKLACE W TASSEL,9.737586206896552
90180B,PURPLE AMETHYST NECKLACE W TASSEL,10.005714285714285
90181A,AMBER GLASS/SHELL/PEARL NECKLACE,9.188571428571427
90181B,AMETHYST GLASS/SHELL/PEARL NECKLACE,9.255
90181C,BLACK GLASS/SHELL/PEARL NECKLACE,9.386
90182A,AMBER 3 BEAD DROP EARRINGS,2.9066666666666667
90182B,AMETHYST 3 BEAD DROP EARRINGS,2.921666666666667
90182C,BLACK 3 BEAD DROP EARRINGS,2.927857142857143
90183A,AMBER DROP EARRINGS W LONG BEADS,2.93125
90183B,AMETHYST DROP EARRINGS W LONG BEADS,2.9304166666666664
90183C,BLACK DROP EARRINGS W LONG BEADS,2.9299999999999997
90184A,AMBER CHUNKY BEAD BRACELET W STRAP,9.146799999999999
90184B,AMETHYST CHUNKY BEAD BRACELET W STR,9.103673469387754
90184C,BLACK CHUNKY BEAD BRACELET W STRAP,9.1038
90185A,AMBER DIAMANTE EXPANDABLE RING,4.2348275862068965
90185B,AMETHYST DIAMANTE EXPANDABLE RING,4.24
90185C,BLACK DIAMANTE EXPANDABLE RING,4.248974358974359
90185D,CRYSTAL DIAMANTE EXPANDABLE RING,4.252432432432433
90186A,AMETHYST HOOP EARRING FLORAL LEAF,2.952058823529412
90186B,CRYSTAL HOOP EARRING FLORAL LEAF,2.95
90187A,BLUE DROP EARRINGS W BEAD CLUSTER,3.3842857142857143
90187B,GREEN DROP EARRINGS W BEAD CLUSTER,3.366
90188,DROP EARRINGS W FLOWER & LEAF,2.5475
90189A,SILVER 2 STRAND NECKLACE-LEAF CHARM,7.5175
90189B,GOLD 2 STRAND NECKLACE-LEAF CHARMS,7.5
90190A,SILVER/CRYSTAL DROP EARRINGS W LEAF,2.944516129032258
90190B,GOLD/AMBER DROP EARRINGS W LEAF,2.938
90190C,SILVER/AMETHYST DROP EARRINGS LEAF,2.9380555555555556
90191,SILVER LARIAT 40CM,11.324761904761905
90192,JADE DROP EARRINGS W FILIGREE,5.020740740740741
90194,SILVER LARIAT BLACK STONE EARRINGS,4.242380952380953
90195A,PURPLE GEMSTONE BRACELET,8.704347826086956
90195B,BLACK GEMSTONE BRACELET,8.775555555555556
90196A,PURPLE GEMSTONE NECKLACE 45CM,12.75
90196B,BLACK GEMSTONE NECKLACE 45CM,12.730714285714285
90197B,BLACK GLASS BRACELET W HEART CHARMS,5.046666666666667
90197D,AMBER GLASS BRACELET HEART CHARMS,4.95
90198A,VINTAGE ROSE BEAD BRACELET RASPBERR,4.223928571428571
90198B,VINTAGE ROSE BEAD BRACELET BLACK,4.244693877551021
90199A,5 STRAND GLASS NECKLACE BLACK,6.338235294117647
90199B,5 STRAND GLASS NECKLACE AMETHYST,6.350322580645161
90199C,5 STRAND GLASS NECKLACE CRYSTAL,6.314117647058823
90199D,5 STRAND GLASS NECKLACE AMBER,6.3237499999999995
90200A,PURPLE SWEETHEART BRACELET,4.227623762376238
90200B,BLACK SWEETHEART BRACELET,4.226744186046512
90200C,BLUE SWEETHEART BRACELET,4.2444554455445545
90200D,PINK SWEETHEART BRACELET,4.2220529801324505
90200E,GREEN SWEETHEART BRACELET,4.222083333333333
90201A,PURPLE ENAMEL FLOWER RING,2.9425454545454546
90201B,BLACK ENAMEL FLOWER RING,2.956491228070176
90201C,RED ENAMEL FLOWER RING,2.9495744680851064
90201D,GREEN ENAMEL FLOWER RING,2.9396491228070176
90202A,PURPLE ENAMEL FLOWER HAIR TIE,2.9308333333333336
90202B,WHITE ENAMEL FLOWER HAIR TIE,2.9376470588235293
90202C,GREEN ENAMEL FLOWER HAIR TIE,2.9523076923076923
90202D,PINK ENAMEL FLOWER HAIR TIE,2.944
90203,SILVER CHARM NECKLACE 70CM,7.546571428571428
90204,PAIR OF ENAMEL BUTTERFLY HAIRCLIP,3.3728947368421047
90205A,LARGE MINT DIAMANTE HAIRSLIDE,1.674090909090909
90205C,LARGE CRYSTAL DIAMANTE HAIRSLIDE,1.6591666666666667
90206A,GOLD DIAMANTE STAR BROOCH,4.983333333333333
90206C,CRYSTAL DIAMANTE STAR BROOCH,5.043684210526316
90208,PAIR OF ENAMEL FLOWER CLUSTER SLIDE,2.5159420289855072
90209A,PURPLE ENAMEL+GLASS HAIR COMB,2.0125
90209B,GREEN ENAMEL+GLASS HAIR COMB,2.0865306122448977
90209C,PINK ENAMEL+GLASS HAIR COMB,2.084705882352941
90210A,GREY ACRYLIC FACETED BANGLE,2.6804761904761905
90210B,CLEAR ACRYLIC FACETED BANGLE,2.705833333333333
90210C,RED   ACRYLIC FACETED BANGLE,2.4185714285714286
90210D,PURPLE ACRYLIC FACETED BANGLE,2.4991304347826087
90211A,DIAMOND LAS VEGAS NECKLACE 45CM,5.955714285714286
90211B,JET BLACK LAS VEGAS NECKLACE 45CM,5.948888888888889
90212B,JET BLACK LAS VEGAS BRACELET ROUND,3.7971428571428567
90212C,PURPLE LAS VEGAS BRACELET ROUND,3.75
90214A,"LETTER ""A"" BLING KEY RING",1.0562857142857143
90214B,"LETTER ""B"" BLING KEY RING",1.0195
90214C,"LETTER ""C"" BLING KEY RING",1.0259999999999998
90214D,"LETTER ""D"" BLING KEY RING",1.0224
90214E,"LETTER ""E"" BLING KEY RING",1.076470588235294
90214F,"LETTER ""F"" BLING KEY RING",0.9633333333333333
90214G,"LETTER ""G"" BLING KEY RING",1.0356
90214H,"LETTER ""H"" BLING KEY RING",0.9809433962264151
90214I,"LETTER ""I"" BLING KEY RING",1.082857142857143
90214J,"LETTER ""J"" BLING KEY RING",1.0565168539325842
90214K,"LETTER ""K"" BLING KEY RING",1.1247619047619049
90214L,"LETTER ""L"" BLING KEY RING",1.0228571428571427
90214M,"LETTER ""M"" BLING KEY RING",1.09015625
90214N,"LETTER ""N"" BLING KEY RING",1.048181818181818
90214O,"LETTER ""O"" BLING KEY RING",1.0822222222222222
90214P,"LETTER ""P"" BLING KEY RING",1.0458823529411765
90214R,"LETTER ""R"" BLING KEY RING",1.0916
90214S,"LETTER ""S"" BLING KEY RING",1.038735632183908
90214T,"LETTER ""T"" BLING KEY RING",1.0716666666666665
90214U,"LETTER ""U"" BLING KEY RING",0.77
90214V,"LETTER ""V"" BLING KEY RING",0.9525
90214W,"LETTER ""W"" BLING KEY RING",0.8724999999999999
90214Y,"LETTER ""Y"" BLING KEY RING",0.852
90214Z,"LETTER ""Z"" BLING KEY RING",0.9011111111111111
ADJUST,Adjustment by john on 26/01/2010 16,163.5913432835821
ADJUST2,Adjustment by Peter on Jun 25 2010,243.68333333333337
AMAZONFEE,AMAZON FEE,7290.447222222221
DCGS0003,BOXED GLASS ASHTRAY,2.506923076923077
DCGS0004,HAYNES CAMPER SHOULDER BAG,16.985
DCGS0037,KEY-RING CORKSCREW,12.72
DCGS0041,HAYNES MINI-COOPER PLAYING CARDS,5.06
DCGS0044,HANDZ-OFF CAR FRESHENER,2.57
DCGS0058,MISO PRETTY  GUM,0.8286666666666667
DCGS0062,ROAD-RAGE CAR FRESHENER,2.51
DCGS0066N,NAVY CUDDLES DOG HOODIE,8.65
DCGS0068,DOGS NIGHT COLLAR,8.56
DCGS0069,OOH LA LA DOGS COLLAR,16.062
DCGS0070,CAMOUFLAGE DOG COLLAR,12.72
DCGS0072,CAT CAMOUFLAGUE COLLAR,5.17
DCGS0075,CAMOUFLAGUE DOG LEAD,12.72
DCGS0076,SUNJAR LED NIGHT NIGHT LIGHT,16.255
DCGSSBOY,BOYS PARTY BAG,3.2261904761904763
DCGSSGIRL,GIRLS PARTY BAG,3.2317391304347827
GIFT_0001_10,Dotcomgiftshop Gift Voucher £10.00,8.42
GIFT_0001_20,Dotcomgiftshop Gift Voucher £20.00,16.807692307692307
GIFT_0001_30,Dotcomgiftshop Gift Voucher £30.00,25.420416666666668
GIFT_0001_40,Dotcomgiftshop Gift Voucher £40.00,33.218
GIFT_0001_50,Dotcomgiftshop Gift Voucher £50.00,42.265
GIFT_0001_70,Dotcomgiftshop Gift Voucher £70.00,59.57
GIFT_0001_80,Dotcomgiftshop Gift Voucher £80.00,69.56
SP1002,KID'S CHALKBOARD/EASEL,2.95
TEST001,This is a test product.,4.5
TEST002,This is a test product.,1.0
