StockCode,Forecast_Demand,Safety_Stock,Reorder_Point,Inventory_Position,Reorder_Quantity,Risk_Category,Risk_Action,Current_Stock_Value_GBP,Reorder_Capital_Required_GBP,Excess_Capital_Tied_Up_GBP,Lead_Time_Weeks
22197,2955.75,2186.0,8097.5,3544.0,8279.0,HIGH STOCKOUT RISK,REORDER NOW,3633.004039087948,8486.918859934854,0.0,2
22086,1496.0,1427.0,4419.0,2906.0,3078.0,HIGH STOCKOUT RISK,REORDER NOW,9777.992783109405,10356.73151631478,0.0,2
20668,1015.0,820.0,2850.0,2358.0,1702.0,HIGH STOCKOUT RISK,REORDER NOW,390.0787700534759,281.55812834224594,0.0,2
22578,1009.75,908.0,2927.5,2393.0,1646.0,HIGH STOCKOUT RISK,REORDER NOW,1488.6182009925556,1023.930446650124,0.0,2
84077,876.75,2349.0,4102.5,2463.0,1044.0,HIGH STOCKOUT RISK,REORDER NOW,695.9345982575023,294.98811229428844,0.0,2
22577,870.25,813.0,2553.5,1765.0,1716.0,HIGH STOCKOUT RISK,REORDER NOW,1147.4138051044083,1115.5592575406033,0.0,2
22910,757.5,846.0,2361.0,1155.0,1875.0,HIGH STOCKOUT RISK,REORDER NOW,3806.009404924761,6178.58669630643,0.0,2
22952,711.5,1660.0,3083.0,2671.0,175.0,HIGH STOCKOUT RISK,REORDER NOW,1923.573865760408,126.02973661852164,0.0,2
22355,630.5,389.0,1650.0,1087.0,1435.0,HIGH STOCKOUT RISK,REORDER NOW,1255.603881099271,1657.5819405496354,0.0,2
21137,628.25,570.0,1826.5,943.0,1570.0,HIGH STOCKOUT RISK,REORDER NOW,3903.78534992224,6499.409331259721,0.0,2
22579,625.75,508.0,1759.5,703.0,1800.0,HIGH STOCKOUT RISK,REORDER NOW,485.62017391304346,1243.4086956521735,0.0,2
21787,617.25,672.0,1906.5,1660.0,809.0,HIGH STOCKOUT RISK,REORDER NOW,1717.3202505219208,836.9349895615867,0.0,2
22616,609.0,1166.0,2384.0,1918.0,518.0,HIGH STOCKOUT RISK,REORDER NOW,814.7636729857819,220.04566350710897,0.0,2
21810,603.5,565.0,1772.0,1545.0,869.0,HIGH STOCKOUT RISK,REORDER NOW,1493.2296961325967,839.8812983425415,0.0,2
20724,571.0,362.0,1504.0,1374.0,910.0,HIGH STOCKOUT RISK,REORDER NOW,1507.2760268070847,998.2686931546194,0.0,2
22178,540.5,645.0,1726.0,1279.0,883.0,HIGH STOCKOUT RISK,REORDER NOW,2010.209187898089,1387.814474522293,0.0,2
22865,501.25,778.0,1780.5,1158.0,847.0,HIGH STOCKOUT RISK,REORDER NOW,2723.76188976378,1992.250708661417,0.0,2
22961,480.25,460.0,1420.5,1208.0,713.0,HIGH STOCKOUT RISK,REORDER NOW,2278.5043878389483,1344.845718981101,0.0,2
84946,463.75,596.0,1523.5,951.0,904.0,HIGH STOCKOUT RISK,REORDER NOW,1449.971489361702,1378.311489361702,0.0,2
79321,458.75,417.0,1334.5,794.0,1041.0,HIGH STOCKOUT RISK,REORDER NOW,4974.32117039587,6521.7485370051645,0.0,2
21166,445.0,428.0,1318.0,1017.0,763.0,HIGH STOCKOUT RISK,REORDER NOW,2310.950392561984,1733.7808746556473,0.0,2
22336,442.0,308.0,1192.0,710.0,1058.0,HIGH STOCKOUT RISK,REORDER NOW,520.4968609865471,775.6136322869955,0.0,2
22338,435.5,385.0,1256.0,316.0,1426.0,HIGH STOCKOUT RISK,REORDER NOW,175.25405797101448,790.8616666666666,0.0,2
21790,428.5,470.0,1327.0,511.0,1203.0,HIGH STOCKOUT RISK,REORDER NOW,514.7303530633437,1211.7820249221184,0.0,2
21731,419.5,545.0,1384.0,1070.0,608.0,HIGH STOCKOUT RISK,REORDER NOW,2383.882699619772,1354.5800760456275,0.0,2
22560,412.25,372.0,1196.5,1077.0,572.0,HIGH STOCKOUT RISK,REORDER NOW,1475.49,783.6400000000001,0.0,2
22114,388.5,379.0,1156.0,1122.0,432.0,HIGH STOCKOUT RISK,REORDER NOW,5348.518248447205,2059.3225341614907,0.0,2
21914,382.25,326.0,1090.5,1040.0,489.0,HIGH STOCKOUT RISK,REORDER NOW,1505.4238532110091,707.8387155963303,0.0,2
21181,374.0,503.0,1251.0,1039.0,457.0,HIGH STOCKOUT RISK,REORDER NOW,2455.685515184382,1080.1234652928415,0.0,2
22413,372.5,352.0,1097.0,853.0,637.0,HIGH STOCKOUT RISK,REORDER NOW,2810.4537136465324,2098.779619686801,0.0,2
22727,368.5,356.0,1093.0,897.0,577.0,HIGH STOCKOUT RISK,REORDER NOW,3907.4983227176217,2513.5189879688605,0.0,2
22993,361.5,296.0,1019.0,632.0,814.0,HIGH STOCKOUT RISK,REORDER NOW,945.3201819836214,1217.5484622383983,0.0,2
22112,346.75,305.0,998.5,479.0,908.0,HIGH STOCKOUT RISK,REORDER NOW,2797.9812286689416,5303.897610921502,0.0,2
84378,344.5,282.0,971.0,778.0,600.0,HIGH STOCKOUT RISK,REORDER NOW,1239.507399842891,955.9183032207384,0.0,2
21811,342.0,360.0,1044.0,610.0,758.0,HIGH STOCKOUT RISK,REORDER NOW,703.2581453634085,873.8847117794486,0.0,2
22457,336.25,255.0,927.5,575.0,770.0,HIGH STOCKOUT RISK,REORDER NOW,2014.296531100479,2697.4057894736848,0.0,2
22065,333.75,633.0,1300.5,563.0,772.0,HIGH STOCKOUT RISK,REORDER NOW,797.4169484536081,1093.4385154639174,0.0,2
21326,330.25,323.0,983.5,792.0,529.0,HIGH STOCKOUT RISK,REORDER NOW,639.5667969924812,427.18539849624057,0.0,2
85152,326.0,269.0,921.0,410.0,894.0,HIGH STOCKOUT RISK,REORDER NOW,942.6758783783782,2055.4932567567566,0.0,2
22469,324.25,732.0,1380.5,1270.0,27.0,HIGH STOCKOUT RISK,REORDER NOW,2436.856955736224,51.80719512195122,0.0,2
20973,320.0,367.0,1007.0,450.0,830.0,HIGH STOCKOUT RISK,REORDER NOW,351.3557833089312,648.0562225475842,0.0,2
22489,319.75,372.0,1011.5,941.0,338.0,HIGH STOCKOUT RISK,REORDER NOW,480.73029887920296,172.67464508094645,0.0,2
22411,315.75,366.0,997.5,676.0,587.0,HIGH STOCKOUT RISK,REORDER NOW,1653.0427073061408,1435.4083863738235,0.0,2
21977,311.5,930.0,1553.0,1357.0,0.0,HIGH STOCKOUT RISK,REORDER NOW,963.9298870333988,0.0,0.0,2
71477,308.25,406.0,1022.5,632.0,601.0,HIGH STOCKOUT RISK,REORDER NOW,2333.519910213244,2219.0592817059487,0.0,2
84947,308.25,314.0,930.5,730.0,503.0,HIGH STOCKOUT RISK,REORDER NOW,1050.1204225352112,723.5761267605634,0.0,2
82600,306.25,249.0,861.5,801.0,424.0,HIGH STOCKOUT RISK,REORDER NOW,1921.7671111111115,1017.264987654321,0.0,2
20719,300.0,285.0,885.0,382.0,818.0,HIGH STOCKOUT RISK,REORDER NOW,438.96315196998114,939.9786866791744,0.0,2
20727,285.0,440.0,1010.0,552.0,588.0,HIGH STOCKOUT RISK,REORDER NOW,1112.427756436453,1184.9773927257866,0.0,2
84029E,284.75,404.0,973.5,867.0,272.0,HIGH STOCKOUT RISK,REORDER NOW,3866.317819420784,1212.9624531516183,0.0,2
22621,284.25,218.0,786.5,715.0,422.0,HIGH STOCKOUT RISK,REORDER NOW,1296.098553948832,764.9700556173525,0.0,2
22149,283.75,311.0,878.5,482.0,653.0,HIGH STOCKOUT RISK,REORDER NOW,1146.094135759272,1552.6959972008397,0.0,2
22646,273.5,219.0,766.0,452.0,642.0,HIGH STOCKOUT RISK,REORDER NOW,839.2393945945946,1192.0170162162162,0.0,2
21498,268.75,396.0,933.5,502.0,573.0,HIGH STOCKOUT RISK,REORDER NOW,209.58032298136644,239.2221614906832,0.0,2
21829,267.75,275.0,810.5,643.0,428.0,HIGH STOCKOUT RISK,REORDER NOW,169.41585131894482,112.7682494004796,0.0,2
22988,267.5,442.0,977.0,567.0,503.0,HIGH STOCKOUT RISK,REORDER NOW,846.272152173913,750.7493695652174,0.0,2
22356,267.25,249.0,783.5,425.0,644.0,HIGH STOCKOUT RISK,REORDER NOW,489.6282287822878,741.9307749077491,0.0,2
21819,260.0,263.0,783.0,550.0,490.0,HIGH STOCKOUT RISK,REORDER NOW,391.2918287937743,348.6054474708171,0.0,2
22597,258.0,246.0,762.0,737.0,295.0,HIGH STOCKOUT RISK,REORDER NOW,578.3601337792642,231.5010033444816,0.0,2
22382,257.5,246.0,761.0,384.0,646.0,HIGH STOCKOUT RISK,REORDER NOW,727.0435020519835,1223.0992248062014,0.0,2
21479,256.25,317.0,829.5,636.0,389.0,HIGH STOCKOUT RISK,REORDER NOW,2975.574282722513,1819.9660314136129,0.0,2
21891,255.25,364.0,874.5,791.0,230.0,HIGH STOCKOUT RISK,REORDER NOW,1212.125860091743,352.4512614678899,0.0,2
22386,247.25,582.0,1076.5,1062.0,0.0,HIGH STOCKOUT RISK,REORDER NOW,2557.521918047079,0.0,0.0,2
21398,245.25,220.0,710.5,491.0,490.0,HIGH STOCKOUT RISK,REORDER NOW,928.917874015748,927.0259842519685,0.0,2
21733,240.0,384.0,864.0,433.0,527.0,HIGH STOCKOUT RISK,REORDER NOW,1338.6356072210065,1629.2401039387307,0.0,2
22111,237.75,328.0,803.5,399.0,552.0,HIGH STOCKOUT RISK,REORDER NOW,2284.1673478760044,3160.051067738232,0.0,2
22574,237.0,237.0,711.0,610.0,338.0,HIGH STOCKOUT RISK,REORDER NOW,649.6355450236966,359.961990521327,0.0,2
22144,236.25,306.0,778.5,424.0,521.0,HIGH STOCKOUT RISK,REORDER NOW,1098.1541192787795,1349.3827739251042,0.0,2
22154,234.5,330.0,799.0,586.0,352.0,HIGH STOCKOUT RISK,REORDER NOW,310.40915451895046,186.45737609329447,0.0,2
22153,233.0,228.0,694.0,490.0,442.0,HIGH STOCKOUT RISK,REORDER NOW,267.32953020134227,241.14214765100667,0.0,2
21592,231.0,203.0,665.0,191.0,733.0,HIGH STOCKOUT RISK,REORDER NOW,227.90840163934425,874.643237704918,0.0,2
22030,229.75,322.0,781.5,641.0,278.0,HIGH STOCKOUT RISK,REORDER NOW,297.77028735632183,129.14218390804598,0.0,2
22666,226.75,316.0,769.5,469.0,438.0,HIGH STOCKOUT RISK,REORDER NOW,1677.2808592848903,1566.4158131487889,0.0,2
22610,225.5,472.0,923.0,483.0,419.0,HIGH STOCKOUT RISK,REORDER NOW,269.19311418685123,233.52363321799308,0.0,2
84992,225.5,716.0,1167.0,1063.0,0.0,HIGH STOCKOUT RISK,REORDER NOW,729.5251358515575,0.0,0.0,2
21705,224.5,197.0,646.0,419.0,479.0,HIGH STOCKOUT RISK,REORDER NOW,755.3688841201716,863.5362660944206,0.0,2
22960,221.75,212.0,655.5,541.0,346.0,HIGH STOCKOUT RISK,REORDER NOW,2704.6789574979957,1729.7946752205294,0.0,2
20992,219.75,202.0,641.5,383.0,496.0,HIGH STOCKOUT RISK,REORDER NOW,262.47813747228383,339.919467849224,0.0,2
22138,217.75,196.0,631.5,291.0,580.0,HIGH STOCKOUT RISK,REORDER NOW,1547.9005573770492,3085.16262295082,0.0,2
22726,215.0,244.0,674.0,392.0,468.0,HIGH STOCKOUT RISK,REORDER NOW,1747.646717557252,2086.476183206107,0.0,2
22152,203.0,291.0,697.0,277.0,535.0,HIGH STOCKOUT RISK,REORDER NOW,143.05462450592887,276.29683794466405,0.0,2
22759,201.0,323.0,725.0,421.0,383.0,HIGH STOCKOUT RISK,REORDER NOW,830.1551779141105,755.2243067484662,0.0,2
22551,197.0,274.0,668.0,392.0,396.0,HIGH STOCKOUT RISK,REORDER NOW,709.3522522522522,716.5905405405406,0.0,2
22835,197.0,223.0,617.0,198.0,590.0,HIGH STOCKOUT RISK,REORDER NOW,1114.372478134111,3320.604859086492,0.0,2
22754,193.75,173.0,560.5,157.0,618.0,HIGH STOCKOUT RISK,REORDER NOW,156.09204819277107,614.4260240963855,0.0,2
21818,189.0,196.0,574.0,434.0,322.0,HIGH STOCKOUT RISK,REORDER NOW,312.914,232.162,0.0,2
21641,187.75,159.0,534.5,369.0,382.0,HIGH STOCKOUT RISK,REORDER NOW,452.3075675675676,468.2425225225225,0.0,2
22792,187.75,155.0,530.5,269.0,482.0,HIGH STOCKOUT RISK,REORDER NOW,302.31304182509507,541.6910266159696,0.0,2
20713,186.25,425.0,797.5,520.0,225.0,HIGH STOCKOUT RISK,REORDER NOW,1340.514884068811,580.0304786836201,0.0,2
22464,182.25,154.0,518.5,270.0,459.0,HIGH STOCKOUT RISK,REORDER NOW,513.220341047503,872.4745797807551,0.0,2
22581,181.75,181.0,544.5,269.0,458.0,HIGH STOCKOUT RISK,REORDER NOW,251.64915601023017,428.4584143222506,0.0,2
21495,181.25,197.0,559.5,290.0,435.0,HIGH STOCKOUT RISK,REORDER NOW,121.26153846153844,181.89230769230767,0.0,2
22045,181.25,258.0,620.5,369.0,356.0,HIGH STOCKOUT RISK,REORDER NOW,154.57857740585771,149.13271966527196,0.0,2
22075,180.5,157.0,518.0,149.0,573.0,HIGH STOCKOUT RISK,REORDER NOW,269.8373626373626,1037.6967032967032,0.0,2
51014A,180.0,197.0,557.0,460.0,260.0,HIGH STOCKOUT RISK,REORDER NOW,379.34263157894736,214.41105263157897,0.0,2
22644,179.0,155.0,513.0,480.0,236.0,HIGH STOCKOUT RISK,REORDER NOW,949.2701421800948,466.7244865718799,0.0,2
21703,177.75,439.0,794.5,472.0,239.0,HIGH STOCKOUT RISK,REORDER NOW,233.93802047781568,118.45590443686008,0.0,2
22544,176.5,301.0,654.0,444.0,262.0,HIGH STOCKOUT RISK,REORDER NOW,226.55616279069767,133.6885465116279,0.0,2
16237,175.75,220.0,571.5,543.0,160.0,HIGH STOCKOUT RISK,REORDER NOW,160.75755102040813,47.36870748299319,0.0,2
21497,175.0,397.0,747.0,420.0,280.0,HIGH STOCKOUT RISK,REORDER NOW,175.4301030927835,116.95340206185566,0.0,2
79000,174.0,312.0,660.0,527.0,169.0,HIGH STOCKOUT RISK,REORDER NOW,716.5911777777778,229.7986888888889,0.0,2
22422,173.0,136.0,482.0,295.0,397.0,HIGH STOCKOUT RISK,REORDER NOW,291.18138888888893,391.8610555555556,0.0,2
22299,172.0,181.0,525.0,487.0,201.0,HIGH STOCKOUT RISK,REORDER NOW,788.9635265700483,325.6297101449275,0.0,2
16008,171.0,230.0,572.0,295.0,389.0,HIGH STOCKOUT RISK,REORDER NOW,46.08941176470588,60.7755294117647,0.0,2
84997D,169.5,219.0,558.0,347.0,331.0,HIGH STOCKOUT RISK,REORDER NOW,1438.347794779478,1372.0262826282628,0.0,2
22029,169.25,247.0,585.5,491.0,186.0,HIGH STOCKOUT RISK,REORDER NOW,249.48660036166368,94.51019891500904,0.0,2
22319,168.0,138.0,474.0,224.0,448.0,HIGH STOCKOUT RISK,REORDER NOW,179.47076923076924,358.94153846153847,0.0,2
82494L,167.5,186.0,521.0,437.0,233.0,HIGH STOCKOUT RISK,REORDER NOW,1395.877444825895,744.255022069642,0.0,2
21210,167.0,287.0,621.0,546.0,122.0,HIGH STOCKOUT RISK,REORDER NOW,962.8373106382978,215.13947234042556,0.0,2
22699,167.0,309.0,643.0,471.0,197.0,HIGH STOCKOUT RISK,REORDER NOW,1688.4046030687125,706.1904603068713,0.0,2
22139,166.75,173.0,506.5,235.0,432.0,HIGH STOCKOUT RISK,REORDER NOW,1307.1978644382543,2403.019052924791,0.0,2
22465,165.0,111.0,441.0,281.0,379.0,HIGH STOCKOUT RISK,REORDER NOW,521.8816700610998,703.8902240325866,0.0,2
22915,165.0,181.0,511.0,460.0,200.0,HIGH STOCKOUT RISK,REORDER NOW,534.3165829145728,232.3115577889447,0.0,2
22992,164.25,353.0,681.5,431.0,226.0,HIGH STOCKOUT RISK,REORDER NOW,975.2203846153844,511.36846153846153,0.0,2
10133,163.75,153.0,480.5,326.0,329.0,HIGH STOCKOUT RISK,REORDER NOW,242.85319587628868,245.0880412371134,0.0,2
21563,159.25,118.0,436.5,303.0,334.0,HIGH STOCKOUT RISK,REORDER NOW,1001.1719518716576,1103.6020855614972,0.0,2
22158,158.75,406.0,723.5,651.0,0.0,HIGH STOCKOUT RISK,REORDER NOW,2093.527108433735,0.0,0.0,2
22438,157.5,119.0,434.0,263.0,367.0,HIGH STOCKOUT RISK,REORDER NOW,506.0149717514124,706.1121468926553,0.0,2
21892,156.5,259.0,572.0,408.0,218.0,HIGH STOCKOUT RISK,REORDER NOW,639.1247999999999,341.49315294117645,0.0,2
22087,156.5,237.0,550.0,452.0,174.0,HIGH STOCKOUT RISK,REORDER NOW,1570.767077625571,604.6758219178082,0.0,2
22609,155.5,264.0,575.0,315.0,307.0,HIGH STOCKOUT RISK,REORDER NOW,178.70898058252425,174.17033980582522,0.0,2
85199S,155.5,189.0,500.0,396.0,226.0,HIGH STOCKOUT RISK,REORDER NOW,231.28304609218435,131.99486973947896,0.0,2
21564,154.5,105.0,414.0,145.0,473.0,HIGH STOCKOUT RISK,REORDER NOW,466.9336092715232,1523.1696357615897,0.0,2
22804,153.75,210.0,517.5,212.0,403.0,HIGH STOCKOUT RISK,REORDER NOW,667.3258297258297,1268.548629148629,0.0,2
21179,153.5,175.0,482.0,255.0,359.0,HIGH STOCKOUT RISK,REORDER NOW,338.25378640776694,476.20827184466015,0.0,2
22530,152.0,505.0,809.0,757.0,0.0,HIGH STOCKOUT RISK,REORDER NOW,374.1424789915966,0.0,0.0,2
22384,151.0,284.0,586.0,542.0,62.0,HIGH STOCKOUT RISK,REORDER NOW,1051.2181040036814,120.2500414173953,0.0,2
75049L,150.25,524.0,824.5,547.0,54.0,HIGH STOCKOUT RISK,REORDER NOW,805.044226044226,79.47420147420146,0.0,2
22558,148.0,313.0,609.0,568.0,24.0,HIGH STOCKOUT RISK,REORDER NOW,947.0555175224124,40.01643031784841,0.0,2
22419,147.5,223.0,518.0,404.0,186.0,HIGH STOCKOUT RISK,REORDER NOW,241.4112428298279,111.14478011472274,0.0,2
22608,146.75,331.0,624.5,430.0,157.0,HIGH STOCKOUT RISK,REORDER NOW,199.05,72.67639534883722,0.0,2
22142,145.25,281.0,571.5,332.0,249.0,HIGH STOCKOUT RISK,REORDER NOW,572.1892307692308,429.14192307692304,0.0,2
21506,144.75,229.0,518.5,499.0,80.0,HIGH STOCKOUT RISK,REORDER NOW,244.0117436661699,39.12011922503726,0.0,2
84029G,143.5,238.0,525.0,512.0,62.0,HIGH STOCKOUT RISK,REORDER NOW,2450.424130643612,296.7310470701249,0.0,2
22758,142.5,147.0,432.0,323.0,247.0,HIGH STOCKOUT RISK,REORDER NOW,493.6365732087228,377.4867912772586,0.0,2
22659,140.75,450.0,731.5,687.0,0.0,HIGH STOCKOUT RISK,REORDER NOW,1596.1954285714285,0.0,0.0,2
22059,140.0,167.0,447.0,191.0,369.0,HIGH STOCKOUT RISK,REORDER NOW,336.34793172690763,649.8030722891566,0.0,2
22083,139.25,257.0,535.5,391.0,166.0,HIGH STOCKOUT RISK,REORDER NOW,1411.6694796061884,599.3277074542897,0.0,2
21930,138.25,201.0,477.5,295.0,258.0,HIGH STOCKOUT RISK,REORDER NOW,745.1330975428145,651.6757259865972,0.0,2
22755,138.25,169.0,445.5,441.0,112.0,HIGH STOCKOUT RISK,REORDER NOW,430.8431102362204,109.42047244094486,0.0,2
82484,138.0,363.0,639.0,395.0,157.0,HIGH STOCKOUT RISK,REORDER NOW,3077.3821815154038,1223.1620316402996,0.0,2
22728,134.75,305.0,574.5,300.0,239.0,HIGH STOCKOUT RISK,REORDER NOW,1353.5531062124246,1078.330641282565,0.0,2
20982,134.25,113.0,381.5,169.0,368.0,HIGH STOCKOUT RISK,REORDER NOW,162.2743147208122,353.3547208121828,0.0,2
35471D,134.25,99.0,367.5,118.0,419.0,HIGH STOCKOUT RISK,REORDER NOW,145.39709497206704,516.282905027933,0.0,2
22549,134.0,160.0,428.0,287.0,249.0,HIGH STOCKOUT RISK,REORDER NOW,533.4786168741356,462.8438174273859,0.0,2
22576,134.0,163.0,431.0,404.0,132.0,HIGH STOCKOUT RISK,REORDER NOW,428.7159770114942,140.0755172413793,0.0,2
22595,133.5,624.0,891.0,863.0,0.0,HIGH STOCKOUT RISK,REORDER NOW,863.8020446096654,0.0,0.0,2
20718,133.0,225.0,491.0,362.0,170.0,HIGH STOCKOUT RISK,REORDER NOW,598.0552730236349,280.85468622656884,0.0,2
84692,133.0,313.0,579.0,344.0,188.0,HIGH STOCKOUT RISK,REORDER NOW,216.1296864111498,118.11738675958188,0.0,2
21485,132.75,234.0,499.5,318.0,213.0,HIGH STOCKOUT RISK,REORDER NOW,1737.1984680252988,1163.5952002810964,0.0,2
22064,132.75,177.0,442.5,221.0,310.0,HIGH STOCKOUT RISK,REORDER NOW,467.41055033557046,655.6437583892617,0.0,2
21169,132.0,246.0,510.0,370.0,158.0,HIGH STOCKOUT RISK,REORDER NOW,786.0143757881461,335.6493820933165,0.0,2
22037,131.75,122.0,385.5,223.0,304.0,HIGH STOCKOUT RISK,REORDER NOW,116.31413522012576,158.56276729559747,0.0,2
22593,131.25,210.0,472.5,231.0,294.0,HIGH STOCKOUT RISK,REORDER NOW,246.07026315789477,313.1803349282297,0.0,2
21481,130.75,228.0,489.5,481.0,42.0,HIGH STOCKOUT RISK,REORDER NOW,1805.8496385542169,157.68333642261354,0.0,2
22571,127.5,258.0,513.0,361.0,149.0,HIGH STOCKOUT RISK,REORDER NOW,376.4389503816793,155.37230916030532,0.0,2
17084R,126.0,832.0,1084.0,699.0,0.0,HIGH STOCKOUT RISK,REORDER NOW,142.02409090909092,0.0,0.0,2
22553,126.0,138.0,390.0,185.0,319.0,HIGH STOCKOUT RISK,REORDER NOW,351.4156082289803,605.954481216458,0.0,2
21156,125.5,249.0,500.0,398.0,104.0,HIGH STOCKOUT RISK,REORDER NOW,889.9296740273396,232.5444374342797,0.0,2
22095,125.5,154.0,405.0,272.0,230.0,HIGH STOCKOUT RISK,REORDER NOW,376.4516387959866,318.32307692307694,0.0,2
15036,124.5,1182.0,1431.0,1164.0,0.0,HIGH STOCKOUT RISK,REORDER NOW,1152.163300198807,0.0,0.0,2
21015,122.5,130.0,375.0,196.0,294.0,HIGH STOCKOUT RISK,REORDER NOW,150.13185185185185,225.1977777777778,0.0,2
72802C,122.25,109.0,353.5,94.0,395.0,HIGH STOCKOUT RISK,REORDER NOW,425.9221739130434,1789.779347826087,0.0,2
22563,121.5,248.0,491.0,485.0,1.0,HIGH STOCKOUT RISK,REORDER NOW,639.0630036630038,1.3176556776556778,0.0,2
84596B,121.25,148.0,390.5,302.0,183.0,HIGH STOCKOUT RISK,REORDER NOW,256.5068843537415,155.43297959183673,0.0,2
20983,120.5,131.0,372.0,268.0,214.0,HIGH STOCKOUT RISK,REORDER NOW,256.21450682852804,204.58919575113808,0.0,2
20803,119.25,116.0,354.5,186.0,291.0,HIGH STOCKOUT RISK,REORDER NOW,309.9144827586207,484.8662068965518,0.0,2
22150,119.0,156.0,394.0,212.0,264.0,HIGH STOCKOUT RISK,REORDER NOW,464.9164389233954,578.9525465838509,0.0,2
22113,116.25,215.0,447.5,260.0,205.0,HIGH STOCKOUT RISK,REORDER NOW,1091.2542635658915,860.412015503876,0.0,2
20996,116.0,310.0,542.0,471.0,0.0,HIGH STOCKOUT RISK,REORDER NOW,178.29516320474778,0.0,0.0,2
22458,115.75,133.0,364.5,163.0,300.0,HIGH STOCKOUT RISK,REORDER NOW,466.8206936416185,859.179190751445,0.0,2
84997C,115.25,199.0,429.5,352.0,109.0,HIGH STOCKOUT RISK,REORDER NOW,1416.8506995884777,438.7406995884774,0.0,2
22570,115.0,178.0,408.0,324.0,136.0,HIGH STOCKOUT RISK,REORDER NOW,1394.891470588235,585.51,0.0,2
22217,114.5,95.0,324.0,220.0,238.0,HIGH STOCKOUT RISK,REORDER NOW,308.8337899543379,334.1020091324201,0.0,2
23193,114.0,206.0,434.0,361.0,95.0,HIGH STOCKOUT RISK,REORDER NOW,979.9853591160222,257.89088397790056,0.0,2
84536A,113.75,90.0,317.5,187.0,268.0,HIGH STOCKOUT RISK,REORDER NOW,99.7661403508772,142.980350877193,0.0,2
22076,113.0,79.0,305.0,208.0,244.0,HIGH STOCKOUT RISK,REORDER NOW,359.6643799472296,421.9139841688655,0.0,2
22185,111.25,88.0,310.5,145.0,300.0,HIGH STOCKOUT RISK,REORDER NOW,278.7547872340425,576.7340425531914,0.0,2
22757,107.5,164.0,379.0,234.0,196.0,HIGH STOCKOUT RISK,REORDER NOW,355.270127388535,297.5766878980892,0.0,2
85078,107.25,120.0,334.5,260.0,169.0,HIGH STOCKOUT RISK,REORDER NOW,387.85696969696966,252.10703030303029,0.0,2
85034C,106.25,99.0,311.5,76.0,349.0,HIGH STOCKOUT RISK,REORDER NOW,220.7112380952381,1013.529238095238,0.0,2
22041,106.0,163.0,375.0,210.0,214.0,HIGH STOCKOUT RISK,REORDER NOW,744.5670796460178,758.7493097345133,0.0,2
84832,105.75,157.0,368.5,251.0,172.0,HIGH STOCKOUT RISK,REORDER NOW,271.7485514018691,186.21813084112148,0.0,2
22534,105.25,476.0,686.5,681.0,0.0,HIGH STOCKOUT RISK,REORDER NOW,336.7516859504132,0.0,0.0,2
22466,104.75,229.0,438.5,362.0,57.0,HIGH STOCKOUT RISK,REORDER NOW,856.215334987593,134.81843672456574,0.0,2
79030G,104.5,151.0,360.0,255.0,163.0,HIGH STOCKOUT RISK,REORDER NOW,756.5070247933885,483.5711570247934,0.0,2
84032B,104.5,164.0,373.0,152.0,266.0,HIGH STOCKOUT RISK,REORDER NOW,468.6741176470589,820.179705882353,0.0,2
84596F,104.5,106.0,315.0,186.0,232.0,HIGH STOCKOUT RISK,REORDER NOW,158.40796721311474,197.58413114754097,0.0,2
21785,102.75,172.0,377.5,259.0,152.0,HIGH STOCKOUT RISK,REORDER NOW,256.6407920792079,150.61544554455446,0.0,2
47591D,102.75,172.0,377.5,291.0,120.0,HIGH STOCKOUT RISK,REORDER NOW,615.368,253.76,0.0,2
82582,102.25,149.0,353.5,321.0,88.0,HIGH STOCKOUT RISK,REORDER NOW,754.445111111111,206.82607407407409,0.0,2
22619,101.25,105.0,307.5,186.0,219.0,HIGH STOCKOUT RISK,REORDER NOW,826.530709318498,973.173254520167,0.0,2
21167,100.5,96.0,297.0,204.0,198.0,HIGH STOCKOUT RISK,REORDER NOW,67.08939130434783,65.11617391304348,0.0,2
21993,100.5,89.0,290.0,151.0,251.0,HIGH STOCKOUT RISK,REORDER NOW,341.1976247848537,567.1563166953529,0.0,2
85178,100.5,189.0,390.0,162.0,240.0,HIGH STOCKOUT RISK,REORDER NOW,220.08572307692305,326.05292307692304,0.0,2
75131,99.75,161.0,360.5,237.0,162.0,HIGH STOCKOUT RISK,REORDER NOW,403.0742647058824,275.5191176470588,0.0,2
22580,99.25,114.0,312.5,236.0,161.0,HIGH STOCKOUT RISK,REORDER NOW,1447.1773359840956,987.2692842942348,0.0,2
21135,98.75,173.0,370.5,207.0,188.0,HIGH STOCKOUT RISK,REORDER NOW,414.1177251184834,376.1069194312796,0.0,2
21494,98.75,126.0,323.5,110.0,285.0,HIGH STOCKOUT RISK,REORDER NOW,283.33968565815326,734.1073673870334,0.0,2
22343,98.0,141.0,337.0,227.0,165.0,HIGH STOCKOUT RISK,REORDER NOW,187.9321052631579,136.60263157894735,0.0,2
47503A,97.75,129.0,324.5,193.0,198.0,HIGH STOCKOUT RISK,REORDER NOW,122.58366336633664,125.75940594059406,0.0,2
21833,97.25,157.0,351.5,214.0,175.0,HIGH STOCKOUT RISK,REORDER NOW,436.69169230769234,357.10769230769233,0.0,2
21912,97.0,98.0,292.0,204.0,184.0,HIGH STOCKOUT RISK,REORDER NOW,953.9044897959184,860.3844417767108,0.0,2
85038,96.25,103.0,295.5,209.0,176.0,HIGH STOCKOUT RISK,REORDER NOW,520.8343654822335,438.59736040609135,0.0,2
85034B,95.25,84.0,274.5,83.0,298.0,HIGH STOCKOUT RISK,REORDER NOW,273.52272727272725,982.0454545454544,0.0,2
22568,94.75,151.0,340.5,181.0,198.0,HIGH STOCKOUT RISK,REORDER NOW,752.3729729729729,823.0378378378377,0.0,2
21704,94.25,662.0,850.5,684.0,0.0,HIGH STOCKOUT RISK,REORDER NOW,666.4232013769362,0.0,0.0,2
21484,93.75,160.0,347.5,262.0,113.0,HIGH STOCKOUT RISK,REORDER NOW,1196.791558589306,516.1734584755404,0.0,2
22708,93.75,263.0,450.5,262.0,113.0,HIGH STOCKOUT RISK,REORDER NOW,109.647,47.2905,0.0,2
51014C,93.5,140.0,327.0,214.0,160.0,HIGH STOCKOUT RISK,REORDER NOW,175.94419117647058,131.5470588235294,0.0,2
20711,93.0,323.0,509.0,386.0,0.0,HIGH STOCKOUT RISK,REORDER NOW,1048.6863917525773,0.0,0.0,2
85048,93.0,122.0,308.0,283.0,89.0,HIGH STOCKOUT RISK,REORDER NOW,2554.80229020979,803.4537237762238,0.0,2
21620,92.5,65.0,250.0,151.0,219.0,HIGH STOCKOUT RISK,REORDER NOW,383.1028947368421,555.626052631579,0.0,2
22753,92.5,95.0,280.0,274.0,96.0,HIGH STOCKOUT RISK,REORDER NOW,260.68666666666667,91.33547445255472,0.0,2
22653,91.5,130.0,313.0,190.0,176.0,HIGH STOCKOUT RISK,REORDER NOW,387.85463917525766,359.27587628865973,0.0,2
85194S,91.25,74.0,256.5,143.0,222.0,HIGH STOCKOUT RISK,REORDER NOW,111.09838235294116,172.47441176470588,0.0,2
21616,91.0,75.0,257.0,162.0,202.0,HIGH STOCKOUT RISK,REORDER NOW,399.48704081632656,498.1258163265306,0.0,2
21107,90.0,102.0,282.0,204.0,156.0,HIGH STOCKOUT RISK,REORDER NOW,743.447238095238,568.5184761904761,0.0,2
85172,88.0,158.0,334.0,166.0,186.0,HIGH STOCKOUT RISK,REORDER NOW,198.1559748427673,222.03018867924533,0.0,2
16161P,87.5,224.0,399.0,352.0,0.0,HIGH STOCKOUT RISK,REORDER NOW,147.47283446712018,0.0,0.0,2
22704,87.5,200.0,375.0,331.0,19.0,HIGH STOCKOUT RISK,REORDER NOW,138.663367003367,7.959528619528619,0.0,2
22617,87.25,120.0,294.5,249.0,100.0,HIGH STOCKOUT RISK,REORDER NOW,1313.5498226600987,527.5300492610838,0.0,2
82580,87.25,239.0,413.5,302.0,47.0,HIGH STOCKOUT RISK,REORDER NOW,230.48737849779087,35.87055228276878,0.0,2
22739,86.5,218.0,391.0,317.0,29.0,HIGH STOCKOUT RISK,REORDER NOW,698.6804926108375,63.91714285714286,0.0,2
22295,86.25,200.0,372.5,314.0,31.0,HIGH STOCKOUT RISK,REORDER NOW,574.6243131868132,56.73042582417583,0.0,2
21411,85.75,63.0,234.5,58.0,285.0,HIGH STOCKOUT RISK,REORDER NOW,282.31041139240506,1387.2149525316456,0.0,2
22187,85.5,114.0,285.0,139.0,203.0,HIGH STOCKOUT RISK,REORDER NOW,603.6623684210526,881.6076315789473,0.0,2
21918,85.25,405.0,575.5,457.0,0.0,HIGH STOCKOUT RISK,REORDER NOW,238.1629353233831,0.0,0.0,2
21588,85.0,131.0,301.0,109.0,231.0,HIGH STOCKOUT RISK,REORDER NOW,275.0943493150684,582.9981164383561,0.0,2
84012,84.0,89.0,257.0,246.0,90.0,HIGH STOCKOUT RISK,REORDER NOW,423.2423204419889,154.84475138121545,0.0,2
22134,83.25,126.0,292.5,169.0,164.0,HIGH STOCKOUT RISK,REORDER NOW,107.63046666666668,104.44613333333334,0.0,2
22208,82.75,68.0,233.5,203.0,128.0,HIGH STOCKOUT RISK,REORDER NOW,315.8387387387387,199.14954954954956,0.0,2
22814,82.25,82.0,246.5,161.0,168.0,HIGH STOCKOUT RISK,REORDER NOW,81.16583050847457,84.69477966101695,0.0,2
22109,82.0,89.0,253.0,80.0,248.0,HIGH STOCKOUT RISK,REORDER NOW,407.4110944527736,1262.9743928035982,0.0,2
22459,82.0,109.0,273.0,162.0,166.0,HIGH STOCKOUT RISK,REORDER NOW,467.7889655172413,479.3393103448275,0.0,2
22811,82.0,86.0,250.0,76.0,252.0,HIGH STOCKOUT RISK,REORDER NOW,304.26225352112675,1008.8695774647888,0.0,2
21871,81.5,336.0,499.0,398.0,0.0,HIGH STOCKOUT RISK,REORDER NOW,684.3686066584463,0.0,0.0,2
22046,81.25,132.0,294.5,189.0,136.0,HIGH STOCKOUT RISK,REORDER NOW,79.092,56.9127619047619,0.0,2
22047,81.25,203.0,365.5,261.0,64.0,HIGH STOCKOUT RISK,REORDER NOW,109.00704545454543,26.729696969696967,0.0,2
47021G,81.0,92.0,254.0,179.0,145.0,HIGH STOCKOUT RISK,REORDER NOW,393.72436619718303,318.9387323943661,0.0,2
72802B,81.0,75.0,237.0,78.0,246.0,HIGH STOCKOUT RISK,REORDER NOW,340.1010810810811,1072.6264864864863,0.0,2
22174,80.25,256.0,416.5,318.0,3.0,HIGH STOCKOUT RISK,REORDER NOW,800.6084656084656,7.552910052910052,0.0,2
22491,80.25,248.0,408.5,306.0,15.0,HIGH STOCKOUT RISK,REORDER NOW,274.03145728643216,13.432914572864322,0.0,2
22661,80.25,198.0,358.5,220.0,101.0,HIGH STOCKOUT RISK,REORDER NOW,210.5236024844721,96.64947204968944,0.0,2
22421,80.0,157.0,317.0,195.0,125.0,HIGH STOCKOUT RISK,REORDER NOW,114.5497624703088,73.4293349168646,0.0,2
22798,78.75,88.0,245.5,106.0,209.0,HIGH STOCKOUT RISK,REORDER NOW,390.6015873015873,770.1484126984127,0.0,2
22398,78.25,105.0,261.5,119.0,194.0,HIGH STOCKOUT RISK,REORDER NOW,121.03157657657655,197.311981981982,0.0,2
22082,77.75,136.0,291.5,204.0,107.0,HIGH STOCKOUT RISK,REORDER NOW,385.7827346938776,202.34682653061225,0.0,2
47559B,77.75,91.0,246.5,149.0,162.0,HIGH STOCKOUT RISK,REORDER NOW,209.58294281729428,227.86870292887028,0.0,2
21318,77.5,93.0,248.0,89.0,221.0,HIGH STOCKOUT RISK,REORDER NOW,139.00792452830188,345.17698113207547,0.0,2
17091J,77.25,130.0,284.5,189.0,120.0,HIGH STOCKOUT RISK,REORDER NOW,169.38737704918032,107.54754098360657,0.0,2
21014,76.75,128.0,281.5,134.0,173.0,HIGH STOCKOUT RISK,REORDER NOW,107.8665641025641,139.2605641025641,0.0,2
21122,76.75,244.0,397.5,248.0,59.0,HIGH STOCKOUT RISK,REORDER NOW,332.762964763062,79.16538274605102,0.0,2
21109,76.5,89.0,242.0,145.0,161.0,HIGH STOCKOUT RISK,REORDER NOW,966.2850877192984,1072.909649122807,0.0,2
21586,76.5,120.0,273.0,119.0,187.0,HIGH STOCKOUT RISK,REORDER NOW,299.347379032258,470.40302419354833,0.0,2
85132B,76.5,74.0,227.0,203.0,103.0,HIGH STOCKOUT RISK,REORDER NOW,1011.5620967741934,513.2556451612903,0.0,2
21934,76.25,138.0,290.5,266.0,39.0,HIGH STOCKOUT RISK,REORDER NOW,583.9119615912208,85.61115226337448,0.0,2
22994,75.0,84.0,234.0,118.0,182.0,HIGH STOCKOUT RISK,REORDER NOW,61.99982222222222,95.62684444444444,0.0,2
22730,74.75,119.0,268.5,268.0,31.0,HIGH STOCKOUT RISK,REORDER NOW,1175.427627785059,135.96364351245086,0.0,2
22055,74.25,110.0,258.5,231.0,66.0,HIGH STOCKOUT RISK,REORDER NOW,496.5655613577024,141.87587467362923,0.0,2
84006,74.0,71.0,219.0,64.0,232.0,HIGH STOCKOUT RISK,REORDER NOW,70.77084112149532,256.54429906542055,0.0,2
21242,73.75,135.0,282.5,204.0,91.0,HIGH STOCKOUT RISK,REORDER NOW,406.2487951807229,181.2188253012048,0.0,2
85053,73.75,66.0,213.5,199.0,96.0,HIGH STOCKOUT RISK,REORDER NOW,516.213940149626,249.02783042394017,0.0,2
22744,73.5,68.0,215.0,184.0,110.0,HIGH STOCKOUT RISK,REORDER NOW,591.0091909385113,353.32071197411,0.0,2
22097,73.25,123.0,269.5,109.0,184.0,HIGH STOCKOUT RISK,REORDER NOW,107.37146245059289,181.2509090909091,0.0,2
22742,73.0,66.0,212.0,134.0,158.0,HIGH STOCKOUT RISK,REORDER NOW,414.1918032786885,488.3754098360656,0.0,2
22110,72.5,97.0,242.0,144.0,146.0,HIGH STOCKOUT RISK,REORDER NOW,552.8258555133079,560.5039923954373,0.0,2
16011,72.25,114.0,258.5,166.0,123.0,HIGH STOCKOUT RISK,REORDER NOW,34.78654867256637,25.775575221238935,0.0,2
22436,71.25,180.0,322.5,230.0,55.0,HIGH STOCKOUT RISK,REORDER NOW,157.32154882154884,37.62037037037037,0.0,2
85132C,71.25,93.0,235.5,126.0,159.0,HIGH STOCKOUT RISK,REORDER NOW,624.6256310679611,788.2180582524271,0.0,2
22900,70.5,233.0,374.0,337.0,0.0,HIGH STOCKOUT RISK,REORDER NOW,1238.7681407702523,0.0,0.0,2
84596E,70.25,58.0,198.5,50.0,231.0,HIGH STOCKOUT RISK,REORDER NOW,62.136585365853655,287.0710243902439,0.0,2
85034A,70.25,71.0,211.5,77.0,204.0,HIGH STOCKOUT RISK,REORDER NOW,299.3728571428572,793.1436734693877,0.0,2
20749,70.0,72.0,212.0,122.0,158.0,HIGH STOCKOUT RISK,REORDER NOW,986.6812564102564,1277.8331025641023,0.0,2
20981,70.0,100.0,240.0,122.0,158.0,HIGH STOCKOUT RISK,REORDER NOW,117.29061302681993,151.9009578544061,0.0,2
22970,70.0,221.0,361.0,251.0,29.0,HIGH STOCKOUT RISK,REORDER NOW,683.8113043478261,79.00608695652174,0.0,2
22743,69.5,61.0,200.0,172.0,106.0,HIGH STOCKOUT RISK,REORDER NOW,614.624512534819,378.7802228412256,0.0,2
21619,69.0,84.0,222.0,178.0,98.0,HIGH STOCKOUT RISK,REORDER NOW,427.7014084507042,235.47605633802817,0.0,2
21403,68.5,90.0,227.0,117.0,157.0,HIGH STOCKOUT RISK,REORDER NOW,39.10184713375797,52.47,0.0,2
22531,68.5,341.0,478.0,463.0,0.0,HIGH STOCKOUT RISK,REORDER NOW,224.7296107055961,0.0,0.0,2
85032D,68.5,74.0,211.0,199.0,75.0,HIGH STOCKOUT RISK,REORDER NOW,277.2291111111111,104.48333333333332,0.0,2
21990,67.75,78.0,213.5,125.0,146.0,HIGH STOCKOUT RISK,REORDER NOW,282.9740518962076,330.5136926147705,0.0,2
22306,67.75,93.0,228.5,194.0,77.0,HIGH STOCKOUT RISK,REORDER NOW,389.5037869822485,154.59686390532545,0.0,2
22393,67.75,71.0,206.5,107.0,164.0,HIGH STOCKOUT RISK,REORDER NOW,306.00260162601626,469.0133333333333,0.0,2
22435,67.75,111.0,246.5,142.0,129.0,HIGH STOCKOUT RISK,REORDER NOW,202.42087114337568,183.8893829401089,0.0,2
22695,67.5,69.0,204.0,90.0,180.0,HIGH STOCKOUT RISK,REORDER NOW,153.83739130434782,307.67478260869564,0.0,2
22066,67.25,116.0,250.5,124.0,145.0,HIGH STOCKOUT RISK,REORDER NOW,142.81830985915497,167.00528169014086,0.0,2
22997,67.25,78.0,212.5,105.0,164.0,HIGH STOCKOUT RISK,REORDER NOW,51.52727272727273,80.48069264069264,0.0,2
21033,67.0,240.0,374.0,316.0,0.0,HIGH STOCKOUT RISK,REORDER NOW,1054.0496,0.0,0.0,2
21241,67.0,90.0,224.0,218.0,50.0,HIGH STOCKOUT RISK,REORDER NOW,213.90625954198472,49.06106870229007,0.0,2
22090,67.0,266.0,400.0,314.0,0.0,HIGH STOCKOUT RISK,REORDER NOW,1151.923140877598,0.0,0.0,2
22195,67.0,103.0,237.0,117.0,151.0,HIGH STOCKOUT RISK,REORDER NOW,262.5203377563329,338.8082991556091,0.0,2
22268,67.0,108.0,242.0,129.0,139.0,HIGH STOCKOUT RISK,REORDER NOW,107.11607142857144,115.41964285714286,0.0,2
22771,67.0,161.0,295.0,208.0,60.0,HIGH STOCKOUT RISK,REORDER NOW,319.9389312977099,92.29007633587786,0.0,2
21650,65.5,130.0,261.0,252.0,10.0,HIGH STOCKOUT RISK,REORDER NOW,166.70583732057415,6.615311004784688,0.0,2
21012,65.25,106.0,236.5,122.0,139.0,HIGH STOCKOUT RISK,REORDER NOW,284.42105610561055,324.05349834983497,0.0,2
21285,65.25,78.0,208.5,105.0,156.0,HIGH STOCKOUT RISK,REORDER NOW,241.0058823529412,358.0658823529412,0.0,2
22420,65.25,89.0,219.5,80.0,181.0,HIGH STOCKOUT RISK,REORDER NOW,46.78838174273858,105.85871369294604,0.0,2
20963,65.0,100.0,230.0,146.0,114.0,HIGH STOCKOUT RISK,REORDER NOW,257.2287984496124,200.84988372093025,0.0,2
20979,65.0,157.0,287.0,281.0,0.0,HIGH STOCKOUT RISK,REORDER NOW,437.6822493224932,0.0,0.0,2
84030E,64.25,92.0,220.5,120.0,137.0,HIGH STOCKOUT RISK,REORDER NOW,583.4093306288033,666.0589858012171,0.0,2
85132A,64.25,76.0,204.5,186.0,71.0,HIGH STOCKOUT RISK,REORDER NOW,1229.9268235294116,469.4881960784314,0.0,2
21034,63.0,60.0,186.0,159.0,93.0,HIGH STOCKOUT RISK,REORDER NOW,151.04999999999998,88.35,0.0,2
21744,63.0,52.0,178.0,98.0,154.0,HIGH STOCKOUT RISK,REORDER NOW,311.4554260089686,489.42995515695065,0.0,2
22898,63.0,97.0,223.0,203.0,49.0,HIGH STOCKOUT RISK,REORDER NOW,499.11018987341777,120.47487341772153,0.0,2
22156,62.75,136.0,261.5,161.0,90.0,HIGH STOCKOUT RISK,REORDER NOW,171.66592592592593,95.96231884057973,0.0,2
20801,62.5,98.0,223.0,171.0,79.0,HIGH STOCKOUT RISK,REORDER NOW,373.2476923076923,172.43606837606836,0.0,2
22346,62.5,107.0,232.0,152.0,98.0,HIGH STOCKOUT RISK,REORDER NOW,123.7046153846154,79.75692307692309,0.0,2
22711,62.5,149.0,274.0,203.0,47.0,HIGH STOCKOUT RISK,REORDER NOW,85.08251366120219,19.69890710382513,0.0,2
82486,62.0,66.0,190.0,84.0,164.0,HIGH STOCKOUT RISK,REORDER NOW,723.9822522522522,1413.4891591591593,0.0,2
85035C,62.0,119.0,243.0,206.0,42.0,HIGH STOCKOUT RISK,REORDER NOW,661.0378431372549,134.77470588235295,0.0,2
84508A,61.75,252.0,375.5,241.0,6.0,HIGH STOCKOUT RISK,REORDER NOW,604.6087499999999,15.052499999999998,0.0,2
20676,61.5,176.0,299.0,282.0,0.0,HIGH STOCKOUT RISK,REORDER NOW,435.8889746192893,0.0,0.0,2
21615,61.5,75.0,198.0,78.0,168.0,HIGH STOCKOUT RISK,REORDER NOW,183.3272093023256,394.8586046511628,0.0,2
22344,61.0,103.0,225.0,183.0,61.0,HIGH STOCKOUT RISK,REORDER NOW,153.2521804511278,51.08406015037593,0.0,2
84691,60.5,155.0,276.0,214.0,28.0,HIGH STOCKOUT RISK,REORDER NOW,219.1395815899581,28.672468619246857,0.0,2
21617,60.25,41.0,161.5,86.0,155.0,HIGH STOCKOUT RISK,REORDER NOW,253.31,456.5470930232559,0.0,2
22061,60.25,69.0,189.5,60.0,181.0,HIGH STOCKOUT RISK,REORDER NOW,663.0861538461538,2000.3098974358973,0.0,2
21111,59.75,73.0,192.5,174.0,65.0,HIGH STOCKOUT RISK,REORDER NOW,608.4492660550459,227.29426605504588,0.0,2
22107,59.75,36.0,155.5,61.0,178.0,HIGH STOCKOUT RISK,REORDER NOW,280.7521038961039,819.2438441558442,0.0,2
22725,59.75,70.0,189.5,89.0,150.0,HIGH STOCKOUT RISK,REORDER NOW,418.11795454545455,704.6931818181819,0.0,2
21916,59.0,305.0,423.0,421.0,0.0,HIGH STOCKOUT RISK,REORDER NOW,217.54742465753424,0.0,0.0,2
22074,59.0,109.0,227.0,209.0,27.0,HIGH STOCKOUT RISK,REORDER NOW,317.6871575342465,41.04092465753424,0.0,2
22940,58.75,173.0,290.5,234.0,1.0,HIGH STOCKOUT RISK,REORDER NOW,1058.60826446281,4.5239669421487605,0.0,2
72799E,58.75,84.0,201.5,192.0,43.0,HIGH STOCKOUT RISK,REORDER NOW,564.768,126.4845,0.0,2
22736,58.25,133.0,249.5,229.0,4.0,HIGH STOCKOUT RISK,REORDER NOW,507.759448441247,8.86916067146283,0.0,2
48187,58.25,234.0,350.5,274.0,0.0,HIGH STOCKOUT RISK,REORDER NOW,2210.198697674419,0.0,0.0,2
20961,57.0,110.0,224.0,107.0,121.0,HIGH STOCKOUT RISK,REORDER NOW,182.51319230769232,206.39342307692309,0.0,2
22547,56.75,80.0,193.5,150.0,77.0,HIGH STOCKOUT RISK,REORDER NOW,88.81088082901553,45.589585492227975,0.0,2
20868,56.25,109.0,221.5,139.0,86.0,HIGH STOCKOUT RISK,REORDER NOW,128.07577464788733,79.24112676056339,0.0,2
22584,56.0,152.0,264.0,146.0,78.0,HIGH STOCKOUT RISK,REORDER NOW,417.3580333333333,222.9721,0.0,2
22756,55.5,59.0,170.0,65.0,157.0,HIGH STOCKOUT RISK,REORDER NOW,91.16774193548387,220.2051612903226,0.0,2
85036C,55.5,70.0,181.0,98.0,124.0,HIGH STOCKOUT RISK,REORDER NOW,295.3091044776119,373.6564179104478,0.0,2
20677,55.25,136.0,246.5,159.0,62.0,HIGH STOCKOUT RISK,REORDER NOW,251.38888601036268,98.0258549222798,0.0,2
22493,55.0,188.0,298.0,156.0,64.0,HIGH STOCKOUT RISK,REORDER NOW,285.6660550458716,117.19633027522936,0.0,2
22999,54.25,172.0,280.5,174.0,43.0,HIGH STOCKOUT RISK,REORDER NOW,83.84960352422907,20.72145374449339,0.0,2
72598,54.25,53.0,161.5,127.0,90.0,HIGH STOCKOUT RISK,REORDER NOW,149.49154320987654,105.9388888888889,0.0,2
22906,54.0,147.0,255.0,249.0,0.0,HIGH STOCKOUT RISK,REORDER NOW,495.9098929336188,0.0,0.0,2
22131,53.5,152.0,259.0,247.0,0.0,HIGH STOCKOUT RISK,REORDER NOW,629.1694545454545,0.0,0.0,2
22072,53.25,64.0,170.5,61.0,152.0,HIGH STOCKOUT RISK,REORDER NOW,268.3622909090909,668.7060363636364,0.0,2
21523,53.0,229.0,335.0,205.0,7.0,HIGH STOCKOUT RISK,REORDER NOW,1824.9678952042627,62.31597690941385,0.0,2
22063,52.5,79.0,184.0,109.0,101.0,HIGH STOCKOUT RISK,REORDER NOW,395.1787733333333,366.17482666666666,0.0,2
21754,52.0,93.0,197.0,121.0,87.0,HIGH STOCKOUT RISK,REORDER NOW,796.3735310868533,572.599150450878,0.0,2
23126,52.0,55.0,159.0,101.0,107.0,HIGH STOCKOUT RISK,REORDER NOW,542.0288294314382,574.2285618729098,0.0,2
21218,51.75,95.0,198.5,120.0,87.0,HIGH STOCKOUT RISK,REORDER NOW,625.8393972012917,453.7335629709365,0.0,2
22115,51.75,104.0,207.5,203.0,4.0,HIGH STOCKOUT RISK,REORDER NOW,664.6558333333334,13.096666666666668,0.0,2
21329,51.5,49.0,152.0,128.0,78.0,HIGH STOCKOUT RISK,REORDER NOW,270.1254706927176,164.60770870337475,0.0,2
22091,51.25,127.0,229.5,160.0,45.0,HIGH STOCKOUT RISK,REORDER NOW,201.5951219512195,56.69862804878049,0.0,2
22587,51.25,74.0,176.5,93.0,112.0,HIGH STOCKOUT RISK,REORDER NOW,93.45322784810124,112.54582278481011,0.0,2
22311,51.0,112.0,214.0,199.0,5.0,HIGH STOCKOUT RISK,REORDER NOW,903.186862745098,22.693137254901963,0.0,2
22905,51.0,70.0,172.0,154.0,50.0,HIGH STOCKOUT RISK,REORDER NOW,456.3138461538462,148.15384615384616,0.0,2
21618,50.75,38.0,139.5,98.0,105.0,HIGH STOCKOUT RISK,REORDER NOW,285.4350684931507,305.8232876712329,0.0,2
22227,50.75,97.0,198.5,151.0,52.0,HIGH STOCKOUT RISK,REORDER NOW,134.27055223880598,46.23886567164179,0.0,2
22721,50.75,53.0,154.5,79.0,124.0,HIGH STOCKOUT RISK,REORDER NOW,426.30573825503353,669.1381208053691,0.0,2
22817,50.5,94.0,195.0,114.0,88.0,HIGH STOCKOUT RISK,REORDER NOW,56.5343661971831,43.64056338028169,0.0,2
84817,50.5,122.0,223.0,157.0,45.0,HIGH STOCKOUT RISK,REORDER NOW,261.77494252873566,75.03103448275863,0.0,2
85227,50.5,102.0,203.0,111.0,91.0,HIGH STOCKOUT RISK,REORDER NOW,123.26586433260395,101.05579868708972,0.0,2
22163,50.25,67.0,167.5,161.0,40.0,HIGH STOCKOUT RISK,REORDER NOW,373.6444444444445,92.83091787439616,0.0,2
22562,50.25,219.0,319.5,266.0,0.0,HIGH STOCKOUT RISK,REORDER NOW,352.0133838383838,0.0,0.0,2
47504H,50.25,69.0,169.5,135.0,66.0,HIGH STOCKOUT RISK,REORDER NOW,286.5542553191489,140.09319148936171,0.0,2
22216,49.0,69.0,167.0,66.0,130.0,HIGH STOCKOUT RISK,REORDER NOW,70.58213114754098,139.02540983606556,0.0,2
22098,48.75,135.0,232.5,208.0,0.0,HIGH STOCKOUT RISK,REORDER NOW,256.8927607361963,0.0,0.0,2
85066,48.5,71.0,168.0,76.0,118.0,HIGH STOCKOUT RISK,REORDER NOW,1063.5274849094567,1651.2663581488932,0.0,2
16012,48.25,126.0,222.5,180.0,13.0,HIGH STOCKOUT RISK,REORDER NOW,37.69285714285714,2.7222619047619045,0.0,2
21813,48.0,43.0,139.0,112.0,80.0,HIGH STOCKOUT RISK,REORDER NOW,610.3292631578948,435.9494736842106,0.0,2
16016,47.5,107.0,202.0,183.0,7.0,HIGH STOCKOUT RISK,REORDER NOW,153.7545283018868,5.881320754716981,0.0,2
22529,46.75,123.0,216.5,161.0,26.0,HIGH STOCKOUT RISK,REORDER NOW,73.44076923076923,11.86,0.0,2
16258A,46.5,77.0,170.0,69.0,117.0,HIGH STOCKOUT RISK,REORDER NOW,36.03923076923077,61.11000000000001,0.0,2
21669,46.5,205.0,298.0,267.0,0.0,HIGH STOCKOUT RISK,REORDER NOW,417.6849158653846,0.0,0.0,2
84660C,46.5,81.0,174.0,173.0,13.0,HIGH STOCKOUT RISK,REORDER NOW,629.2722352941176,47.28635294117647,0.0,2
22971,46.25,120.0,212.5,179.0,6.0,HIGH STOCKOUT RISK,REORDER NOW,496.67688172043006,16.648387096774194,0.0,2
21115,46.0,44.0,136.0,38.0,146.0,HIGH STOCKOUT RISK,REORDER NOW,294.035069124424,1129.713686635945,0.0,2
22068,46.0,40.0,132.0,48.0,136.0,HIGH STOCKOUT RISK,REORDER NOW,107.70960854092525,305.1772241992882,0.0,2
22654,45.75,82.0,173.5,132.0,51.0,HIGH STOCKOUT RISK,REORDER NOW,963.3936842105264,372.2202870813397,0.0,2
22566,45.5,208.0,299.0,173.0,9.0,HIGH STOCKOUT RISK,REORDER NOW,170.9663907284768,8.894205298013244,0.0,2
16219,45.25,255.0,345.5,276.0,0.0,HIGH STOCKOUT RISK,REORDER NOW,152.31348837209302,0.0,0.0,2
21155,45.0,182.0,272.0,214.0,0.0,HIGH STOCKOUT RISK,REORDER NOW,604.9957442557443,0.0,0.0,2
21770,44.5,218.0,307.0,202.0,0.0,HIGH STOCKOUT RISK,REORDER NOW,1097.19256097561,0.0,0.0,2
22371,44.5,36.0,125.0,39.0,139.0,HIGH STOCKOUT RISK,REORDER NOW,208.4070857142857,742.7842285714286,0.0,2
20682,44.25,56.0,144.5,97.0,80.0,HIGH STOCKOUT RISK,REORDER NOW,372.1867810457516,306.9581699346405,0.0,2
79067,44.25,59.0,147.5,80.0,97.0,HIGH STOCKOUT RISK,REORDER NOW,393.05024630541874,476.5734236453202,0.0,2
16238,44.0,58.0,146.0,82.0,94.0,HIGH STOCKOUT RISK,REORDER NOW,25.392320675105484,29.108270042194093,0.0,2
22546,44.0,237.0,325.0,209.0,0.0,HIGH STOCKOUT RISK,REORDER NOW,107.89196721311475,0.0,0.0,2
21162,43.75,116.0,203.5,139.0,36.0,HIGH STOCKOUT RISK,REORDER NOW,176.8522491349481,45.80346020761246,0.0,2
22179,43.5,42.0,129.0,86.0,88.0,HIGH STOCKOUT RISK,REORDER NOW,722.9486206896551,739.7613793103448,0.0,2
85061W,43.25,195.0,281.5,252.0,0.0,HIGH STOCKOUT RISK,REORDER NOW,271.80813141683774,0.0,0.0,2
23182,43.0,118.0,204.0,181.0,0.0,HIGH STOCKOUT RISK,REORDER NOW,275.2916027088036,0.0,0.0,2
22327,42.5,66.0,151.0,84.0,86.0,HIGH STOCKOUT RISK,REORDER NOW,318.192,325.76800000000003,0.0,2
85025C,42.5,47.0,132.0,74.0,96.0,HIGH STOCKOUT RISK,REORDER NOW,151.43984375,196.4625,0.0,2
22481,42.25,41.0,125.5,88.0,81.0,HIGH STOCKOUT RISK,REORDER NOW,102.14285714285715,94.01785714285715,0.0,2
20750,42.0,50.0,134.0,70.0,98.0,HIGH STOCKOUT RISK,REORDER NOW,567.5187432286024,794.5262405200433,0.0,2
17012D,41.75,38.0,121.5,53.0,114.0,HIGH STOCKOUT RISK,REORDER NOW,103.09413793103448,221.74965517241375,0.0,2
21397,41.75,162.0,245.5,129.0,38.0,HIGH STOCKOUT RISK,REORDER NOW,212.64331491712707,62.63911602209945,0.0,2
22312,41.75,54.0,137.5,114.0,53.0,HIGH STOCKOUT RISK,REORDER NOW,488.2184727272728,226.97876363636365,0.0,2
21192,41.5,119.0,202.0,128.0,38.0,HIGH STOCKOUT RISK,REORDER NOW,300.8286995515695,89.3085201793722,0.0,2
22079,41.5,105.0,188.0,173.0,0.0,HIGH STOCKOUT RISK,REORDER NOW,334.367928057554,0.0,0.0,2
85194L,41.5,123.0,206.0,189.0,0.0,HIGH STOCKOUT RISK,REORDER NOW,196.79625,0.0,0.0,2
15056BL,40.75,390.0,471.5,300.0,0.0,HIGH STOCKOUT RISK,REORDER NOW,1872.7661748013625,0.0,0.0,2
21286,40.75,82.0,163.5,122.0,41.0,HIGH STOCKOUT RISK,REORDER NOW,354.91235294117644,119.27382352941174,0.0,2
22520,40.75,104.0,185.5,184.0,0.0,HIGH STOCKOUT RISK,REORDER NOW,170.3801058201058,0.0,0.0,2
82552,40.5,178.0,259.0,241.0,0.0,HIGH STOCKOUT RISK,REORDER NOW,372.5325778331258,0.0,0.0,2
22664,40.25,58.0,138.5,99.0,62.0,HIGH STOCKOUT RISK,REORDER NOW,272.65115241635687,170.75122676579926,0.0,2
22723,40.25,61.0,141.5,120.0,41.0,HIGH STOCKOUT RISK,REORDER NOW,515.864,176.25353333333334,0.0,2
22956,40.25,138.0,218.5,133.0,28.0,HIGH STOCKOUT RISK,REORDER NOW,292.3957677902622,61.55700374531836,0.0,2
22069,39.75,30.0,109.5,51.0,108.0,HIGH STOCKOUT RISK,REORDER NOW,151.1609665427509,320.10557620817843,0.0,2
16225,39.5,126.0,205.0,203.0,0.0,HIGH STOCKOUT RISK,REORDER NOW,316.6433132530121,0.0,0.0,2
21442,39.25,54.0,132.5,86.0,71.0,HIGH STOCKOUT RISK,REORDER NOW,96.45279411764706,79.62963235294117,0.0,2
21983,39.25,169.0,247.5,149.0,8.0,HIGH STOCKOUT RISK,REORDER NOW,61.8870820668693,3.322796352583586,0.0,2
22190,39.25,60.0,138.5,55.0,102.0,HIGH STOCKOUT RISK,REORDER NOW,129.82235772357723,240.7614634146341,0.0,2
21441,39.0,56.0,134.0,71.0,85.0,HIGH STOCKOUT RISK,REORDER NOW,78.14768656716417,93.5570895522388,0.0,2
85036B,39.0,43.0,121.0,57.0,99.0,HIGH STOCKOUT RISK,REORDER NOW,175.98102272727272,305.65125,0.0,2
21823,38.75,170.0,247.5,154.0,1.0,HIGH STOCKOUT RISK,REORDER NOW,202.2148898678414,1.3130837004405287,0.0,2
21636,38.5,64.0,141.0,110.0,44.0,HIGH STOCKOUT RISK,REORDER NOW,165.34509803921569,66.13803921568628,0.0,2
22446,38.5,28.0,105.0,26.0,128.0,HIGH STOCKOUT RISK,REORDER NOW,79.40126315789473,390.8985263157895,0.0,2
22904,38.5,132.0,209.0,128.0,26.0,HIGH STOCKOUT RISK,REORDER NOW,426.1964255319149,86.5711489361702,0.0,2
85035A,38.25,37.0,113.5,71.0,82.0,HIGH STOCKOUT RISK,REORDER NOW,306.53592592592594,354.0274074074074,0.0,2
21386,38.0,44.0,120.0,50.0,102.0,HIGH STOCKOUT RISK,REORDER NOW,41.85454545454546,85.38327272727273,0.0,2
20832,37.75,73.0,148.5,66.0,85.0,HIGH STOCKOUT RISK,REORDER NOW,61.45333333333333,79.14444444444445,0.0,2
22100,37.75,66.0,141.5,78.0,73.0,HIGH STOCKOUT RISK,REORDER NOW,113.9775,106.67125,0.0,2
35095A,37.75,140.0,215.5,134.0,17.0,HIGH STOCKOUT RISK,REORDER NOW,85.38060240963854,10.831867469879516,0.0,2
22985,37.5,261.0,336.0,257.0,0.0,HIGH STOCKOUT RISK,REORDER NOW,107.63764705882352,0.0,0.0,2
22119,37.25,33.0,107.5,62.0,87.0,HIGH STOCKOUT RISK,REORDER NOW,422.3630769230769,592.6707692307692,0.0,2
22123,37.25,31.0,105.5,61.0,88.0,HIGH STOCKOUT RISK,REORDER NOW,229.3419526627219,330.85396449704143,0.0,2
21116,37.0,30.0,104.0,71.0,77.0,HIGH STOCKOUT RISK,REORDER NOW,480.6355597014926,521.2526492537314,0.0,2
21504,37.0,120.0,194.0,140.0,8.0,HIGH STOCKOUT RISK,REORDER NOW,65.33897280966767,3.7336555891238663,0.0,2
22207,36.5,108.0,181.0,161.0,0.0,HIGH STOCKOUT RISK,REORDER NOW,889.9655967078189,0.0,0.0,2
22703,36.25,27.0,99.5,35.0,110.0,HIGH STOCKOUT RISK,REORDER NOW,67.62636363636364,212.54,0.0,2
21209,35.75,69.0,140.5,89.0,54.0,HIGH STOCKOUT RISK,REORDER NOW,151.37416666666667,91.845,0.0,2
22176,35.5,45.0,116.0,53.0,89.0,HIGH STOCKOUT RISK,REORDER NOW,177.75276515151515,298.49049242424246,0.0,2
22647,35.5,92.0,163.0,145.0,0.0,HIGH STOCKOUT RISK,REORDER NOW,222.27151162790696,0.0,0.0,2
47480,35.25,84.0,154.5,130.0,11.0,HIGH STOCKOUT RISK,REORDER NOW,295.97236842105264,25.043815789473687,0.0,2
21348,35.0,71.0,141.0,93.0,47.0,HIGH STOCKOUT RISK,REORDER NOW,290.26035971223024,146.69071942446044,0.0,2
22955,35.0,86.0,156.0,75.0,65.0,HIGH STOCKOUT RISK,REORDER NOW,169.46484374999997,146.86953125,0.0,2
21777,34.75,44.0,113.5,112.0,27.0,HIGH STOCKOUT RISK,REORDER NOW,1015.854854111406,244.8935809018568,0.0,2
10135,34.5,210.0,279.0,211.0,0.0,HIGH STOCKOUT RISK,REORDER NOW,294.906170212766,0.0,0.0,2
21832,34.5,109.0,178.0,151.0,0.0,HIGH STOCKOUT RISK,REORDER NOW,341.16663113006393,0.0,0.0,2
21191,34.25,87.0,155.5,80.0,57.0,HIGH STOCKOUT RISK,REORDER NOW,231.15643564356435,164.6989603960396,0.0,2
22624,34.25,53.0,121.5,70.0,67.0,HIGH STOCKOUT RISK,REORDER NOW,653.0014563106796,625.0156796116504,0.0,2
22193,34.0,52.0,120.0,67.0,69.0,HIGH STOCKOUT RISK,REORDER NOW,615.7922519685039,634.1741102362205,0.0,2
84031A,34.0,51.0,119.0,109.0,27.0,HIGH STOCKOUT RISK,REORDER NOW,510.9647499999999,126.56924999999998,0.0,2
84510A,34.0,44.0,112.0,88.0,48.0,HIGH STOCKOUT RISK,REORDER NOW,147.78683333333333,80.611,0.0,2
16236,33.75,68.0,135.5,71.0,64.0,HIGH STOCKOUT RISK,REORDER NOW,21.513533834586465,19.39248120300752,0.0,2
22543,33.75,239.0,306.5,185.0,0.0,HIGH STOCKOUT RISK,REORDER NOW,94.11483050847458,0.0,0.0,2
22211,33.0,41.0,107.0,49.0,83.0,HIGH STOCKOUT RISK,REORDER NOW,74.32595317725752,125.8990635451505,0.0,2
21773,32.75,91.0,156.5,81.0,50.0,HIGH STOCKOUT RISK,REORDER NOW,154.70999999999998,95.5,0.0,2
22834,32.75,697.0,762.5,510.0,0.0,HIGH STOCKOUT RISK,REORDER NOW,1164.163285024155,0.0,0.0,2
21259,32.5,61.0,126.0,54.0,76.0,HIGH STOCKOUT RISK,REORDER NOW,372.5149479940565,524.2802971768202,0.0,2
21408,32.5,38.0,103.0,33.0,97.0,HIGH STOCKOUT RISK,REORDER NOW,194.30345679012345,571.1344032921811,0.0,2
22565,32.0,64.0,128.0,112.0,16.0,HIGH STOCKOUT RISK,REORDER NOW,115.54204946996468,16.50600706713781,0.0,2
21071,31.25,219.0,281.5,214.0,0.0,HIGH STOCKOUT RISK,REORDER NOW,348.2282744282744,0.0,0.0,2
22040,31.25,126.0,188.5,131.0,0.0,HIGH STOCKOUT RISK,REORDER NOW,54.57404255319148,0.0,0.0,2
22990,31.25,65.0,127.5,123.0,2.0,HIGH STOCKOUT RISK,REORDER NOW,650.503220338983,10.57728813559322,0.0,2
84929,31.25,226.0,288.5,221.0,0.0,HIGH STOCKOUT RISK,REORDER NOW,81.88391752577321,0.0,0.0,2
21486,31.0,100.0,162.0,145.0,0.0,HIGH STOCKOUT RISK,REORDER NOW,565.9671140939597,0.0,0.0,2
21584,30.75,147.0,208.5,138.0,0.0,HIGH STOCKOUT RISK,REORDER NOW,227.4032258064516,0.0,0.0,2
21590,30.75,199.0,260.5,216.0,0.0,HIGH STOCKOUT RISK,REORDER NOW,269.1709090909091,0.0,0.0,2
85014B,30.75,293.0,354.5,353.0,0.0,HIGH STOCKOUT RISK,REORDER NOW,2350.06653508772,0.0,0.0,2
21245,30.5,70.0,131.0,64.0,58.0,HIGH STOCKOUT RISK,REORDER NOW,123.33980582524272,111.77669902912622,0.0,2
22432,30.5,101.0,162.0,130.0,0.0,HIGH STOCKOUT RISK,REORDER NOW,295.2938814531549,0.0,0.0,2
84535B,30.5,71.0,132.0,99.0,23.0,HIGH STOCKOUT RISK,REORDER NOW,83.93426865671641,19.49988059701493,0.0,2
22365,30.25,117.0,177.5,160.0,0.0,HIGH STOCKOUT RISK,REORDER NOW,1426.570786516854,0.0,0.0,2
22483,30.25,59.0,119.5,84.0,37.0,HIGH STOCKOUT RISK,REORDER NOW,277.99254237288136,122.44909604519772,0.0,2
85049G,30.25,94.0,154.5,106.0,15.0,HIGH STOCKOUT RISK,REORDER NOW,145.17992438563326,20.54432892249527,0.0,2
21643,30.0,43.0,103.0,86.0,34.0,HIGH STOCKOUT RISK,REORDER NOW,159.2246376811594,62.94927536231884,0.0,2
21903,30.0,175.0,235.0,140.0,0.0,HIGH STOCKOUT RISK,REORDER NOW,340.520194647202,0.0,0.0,2
22405,30.0,62.0,122.0,108.0,12.0,HIGH STOCKOUT RISK,REORDER NOW,145.58690582959642,16.176322869955158,0.0,2
22650,30.0,54.0,114.0,79.0,41.0,HIGH STOCKOUT RISK,REORDER NOW,145.15708904109587,75.33469178082191,0.0,2
85183B,30.0,89.0,149.0,115.0,5.0,HIGH STOCKOUT RISK,REORDER NOW,284.81228571428574,12.383142857142856,0.0,2
21463,29.75,39.0,98.5,48.0,71.0,HIGH STOCKOUT RISK,REORDER NOW,312.0365853658537,461.5541158536586,0.0,2
22496,29.75,30.0,89.5,60.0,59.0,HIGH STOCKOUT RISK,REORDER NOW,187.08730964467009,183.96918781725887,0.0,2
22751,29.75,98.0,157.5,119.0,0.0,HIGH STOCKOUT RISK,REORDER NOW,492.5742796610169,0.0,0.0,2
35967,29.75,35.0,94.5,57.0,62.0,HIGH STOCKOUT RISK,REORDER NOW,43.446106194690266,47.25716814159292,0.0,2
22181,29.25,76.0,134.5,100.0,17.0,HIGH STOCKOUT RISK,REORDER NOW,101.54861111111111,17.26326388888889,0.0,2
22279,29.25,53.0,111.5,57.0,60.0,HIGH STOCKOUT RISK,REORDER NOW,92.44671232876712,97.31232876712328,0.0,2
79066K,29.25,41.0,99.5,40.0,77.0,HIGH STOCKOUT RISK,REORDER NOW,43.20327868852458,83.16631147540983,0.0,2
51020B,29.0,108.0,166.0,107.0,9.0,HIGH STOCKOUT RISK,REORDER NOW,100.61451612903224,8.462903225806452,0.0,2
21068,28.75,228.0,285.5,250.0,0.0,HIGH STOCKOUT RISK,REORDER NOW,393.6328125,0.0,0.0,2
21171,28.75,89.0,146.5,83.0,32.0,HIGH STOCKOUT RISK,REORDER NOW,138.9788888888889,53.58222222222222,0.0,2
22199,28.75,67.0,124.5,81.0,34.0,HIGH STOCKOUT RISK,REORDER NOW,418.6562469733656,175.73225181598065,0.0,2
35646,28.75,38.0,95.5,64.0,51.0,HIGH STOCKOUT RISK,REORDER NOW,148.75169811320754,118.53650943396224,0.0,2
17012F,28.25,45.0,101.5,43.0,70.0,HIGH STOCKOUT RISK,REORDER NOW,80.74757009345794,131.44953271028038,0.0,2
22902,28.25,72.0,128.5,101.0,12.0,HIGH STOCKOUT RISK,REORDER NOW,261.43078817733993,31.061083743842367,0.0,2
22984,28.25,117.0,173.5,120.0,0.0,HIGH STOCKOUT RISK,REORDER NOW,57.00560747663551,0.0,0.0,2
21084,28.0,165.0,221.0,200.0,0.0,HIGH STOCKOUT RISK,REORDER NOW,112.68421052631578,0.0,0.0,2
20846,27.75,41.0,96.5,40.0,71.0,HIGH STOCKOUT RISK,REORDER NOW,62.15491329479769,110.32497109826588,0.0,2
21306,27.75,55.0,110.5,107.0,4.0,HIGH STOCKOUT RISK,REORDER NOW,148.82171428571428,5.563428571428571,0.0,2
22475,27.5,37.0,92.0,91.0,19.0,HIGH STOCKOUT RISK,REORDER NOW,545.9545,113.9905,0.0,2
40003,27.5,92.0,147.0,79.0,31.0,HIGH STOCKOUT RISK,REORDER NOW,115.67014925373134,45.38955223880597,0.0,2
22495,27.25,41.0,95.5,42.0,67.0,HIGH STOCKOUT RISK,REORDER NOW,143.619,229.1065,0.0,2
35001W,27.25,64.0,118.5,61.0,48.0,HIGH STOCKOUT RISK,REORDER NOW,248.1275634517767,195.2479187817259,0.0,2
22677,27.0,49.0,103.0,78.0,30.0,HIGH STOCKOUT RISK,REORDER NOW,127.93653710247352,49.20636042402828,0.0,2
21991,26.75,50.0,103.5,92.0,15.0,HIGH STOCKOUT RISK,REORDER NOW,205.9449829351536,33.57798634812286,0.0,2
70007,26.25,103.0,155.5,123.0,0.0,HIGH STOCKOUT RISK,REORDER NOW,260.8960096153846,0.0,0.0,2
20986,25.5,72.0,123.0,52.0,50.0,HIGH STOCKOUT RISK,REORDER NOW,80.8264114832536,77.7177033492823,0.0,2
22920,25.25,96.0,146.5,93.0,8.0,HIGH STOCKOUT RISK,REORDER NOW,80.1580078125,6.8953125,0.0,2
84596G,25.25,66.0,116.5,113.0,0.0,HIGH STOCKOUT RISK,REORDER NOW,97.4400284090909,0.0,0.0,2
85114C,25.25,51.0,101.5,49.0,52.0,HIGH STOCKOUT RISK,REORDER NOW,96.86650602409638,102.79710843373492,0.0,2
22050,25.0,89.0,139.0,136.0,0.0,HIGH STOCKOUT RISK,REORDER NOW,56.934017094017086,0.0,0.0,2
22651,25.0,147.0,197.0,156.0,0.0,HIGH STOCKOUT RISK,REORDER NOW,180.9657352941176,0.0,0.0,2
21258,24.75,54.0,103.5,88.0,11.0,HIGH STOCKOUT RISK,REORDER NOW,1461.8423901581723,182.73029876977157,0.0,2
22078,24.75,122.0,171.5,122.0,0.0,HIGH STOCKOUT RISK,REORDER NOW,304.32775510204084,0.0,0.0,2
22224,24.75,45.0,94.5,66.0,33.0,HIGH STOCKOUT RISK,REORDER NOW,237.99921951219517,118.99960975609756,0.0,2
11001,24.5,178.0,227.0,193.0,0.0,HIGH STOCKOUT RISK,REORDER NOW,359.1245692883895,0.0,0.0,2
22101,24.5,116.0,165.0,144.0,0.0,HIGH STOCKOUT RISK,REORDER NOW,332.6521008403361,0.0,0.0,2
22500,24.5,25.0,74.0,62.0,36.0,HIGH STOCKOUT RISK,REORDER NOW,321.51030000000003,186.68340000000003,0.0,2
22215,24.25,28.0,76.5,36.0,61.0,HIGH STOCKOUT RISK,REORDER NOW,323.3327506426735,547.869383033419,0.0,2
22919,23.75,79.0,126.5,98.0,0.0,HIGH STOCKOUT RISK,REORDER NOW,82.565,0.0,0.0,2
84596J,23.75,57.0,104.5,87.0,8.0,HIGH STOCKOUT RISK,REORDER NOW,103.01676258992804,9.472805755395685,0.0,2
21535,23.5,119.0,166.0,147.0,0.0,HIGH STOCKOUT RISK,REORDER NOW,419.1255038103301,0.0,0.0,2
22615,23.5,158.0,205.0,150.0,0.0,HIGH STOCKOUT RISK,REORDER NOW,67.62631578947368,0.0,0.0,2
82567,23.5,20.0,67.0,61.0,33.0,HIGH STOCKOUT RISK,REORDER NOW,132.48328571428573,71.67128571428573,0.0,2
22525,23.25,78.0,124.5,91.0,2.0,HIGH STOCKOUT RISK,REORDER NOW,150.1390361445783,3.2997590361445783,0.0,2
79190B,23.25,115.0,161.5,78.0,15.0,HIGH STOCKOUT RISK,REORDER NOW,41.92782608695652,8.06304347826087,0.0,2
21447,23.0,113.0,159.0,93.0,0.0,HIGH STOCKOUT RISK,REORDER NOW,151.02438596491228,0.0,0.0,2
21890,23.0,146.0,192.0,149.0,0.0,HIGH STOCKOUT RISK,REORDER NOW,554.3066071428572,0.0,0.0,2
22474,23.0,59.0,105.0,95.0,0.0,HIGH STOCKOUT RISK,REORDER NOW,590.7262645914396,0.0,0.0,2
22203,22.75,65.0,110.5,102.0,0.0,HIGH STOCKOUT RISK,REORDER NOW,470.6154074074074,0.0,0.0,2
22269,22.75,52.0,97.5,81.0,10.0,HIGH STOCKOUT RISK,REORDER NOW,97.99125,12.097685185185185,0.0,2
72807B,22.75,42.0,87.5,38.0,53.0,HIGH STOCKOUT RISK,REORDER NOW,198.1124481327801,276.31473029045645,0.0,2
85049H,22.75,66.0,111.5,67.0,24.0,HIGH STOCKOUT RISK,REORDER NOW,77.32355029585798,27.69798816568047,0.0,2
20675,22.5,118.0,163.0,148.0,0.0,HIGH STOCKOUT RISK,REORDER NOW,222.51705799151344,0.0,0.0,2
22982,22.5,61.0,106.0,72.0,18.0,HIGH STOCKOUT RISK,REORDER NOW,117.61906542056074,29.404766355140183,0.0,2
35648,22.5,48.0,93.0,63.0,27.0,HIGH STOCKOUT RISK,REORDER NOW,110.44155405405404,47.332094594594594,0.0,2
84849D,22.5,63.0,108.0,89.0,1.0,HIGH STOCKOUT RISK,REORDER NOW,168.51003787878787,1.893371212121212,0.0,2
21400,22.25,45.0,89.5,57.0,32.0,HIGH STOCKOUT RISK,REORDER NOW,17.174347826086954,9.641739130434782,0.0,2
22634,22.25,40.0,84.5,76.0,13.0,HIGH STOCKOUT RISK,REORDER NOW,769.2352346570397,131.57971119133572,0.0,2
22675,22.25,99.0,143.5,120.0,0.0,HIGH STOCKOUT RISK,REORDER NOW,172.78267148014442,0.0,0.0,2
22062,22.0,39.0,83.0,44.0,44.0,HIGH STOCKOUT RISK,REORDER NOW,105.18298507462688,105.18298507462688,0.0,2
22410,22.0,51.0,95.0,62.0,26.0,HIGH STOCKOUT RISK,REORDER NOW,86.32643216080402,36.20140703517588,0.0,2
37327,22.0,120.0,164.0,156.0,0.0,HIGH STOCKOUT RISK,REORDER NOW,254.0595652173913,0.0,0.0,2
85049C,22.0,57.0,101.0,76.0,12.0,HIGH STOCKOUT RISK,REORDER NOW,101.94390625,16.09640625,0.0,2
22182,21.75,24.0,67.5,26.0,61.0,HIGH STOCKOUT RISK,REORDER NOW,118.79325714285714,278.70725714285715,0.0,2
71053,21.5,111.0,154.0,144.0,0.0,HIGH STOCKOUT RISK,REORDER NOW,646.5373525557012,0.0,0.0,2
72807A,21.5,35.0,78.0,48.0,38.0,HIGH STOCKOUT RISK,REORDER NOW,269.7052631578947,213.51666666666665,0.0,2
84536B,21.5,106.0,149.0,138.0,0.0,HIGH STOCKOUT RISK,REORDER NOW,79.22423645320197,0.0,0.0,2
22973,21.25,63.0,105.5,79.0,6.0,HIGH STOCKOUT RISK,REORDER NOW,158.19506172839505,12.014814814814812,0.0,2
84951B,21.25,33.0,75.5,68.0,17.0,HIGH STOCKOUT RISK,REORDER NOW,139.13586776859503,34.78396694214876,0.0,2
21666,21.0,165.0,207.0,115.0,0.0,HIGH STOCKOUT RISK,REORDER NOW,93.76420454545456,0.0,0.0,2
22472,21.0,60.0,102.0,60.0,24.0,HIGH STOCKOUT RISK,REORDER NOW,351.29644268774706,140.51857707509882,0.0,2
72351B,20.75,160.0,201.5,196.0,0.0,HIGH STOCKOUT RISK,REORDER NOW,462.27345029239774,0.0,0.0,2
85032B,20.75,55.0,96.5,65.0,18.0,HIGH STOCKOUT RISK,REORDER NOW,82.26776315789473,22.78184210526316,0.0,2
22669,20.5,67.0,108.0,80.0,2.0,HIGH STOCKOUT RISK,REORDER NOW,289.88713318284425,7.247178329571106,0.0,2
21060,20.25,93.0,133.5,70.0,11.0,HIGH STOCKOUT RISK,REORDER NOW,65.85562913907285,10.348741721854305,0.0,2
22623,20.25,65.0,105.5,96.0,0.0,HIGH STOCKOUT RISK,REORDER NOW,543.2191304347826,0.0,0.0,2
22220,19.5,22.0,61.0,25.0,53.0,HIGH STOCKOUT RISK,REORDER NOW,258.3712121212121,547.7469696969697,0.0,2
22838,19.5,66.0,105.0,89.0,0.0,HIGH STOCKOUT RISK,REORDER NOW,1481.4476712328767,0.0,0.0,2
85174,19.5,43.0,82.0,47.0,31.0,HIGH STOCKOUT RISK,REORDER NOW,309.9568533333333,204.43962666666664,0.0,2
17084N,19.25,110.0,148.5,117.0,0.0,HIGH STOCKOUT RISK,REORDER NOW,40.48074866310161,0.0,0.0,2
20733,19.25,92.0,130.5,86.0,0.0,HIGH STOCKOUT RISK,REORDER NOW,73.21331081081081,0.0,0.0,2
20931,19.25,30.0,68.5,38.0,39.0,HIGH STOCKOUT RISK,REORDER NOW,179.15976047904192,183.8744910179641,0.0,2
85183A,19.25,96.0,134.5,125.0,0.0,HIGH STOCKOUT RISK,REORDER NOW,293.0442176870748,0.0,0.0,2
47591B,19.0,49.0,87.0,64.0,12.0,HIGH STOCKOUT RISK,REORDER NOW,106.8618439716312,20.03659574468085,0.0,2
84534B,18.75,36.0,73.5,70.0,5.0,HIGH STOCKOUT RISK,REORDER NOW,83.59473684210526,5.971052631578947,0.0,2
84792,18.75,64.0,101.5,62.0,13.0,HIGH STOCKOUT RISK,REORDER NOW,325.20230623818526,68.18758034026465,0.0,2
21198,18.5,66.0,103.0,53.0,21.0,HIGH STOCKOUT RISK,REORDER NOW,91.8290163934426,36.38508196721311,0.0,2
37500,18.5,35.0,72.0,52.0,22.0,HIGH STOCKOUT RISK,REORDER NOW,475.42285714285714,201.14043956043955,0.0,2
22660,18.25,72.0,108.5,54.0,19.0,HIGH STOCKOUT RISK,REORDER NOW,490.99569230769225,172.75774358974357,0.0,2
22939,18.25,39.0,75.5,67.0,6.0,HIGH STOCKOUT RISK,REORDER NOW,393.4877049180328,35.23770491803279,0.0,2
22505,18.0,91.0,127.0,118.0,0.0,HIGH STOCKOUT RISK,REORDER NOW,645.0176933158584,0.0,0.0,2
22718,18.0,64.0,100.0,81.0,0.0,HIGH STOCKOUT RISK,REORDER NOW,45.75741573033707,0.0,0.0,2
22930,18.0,57.0,93.0,65.0,7.0,HIGH STOCKOUT RISK,REORDER NOW,199.43828125,21.47796875,0.0,2
72819,18.0,58.0,94.0,44.0,28.0,HIGH STOCKOUT RISK,REORDER NOW,130.82042553191488,83.24936170212764,0.0,2
21794,17.75,27.0,62.5,26.0,45.0,HIGH STOCKOUT RISK,REORDER NOW,155.79967213114753,269.6532786885246,0.0,2
22192,17.5,26.0,61.0,55.0,15.0,HIGH STOCKOUT RISK,REORDER NOW,488.7869642857143,133.30553571428572,0.0,2
22378,17.5,155.0,190.0,142.0,0.0,HIGH STOCKOUT RISK,REORDER NOW,405.5139963833635,0.0,0.0,2
22845,17.5,30.0,65.0,65.0,5.0,HIGH STOCKOUT RISK,REORDER NOW,505.7208641975308,38.9016049382716,0.0,2
22060,17.25,43.0,77.5,49.0,20.0,HIGH STOCKOUT RISK,REORDER NOW,478.6903468208092,195.3838150289017,0.0,2
85036A,17.25,26.0,60.5,50.0,19.0,HIGH STOCKOUT RISK,REORDER NOW,205.70809248554917,78.16907514450867,0.0,2
21807,17.0,194.0,228.0,209.0,0.0,HIGH STOCKOUT RISK,REORDER NOW,106.8918888888889,0.0,0.0,2
22690,17.0,170.0,204.0,138.0,0.0,HIGH STOCKOUT RISK,REORDER NOW,1132.9206787330318,0.0,0.0,2
22846,17.0,25.0,59.0,58.0,10.0,HIGH STOCKOUT RISK,REORDER NOW,1019.4175342465752,175.76164383561644,0.0,2
22847,17.0,36.0,70.0,56.0,12.0,HIGH STOCKOUT RISK,REORDER NOW,958.7599999999998,205.44857142857137,0.0,2
22287,16.75,105.0,138.5,126.0,0.0,HIGH STOCKOUT RISK,REORDER NOW,210.05852459016396,0.0,0.0,2
22429,16.75,79.0,112.5,70.0,0.0,HIGH STOCKOUT RISK,REORDER NOW,336.2944530046225,0.0,0.0,2
85054,16.75,31.0,64.5,39.0,28.0,HIGH STOCKOUT RISK,REORDER NOW,135.34830985915494,97.17314553990612,0.0,2
22120,16.5,21.0,54.0,28.0,38.0,HIGH STOCKOUT RISK,REORDER NOW,315.21561497326206,427.7926203208556,0.0,2
22390,16.5,64.0,97.0,52.0,14.0,HIGH STOCKOUT RISK,REORDER NOW,137.91903614457829,37.13204819277108,0.0,2
47310M,16.5,29.0,62.0,57.0,9.0,HIGH STOCKOUT RISK,REORDER NOW,94.88687861271676,14.9821387283237,0.0,2
22682,16.0,41.0,73.0,62.0,2.0,HIGH STOCKOUT RISK,REORDER NOW,94.91027027027026,3.061621621621621,0.0,2
20839,15.75,30.0,61.5,36.0,27.0,HIGH STOCKOUT RISK,REORDER NOW,90.10677966101696,67.58008474576272,0.0,2
21383,15.75,94.0,125.5,95.0,0.0,HIGH STOCKOUT RISK,REORDER NOW,91.21991017964072,0.0,0.0,2
22389,15.75,31.0,62.5,38.0,25.0,HIGH STOCKOUT RISK,REORDER NOW,96.40967741935484,63.42741935483871,0.0,2
22978,15.75,268.0,299.5,194.0,0.0,HIGH STOCKOUT RISK,REORDER NOW,836.97032,0.0,0.0,2
84519A,15.75,45.0,76.5,76.0,0.0,HIGH STOCKOUT RISK,REORDER NOW,225.68630541871923,0.0,0.0,2
21199,15.5,71.0,102.0,66.0,0.0,HIGH STOCKOUT RISK,REORDER NOW,122.72066225165564,0.0,0.0,2
21219,15.5,28.0,59.0,53.0,9.0,HIGH STOCKOUT RISK,REORDER NOW,82.26843575418992,13.970111731843572,0.0,2
22233,15.5,35.0,66.0,61.0,1.0,HIGH STOCKOUT RISK,REORDER NOW,92.24517045454544,1.5122159090909089,0.0,2
22485,15.5,25.0,56.0,33.0,29.0,HIGH STOCKOUT RISK,REORDER NOW,485.88644859813087,426.9911214953271,0.0,2
21201,15.25,103.0,133.5,81.0,0.0,HIGH STOCKOUT RISK,REORDER NOW,241.111106557377,0.0,0.0,2
22453,15.25,42.0,72.5,72.0,0.0,HIGH STOCKOUT RISK,REORDER NOW,207.4183783783784,0.0,0.0,2
22501,15.25,101.0,131.5,128.0,0.0,HIGH STOCKOUT RISK,REORDER NOW,1716.7215094339622,0.0,0.0,2
22424,15.0,40.0,70.0,41.0,19.0,HIGH STOCKOUT RISK,REORDER NOW,626.9387075718016,290.5325718015666,0.0,2
84951A,15.0,35.0,65.0,35.0,25.0,HIGH STOCKOUT RISK,REORDER NOW,74.15625,52.96875,0.0,2
85017B,15.0,96.0,126.0,90.0,0.0,HIGH STOCKOUT RISK,REORDER NOW,67.68056426332288,0.0,0.0,2
22304,14.75,168.0,197.5,162.0,0.0,HIGH STOCKOUT RISK,REORDER NOW,460.7863953488372,0.0,0.0,2
72122,14.75,20.0,49.5,40.0,19.0,HIGH STOCKOUT RISK,REORDER NOW,45.30645161290322,21.52056451612903,0.0,2
85131B,14.75,39.0,68.5,63.0,0.0,HIGH STOCKOUT RISK,REORDER NOW,54.20333333333333,0.0,0.0,2
22854,14.5,55.0,84.0,64.0,0.0,HIGH STOCKOUT RISK,REORDER NOW,348.2920634920635,0.0,0.0,2
21110,14.0,99.0,127.0,84.0,0.0,HIGH STOCKOUT RISK,REORDER NOW,622.5875,0.0,0.0,2
21446,14.0,36.0,64.0,39.0,17.0,HIGH STOCKOUT RISK,REORDER NOW,57.91175,25.243583333333333,0.0,2
22853,14.0,26.0,54.0,37.0,19.0,HIGH STOCKOUT RISK,REORDER NOW,132.87530612244896,68.23326530612245,0.0,2
21882,13.5,87.0,114.0,64.0,0.0,HIGH STOCKOUT RISK,REORDER NOW,49.61851239669421,0.0,0.0,2
22129,13.5,141.0,168.0,154.0,0.0,HIGH STOCKOUT RISK,REORDER NOW,250.95,0.0,0.0,2
84356,13.5,47.0,74.0,65.0,0.0,HIGH STOCKOUT RISK,REORDER NOW,425.8125925925926,0.0,0.0,2
22358,13.25,65.0,91.5,85.0,0.0,HIGH STOCKOUT RISK,REORDER NOW,327.50922953451044,0.0,0.0,2
84031B,13.25,37.0,63.5,58.0,0.0,HIGH STOCKOUT RISK,REORDER NOW,272.0765342960289,0.0,0.0,2
21746,13.0,161.0,187.0,182.0,0.0,HIGH STOCKOUT RISK,REORDER NOW,273.89017821782176,0.0,0.0,2
22026,13.0,98.0,124.0,124.0,0.0,HIGH STOCKOUT RISK,REORDER NOW,66.28087193460489,0.0,0.0,2
22448,13.0,73.0,99.0,60.0,0.0,HIGH STOCKOUT RISK,REORDER NOW,221.1853658536585,0.0,0.0,2
21207,12.75,151.0,176.5,173.0,0.0,HIGH STOCKOUT RISK,REORDER NOW,303.9194076655052,0.0,0.0,2
22374,12.75,18.0,43.5,29.0,22.0,HIGH STOCKOUT RISK,REORDER NOW,154.41967889908256,117.14596330275228,0.0,2
20768,12.5,63.0,88.0,56.0,0.0,HIGH STOCKOUT RISK,REORDER NOW,143.19463087248323,0.0,0.0,2
21065,12.5,56.0,81.0,66.0,0.0,HIGH STOCKOUT RISK,REORDER NOW,325.0925806451613,0.0,0.0,2
22286,12.5,107.0,132.0,122.0,0.0,HIGH STOCKOUT RISK,REORDER NOW,212.46143589743588,0.0,0.0,2
84279P,12.5,51.0,76.0,76.0,0.0,HIGH STOCKOUT RISK,REORDER NOW,346.0001253918496,0.0,0.0,2
21043,12.25,47.0,71.5,60.0,0.0,HIGH STOCKOUT RISK,REORDER NOW,257.8394366197183,0.0,0.0,2
84558A,12.25,91.0,115.5,73.0,0.0,HIGH STOCKOUT RISK,REORDER NOW,228.68229268292689,0.0,0.0,2
22426,12.0,30.0,54.0,50.0,0.0,HIGH STOCKOUT RISK,REORDER NOW,234.54461942257217,0.0,0.0,2
85130A,12.0,31.0,55.0,46.0,2.0,HIGH STOCKOUT RISK,REORDER NOW,85.81090909090909,3.730909090909091,0.0,2
21311,11.5,54.0,77.0,49.0,0.0,HIGH STOCKOUT RISK,REORDER NOW,75.62670103092783,0.0,0.0,2
22683,11.5,42.0,65.0,55.0,0.0,HIGH STOCKOUT RISK,REORDER NOW,87.32242268041236,0.0,0.0,2
84678,11.25,32.0,54.5,29.0,16.0,HIGH STOCKOUT RISK,REORDER NOW,82.8378409090909,45.70363636363636,0.0,2
84944,11.25,92.0,114.5,99.0,0.0,HIGH STOCKOUT RISK,REORDER NOW,380.3964179104478,0.0,0.0,2
21220,11.0,19.0,41.0,30.0,14.0,HIGH STOCKOUT RISK,REORDER NOW,49.33124999999999,23.021249999999995,0.0,2
21694,11.0,44.0,66.0,38.0,6.0,HIGH STOCKOUT RISK,REORDER NOW,124.46628571428572,19.652571428571427,0.0,2
21756,10.75,30.0,51.5,38.0,5.0,HIGH STOCKOUT RISK,REORDER NOW,249.373867120954,32.81235093696763,0.0,2
21248,10.5,53.0,74.0,56.0,0.0,HIGH STOCKOUT RISK,REORDER NOW,93.95826086956522,0.0,0.0,2
37343,10.5,67.0,88.0,65.0,0.0,HIGH STOCKOUT RISK,REORDER NOW,135.49374999999998,0.0,0.0,2
84509G,10.0,51.0,71.0,68.0,0.0,HIGH STOCKOUT RISK,REORDER NOW,256.59522012578617,0.0,0.0,2
22425,9.75,25.0,44.5,35.0,4.0,HIGH STOCKOUT RISK,REORDER NOW,195.7537459283388,22.37185667752443,0.0,2
85123A,9.75,37.0,56.5,42.0,0.0,HIGH STOCKOUT RISK,REORDER NOW,274.82,0.0,0.0,2
21718,9.5,146.0,165.0,139.0,0.0,HIGH STOCKOUT RISK,REORDER NOW,231.20821052631575,0.0,0.0,2
22541,9.5,118.0,137.0,133.0,0.0,HIGH STOCKOUT RISK,REORDER NOW,74.36089552238805,0.0,0.0,2
22626,9.5,24.0,43.0,23.0,15.0,HIGH STOCKOUT RISK,REORDER NOW,211.8479479768786,138.1617052023121,0.0,2
72351A,9.5,112.0,131.0,131.0,0.0,HIGH STOCKOUT RISK,REORDER NOW,300.7798529411765,0.0,0.0,2
22334,9.25,113.0,131.5,92.0,0.0,HIGH STOCKOUT RISK,REORDER NOW,159.9611808118081,0.0,0.0,2
21464,9.0,15.0,33.0,19.0,17.0,HIGH STOCKOUT RISK,REORDER NOW,80.66629955947137,72.1751101321586,0.0,2
22168,9.0,25.0,43.0,32.0,4.0,HIGH STOCKOUT RISK,REORDER NOW,272.0634402332361,34.007930029154515,0.0,2
22685,8.5,43.0,60.0,59.0,0.0,HIGH STOCKOUT RISK,REORDER NOW,86.33666666666667,0.0,0.0,2
21678,8.25,38.0,54.5,54.0,0.0,HIGH STOCKOUT RISK,REORDER NOW,52.6095,0.0,0.0,2
21955,8.25,187.0,203.5,176.0,0.0,HIGH STOCKOUT RISK,REORDER NOW,1509.7275236806497,0.0,0.0,2
22308,8.25,27.0,43.5,21.0,12.0,HIGH STOCKOUT RISK,REORDER NOW,82.17027777777777,46.95444444444444,0.0,2
22684,8.25,43.0,59.5,59.0,0.0,HIGH STOCKOUT RISK,REORDER NOW,93.67654761904762,0.0,0.0,2
21063,8.0,42.0,58.0,42.0,0.0,HIGH STOCKOUT RISK,REORDER NOW,39.51690376569038,0.0,0.0,2
21972,8.0,30.0,46.0,29.0,3.0,HIGH STOCKOUT RISK,REORDER NOW,47.62537572254336,4.926763005780347,0.0,2
22890,8.0,51.0,67.0,52.0,0.0,HIGH STOCKOUT RISK,REORDER NOW,568.4252264808363,0.0,0.0,2
21688,7.75,27.0,42.5,32.0,0.0,HIGH STOCKOUT RISK,REORDER NOW,115.3074125874126,0.0,0.0,2
22781,7.75,30.0,45.5,38.0,0.0,HIGH STOCKOUT RISK,REORDER NOW,357.38,0.0,0.0,2
21539,7.5,60.0,75.0,60.0,0.0,HIGH STOCKOUT RISK,REORDER NOW,343.6668407310705,0.0,0.0,2
84509B,7.5,20.0,35.0,17.0,13.0,HIGH STOCKOUT RISK,REORDER NOW,72.4251256281407,55.38391959798995,0.0,2
22261,7.25,171.0,185.5,161.0,0.0,HIGH STOCKOUT RISK,REORDER NOW,185.06160784313727,0.0,0.0,2
21202,7.0,72.0,86.0,75.0,0.0,HIGH STOCKOUT RISK,REORDER NOW,132.8695652173913,0.0,0.0,2
21611,6.75,46.0,59.5,42.0,0.0,HIGH STOCKOUT RISK,REORDER NOW,131.06196078431373,0.0,0.0,2
22254,6.75,71.0,84.5,72.0,0.0,HIGH STOCKOUT RISK,REORDER NOW,108.62828025477708,0.0,0.0,2
71038,6.75,19.0,32.5,22.0,5.0,HIGH STOCKOUT RISK,REORDER NOW,119.09477124183007,27.06699346405229,0.0,2
85059,6.75,28.0,41.5,40.0,0.0,HIGH STOCKOUT RISK,REORDER NOW,170.89400921658984,0.0,0.0,2
22479,6.5,146.0,159.0,105.0,0.0,HIGH STOCKOUT RISK,REORDER NOW,165.76813953488372,0.0,0.0,2
22272,6.25,51.0,63.5,48.0,0.0,HIGH STOCKOUT RISK,REORDER NOW,151.64380327868852,0.0,0.0,2
22946,6.25,59.0,71.5,59.0,0.0,HIGH STOCKOUT RISK,REORDER NOW,1078.4671034482758,0.0,0.0,2
35004B,6.0,42.0,54.0,42.0,0.0,HIGH STOCKOUT RISK,REORDER NOW,273.4367441860465,0.0,0.0,2
21289,5.75,89.0,100.5,93.0,0.0,HIGH STOCKOUT RISK,REORDER NOW,121.60644230769232,0.0,0.0,2
21395,5.75,194.0,205.5,169.0,0.0,HIGH STOCKOUT RISK,REORDER NOW,152.5118487394958,0.0,0.0,2
22376,5.75,12.0,23.5,17.0,6.0,HIGH STOCKOUT RISK,REORDER NOW,88.68128514056225,31.29927710843373,0.0,2
85185B,5.5,15.0,26.0,18.0,4.0,HIGH STOCKOUT RISK,REORDER NOW,62.428235294117655,13.87294117647059,0.0,2
21713,5.25,138.0,148.5,119.0,0.0,HIGH STOCKOUT RISK,REORDER NOW,281.1775480769231,0.0,0.0,2
22450,5.25,37.0,47.5,34.0,0.0,HIGH STOCKOUT RISK,REORDER NOW,119.32191489361702,0.0,0.0,2
72128,5.25,65.0,75.5,74.0,0.0,HIGH STOCKOUT RISK,REORDER NOW,65.81120879120878,0.0,0.0,2
21534,5.0,19.0,29.0,26.0,0.0,HIGH STOCKOUT RISK,REORDER NOW,139.3287431693989,0.0,0.0,2
21719,4.75,30.0,39.5,32.0,0.0,HIGH STOCKOUT RISK,REORDER NOW,34.32503496503496,0.0,0.0,2
22522,4.75,98.0,107.5,88.0,0.0,HIGH STOCKOUT RISK,REORDER NOW,79.87870967741935,0.0,0.0,2
21580,4.5,20.0,29.0,26.0,0.0,HIGH STOCKOUT RISK,REORDER NOW,74.15560693641618,0.0,0.0,2
21881,4.5,111.0,120.0,86.0,0.0,HIGH STOCKOUT RISK,REORDER NOW,71.6350847457627,0.0,0.0,2
22167,4.5,35.0,44.0,41.0,0.0,HIGH STOCKOUT RISK,REORDER NOW,461.039875,0.0,0.0,2
22283,4.5,42.0,51.0,42.0,0.0,HIGH STOCKOUT RISK,REORDER NOW,402.1235475578406,0.0,0.0,2
21846,4.25,95.0,103.5,80.0,0.0,HIGH STOCKOUT RISK,REORDER NOW,312.80597014925377,0.0,0.0,2
22517,4.25,70.0,78.5,69.0,0.0,HIGH STOCKOUT RISK,REORDER NOW,165.11881578947367,0.0,0.0,2
85130C,4.25,41.0,49.5,45.0,0.0,HIGH STOCKOUT RISK,REORDER NOW,61.21304347826087,0.0,0.0,2
21715,3.5,111.0,118.0,107.0,0.0,HIGH STOCKOUT RISK,REORDER NOW,348.1558620689655,0.0,0.0,2
22324,3.5,36.0,43.0,34.0,0.0,HIGH STOCKOUT RISK,REORDER NOW,112.657012987013,0.0,0.0,2
22430,3.25,65.0,71.5,63.0,0.0,HIGH STOCKOUT RISK,REORDER NOW,351.6326975476839,0.0,0.0,2
47580,3.25,63.0,69.5,66.0,0.0,HIGH STOCKOUT RISK,REORDER NOW,206.33931623931625,0.0,0.0,2
21157,3.0,28.0,34.0,32.0,0.0,HIGH STOCKOUT RISK,REORDER NOW,92.53573033707866,0.0,0.0,2
22223,3.0,31.0,37.0,37.0,0.0,HIGH STOCKOUT RISK,REORDER NOW,200.0868539325843,0.0,0.0,2
22822,2.75,40.0,45.5,43.0,0.0,HIGH STOCKOUT RISK,REORDER NOW,273.39446236559144,0.0,0.0,2
72586,2.75,216.0,221.5,161.0,0.0,HIGH STOCKOUT RISK,REORDER NOW,94.3075,0.0,0.0,2
20619,2.5,31.0,36.0,33.0,0.0,HIGH STOCKOUT RISK,REORDER NOW,77.26932989690722,0.0,0.0,2
22606,2.5,63.0,68.0,49.0,0.0,HIGH STOCKOUT RISK,REORDER NOW,797.1392131979695,0.0,0.0,2
21647,2.25,42.0,46.5,46.0,0.0,HIGH STOCKOUT RISK,REORDER NOW,117.60768211920532,0.0,0.0,2
21708,2.25,47.0,51.5,41.0,0.0,HIGH STOCKOUT RISK,REORDER NOW,193.7653787878788,0.0,0.0,2
22502,2.25,107.0,111.5,110.0,0.0,HIGH STOCKOUT RISK,REORDER NOW,881.6331573389651,0.0,0.0,2
22968,2.25,71.0,75.5,63.0,0.0,HIGH STOCKOUT RISK,REORDER NOW,732.8671875,0.0,0.0,2
37370,2.25,212.0,216.5,203.0,0.0,HIGH STOCKOUT RISK,REORDER NOW,1099.5228932038835,0.0,0.0,2
84975,2.0,113.0,117.0,106.0,0.0,HIGH STOCKOUT RISK,REORDER NOW,214.61596330275228,0.0,0.0,2
22316,1.75,89.0,92.5,87.0,0.0,HIGH STOCKOUT RISK,REORDER NOW,121.945,0.0,0.0,2
85039C,1.75,42.0,45.5,40.0,0.0,HIGH STOCKOUT RISK,REORDER NOW,68.53103448275861,0.0,0.0,2
85064,1.25,190.0,192.5,157.0,0.0,HIGH STOCKOUT RISK,REORDER NOW,965.7893971631206,0.0,0.0,2
84818,-1.5,80.0,77.0,76.0,0.0,HIGH STOCKOUT RISK,REORDER NOW,154.2629596412556,0.0,0.0,2
84879,914.5,1634.0,3463.0,4091.0,0.0,MODERATE RISK,MONITOR,7600.042050924311,0.0,0.0,2
21232,407.75,600.0,1415.5,1727.0,0.0,MODERATE RISK,MONITOR,2610.161230769231,0.0,0.0,2
84945,399.75,481.0,1280.5,1312.0,0.0,MODERATE RISK,MONITOR,1418.021734104046,0.0,0.0,2
35970,314.25,363.0,991.5,1030.0,0.0,MODERATE RISK,MONITOR,2320.765502793296,0.0,0.0,2
22492,294.75,850.0,1439.5,1617.0,0.0,MODERATE RISK,MONITOR,1241.3184450402146,0.0,0.0,2
22596,294.75,303.0,892.5,1001.0,0.0,MODERATE RISK,MONITOR,1123.9926269315672,0.0,0.0,2
84568,289.0,1428.0,2006.0,2848.0,0.0,MODERATE RISK,MONITOR,1057.4787261146498,0.0,0.0,2
22791,274.75,296.0,845.5,1140.0,0.0,MODERATE RISK,MONITOR,1703.165100671141,0.0,0.0,2
84991,274.25,787.0,1335.5,1441.0,0.0,MODERATE RISK,MONITOR,956.2313041495668,0.0,0.0,2
22423,265.25,375.0,905.5,1253.0,0.0,MODERATE RISK,MONITOR,17567.784176182708,0.0,0.0,2
21175,261.25,526.0,1048.5,1188.0,0.0,MODERATE RISK,MONITOR,3038.7247058823527,0.0,0.0,2
22818,251.0,294.0,796.0,981.0,0.0,MODERATE RISK,MONITOR,466.1548899755501,0.0,0.0,2
20723,248.25,225.0,721.5,889.0,0.0,MODERATE RISK,MONITOR,1004.4943404255316,0.0,0.0,2
21791,240.25,353.0,833.5,1185.0,0.0,MODERATE RISK,MONITOR,1762.9970149253732,0.0,0.0,2
21889,238.5,280.0,757.0,931.0,0.0,MODERATE RISK,MONITOR,1441.800606060606,0.0,0.0,2
22326,234.75,274.0,743.5,950.0,0.0,MODERATE RISK,MONITOR,3249.997899159664,0.0,0.0,2
40016,234.5,614.0,1083.0,1598.0,0.0,MODERATE RISK,MONITOR,3043.0485714285714,0.0,0.0,2
20971,229.0,762.0,1220.0,1857.0,0.0,MODERATE RISK,MONITOR,2612.6804680851064,0.0,0.0,2
22966,220.0,301.0,741.0,934.0,0.0,MODERATE RISK,MONITOR,1345.2093991989318,0.0,0.0,2
47566,209.5,566.0,985.0,1445.0,0.0,MODERATE RISK,MONITOR,8250.595106304985,0.0,0.0,2
82583,207.25,260.0,674.5,839.0,0.0,MODERATE RISK,MONITOR,2306.938746908492,0.0,0.0,2
20975,205.75,465.0,876.5,1007.0,0.0,MODERATE RISK,MONITOR,743.2323485653559,0.0,0.0,2
20728,195.5,478.0,869.0,896.0,0.0,MODERATE RISK,MONITOR,1762.5294095595125,0.0,0.0,2
22467,189.75,258.0,637.5,642.0,0.0,MODERATE RISK,MONITOR,1811.5864285714283,0.0,0.0,2
72741,185.75,493.0,864.5,1193.0,0.0,MODERATE RISK,MONITOR,2067.536336528221,0.0,0.0,2
84949,182.25,271.0,635.5,701.0,0.0,MODERATE RISK,MONITOR,1268.1810143042912,0.0,0.0,2
22573,181.75,274.0,637.5,775.0,0.0,MODERATE RISK,MONITOR,845.8869193154034,0.0,0.0,2
22561,180.5,233.0,594.0,683.0,0.0,MODERATE RISK,MONITOR,1188.361436227224,0.0,0.0,2
22556,178.5,317.0,674.0,863.0,0.0,MODERATE RISK,MONITOR,1530.1514089068826,0.0,0.0,2
22554,176.75,229.0,582.5,771.0,0.0,MODERATE RISK,MONITOR,1436.7623520368948,0.0,0.0,2
21174,169.0,191.0,529.0,628.0,0.0,MODERATE RISK,MONITOR,1577.8595648389903,0.0,0.0,2
84670,166.0,251.0,583.0,667.0,0.0,MODERATE RISK,MONITOR,329.8870833333333,0.0,0.0,2
71459,165.0,648.0,978.0,1507.0,0.0,MODERATE RISK,MONITOR,1669.3242030360532,0.0,0.0,2
16014,163.75,2237.0,2564.5,2925.0,0.0,MODERATE RISK,MONITOR,1156.1612903225807,0.0,0.0,2
22585,163.75,418.0,745.5,1125.0,0.0,MODERATE RISK,MONITOR,1552.1339050131928,0.0,0.0,2
84755,151.0,827.0,1129.0,1298.0,0.0,MODERATE RISK,MONITOR,1068.8895311299002,0.0,0.0,2
23232,143.75,353.0,640.5,962.0,0.0,MODERATE RISK,MONITOR,401.6548760330578,0.0,0.0,2
22969,138.75,718.0,995.5,1393.0,0.0,MODERATE RISK,MONITOR,2462.618061366806,0.0,0.0,2
22620,138.25,200.0,476.5,520.0,0.0,MODERATE RISK,MONITOR,817.082462253194,0.0,0.0,2
22712,137.75,240.0,515.5,740.0,0.0,MODERATE RISK,MONITOR,407.6202729044834,0.0,0.0,2
22418,134.75,245.0,514.5,721.0,0.0,MODERATE RISK,MONITOR,730.1326666666666,0.0,0.0,2
85049A,134.25,222.0,490.5,639.0,0.0,MODERATE RISK,MONITOR,927.2858746355686,0.0,0.0,2
22417,134.0,504.0,772.0,803.0,0.0,MODERATE RISK,MONITOR,569.6467787610619,0.0,0.0,2
22555,132.25,294.0,558.5,632.0,0.0,MODERATE RISK,MONITOR,1140.3769696969696,0.0,0.0,2
22594,130.5,203.0,464.0,550.0,0.0,MODERATE RISK,MONITOR,607.4577294685989,0.0,0.0,2
84375,129.0,176.0,434.0,449.0,0.0,MODERATE RISK,MONITOR,1126.589900990099,0.0,0.0,2
22557,125.75,263.0,514.5,525.0,0.0,MODERATE RISK,MONITOR,959.6233905579398,0.0,0.0,2
23231,125.0,202.0,452.0,549.0,0.0,MODERATE RISK,MONITOR,230.0732307692308,0.0,0.0,2
82482,123.25,260.0,506.5,680.0,0.0,MODERATE RISK,MONITOR,1984.9517509727625,0.0,0.0,2
84380,122.75,180.0,425.5,558.0,0.0,MODERATE RISK,MONITOR,928.5721378091872,0.0,0.0,2
21935,121.75,157.0,400.5,468.0,0.0,MODERATE RISK,MONITOR,1079.942850971922,0.0,0.0,2
22196,121.5,125.0,368.0,447.0,0.0,MODERATE RISK,MONITOR,525.1370078740157,0.0,0.0,2
21186,119.0,231.0,469.0,625.0,0.0,MODERATE RISK,MONITOR,1268.0186170212764,0.0,0.0,2
22189,118.75,636.0,873.5,1159.0,0.0,MODERATE RISK,MONITOR,5132.048482549317,0.0,0.0,2
22720,112.75,348.0,573.5,624.0,0.0,MODERATE RISK,MONITOR,3611.567180887372,0.0,0.0,2
84988,110.75,129.0,350.5,448.0,0.0,MODERATE RISK,MONITOR,939.0272124756334,0.0,0.0,2
21929,107.0,460.0,674.0,933.0,0.0,MODERATE RISK,MONITOR,2328.139975786925,0.0,0.0,2
22645,107.0,157.0,371.0,436.0,0.0,MODERATE RISK,MONITOR,874.8514285714286,0.0,0.0,2
21165,106.0,190.0,402.0,587.0,0.0,MODERATE RISK,MONITOR,1244.4459292929291,0.0,0.0,2
22367,105.5,136.0,347.0,391.0,0.0,MODERATE RISK,MONITOR,879.2537563884156,0.0,0.0,2
21985,104.0,1209.0,1417.0,1617.0,0.0,MODERATE RISK,MONITOR,659.442,0.0,0.0,2
22539,103.75,205.0,412.5,603.0,0.0,MODERATE RISK,MONITOR,325.4994,0.0,0.0,2
21121,102.0,326.0,530.0,849.0,0.0,MODERATE RISK,MONITOR,1149.789932659933,0.0,0.0,2
22996,101.25,223.0,425.5,631.0,0.0,MODERATE RISK,MONITOR,333.54147971360385,0.0,0.0,2
21098,98.75,535.0,732.5,1220.0,0.0,MODERATE RISK,MONITOR,1990.6790996784569,0.0,0.0,2
72008,98.5,186.0,383.0,532.0,0.0,MODERATE RISK,MONITOR,234.51135135135132,0.0,0.0,2
72817,98.5,117.0,314.0,328.0,0.0,MODERATE RISK,MONITOR,421.2608294930876,0.0,0.0,2
22945,97.0,465.0,659.0,902.0,0.0,MODERATE RISK,MONITOR,1969.7073654390936,0.0,0.0,2
22572,96.5,184.0,377.0,393.0,0.0,MODERATE RISK,MONITOR,408.50983957219256,0.0,0.0,2
22601,96.5,264.0,457.0,520.0,0.0,MODERATE RISK,MONITOR,531.5868235294117,0.0,0.0,2
72232,96.0,463.0,655.0,845.0,0.0,MODERATE RISK,MONITOR,160.55,0.0,0.0,2
84836,93.5,370.0,557.0,671.0,0.0,MODERATE RISK,MONITOR,923.7309418282548,0.0,0.0,2
21591,92.75,204.0,389.5,430.0,0.0,MODERATE RISK,MONITOR,542.8130890052356,0.0,0.0,2
82578,92.75,143.0,328.5,438.0,0.0,MODERATE RISK,MONITOR,312.1332773109244,0.0,0.0,2
22188,89.75,599.0,778.5,914.0,0.0,MODERATE RISK,MONITOR,4070.234421052632,0.0,0.0,2
22294,89.5,336.0,515.0,797.0,0.0,MODERATE RISK,MONITOR,1158.533706992231,0.0,0.0,2
84987,89.25,189.0,367.5,442.0,0.0,MODERATE RISK,MONITOR,797.0410705596107,0.0,0.0,2
22738,88.75,235.0,412.5,532.0,0.0,MODERATE RISK,MONITOR,1162.2349105367791,0.0,0.0,2
51014L,88.75,114.0,291.5,292.0,0.0,MODERATE RISK,MONITOR,226.3695238095238,0.0,0.0,2
22722,88.25,400.0,576.5,955.0,0.0,MODERATE RISK,MONITOR,4454.237572590011,0.0,0.0,2
22348,87.5,349.0,524.0,558.0,0.0,MODERATE RISK,MONITOR,596.848679631525,0.0,0.0,2
22752,86.25,132.0,304.5,367.0,0.0,MODERATE RISK,MONITOR,3459.605227586206,0.0,0.0,2
21136,85.25,240.0,410.5,612.0,0.0,MODERATE RISK,MONITOR,1203.9775765645809,0.0,0.0,2
21287,83.75,280.0,447.5,681.0,0.0,MODERATE RISK,MONITOR,577.531935483871,0.0,0.0,2
22540,82.5,346.0,511.0,736.0,0.0,MODERATE RISK,MONITOR,364.9333333333333,0.0,0.0,2
22130,82.25,626.0,790.5,803.0,0.0,MODERATE RISK,MONITOR,1431.457,0.0,0.0,2
84970L,81.75,311.0,474.5,727.0,0.0,MODERATE RISK,MONITOR,903.7810550458717,0.0,0.0,2
82551,81.25,128.0,290.5,338.0,0.0,MODERATE RISK,MONITOR,563.2309090909091,0.0,0.0,2
22983,80.75,185.0,346.5,371.0,0.0,MODERATE RISK,MONITOR,195.65403603603605,0.0,0.0,2
77101A,80.75,113.0,274.5,276.0,0.0,MODERATE RISK,MONITOR,414.3411235955056,0.0,0.0,2
22899,79.25,91.0,249.5,298.0,0.0,MODERATE RISK,MONITOR,717.5339860139861,0.0,0.0,2
22775,78.25,134.0,290.5,333.0,0.0,MODERATE RISK,MONITOR,564.1810169491525,0.0,0.0,2
22733,77.5,219.0,374.0,495.0,0.0,MODERATE RISK,MONITOR,747.134347826087,0.0,0.0,2
84050,77.25,348.0,502.5,741.0,0.0,MODERATE RISK,MONITOR,1588.4116326530611,0.0,0.0,2
20685,76.0,211.0,363.0,381.0,0.0,MODERATE RISK,MONITOR,3198.1358965517243,0.0,0.0,2
22749,75.75,132.0,283.5,323.0,0.0,MODERATE RISK,MONITOR,1316.3246341463414,0.0,0.0,2
85049E,73.0,150.0,296.0,341.0,0.0,MODERATE RISK,MONITOR,503.33120892018775,0.0,0.0,2
21507,72.75,132.0,277.5,322.0,0.0,MODERATE RISK,MONITOR,162.13001703577515,0.0,0.0,2
22732,72.75,250.0,395.5,475.0,0.0,MODERATE RISK,MONITOR,731.4861111111111,0.0,0.0,2
22938,72.25,131.0,275.5,344.0,0.0,MODERATE RISK,MONITOR,713.8554838709678,0.0,0.0,2
85015,71.25,115.0,257.5,284.0,0.0,MODERATE RISK,MONITOR,521.2741732283464,0.0,0.0,2
47593B,71.0,96.0,238.0,256.0,0.0,MODERATE RISK,MONITOR,202.7080332409972,0.0,0.0,2
22440,70.0,562.0,702.0,784.0,0.0,MODERATE RISK,MONITOR,353.0578947368421,0.0,0.0,2
21802,69.5,181.0,320.0,370.0,0.0,MODERATE RISK,MONITOR,181.12975460122695,0.0,0.0,2
85150,69.5,158.0,297.0,346.0,0.0,MODERATE RISK,MONITOR,1036.1487311446317,0.0,0.0,2
16161U,68.75,237.0,374.5,394.0,0.0,MODERATE RISK,MONITOR,164.7190031152648,0.0,0.0,2
21888,68.75,76.0,213.5,219.0,0.0,MODERATE RISK,MONITOR,1005.3539068100358,0.0,0.0,2
82581,68.75,173.0,310.5,456.0,0.0,MODERATE RISK,MONITOR,314.0565161290323,0.0,0.0,2
22979,67.0,281.0,415.0,440.0,0.0,MODERATE RISK,MONITOR,797.7948453608248,0.0,0.0,2
22271,66.75,100.0,233.5,282.0,0.0,MODERATE RISK,MONITOR,921.53797752809,0.0,0.0,2
85226A,66.25,193.0,325.5,457.0,0.0,MODERATE RISK,MONITOR,333.1151592356688,0.0,0.0,2
23004,64.5,94.0,223.0,291.0,0.0,MODERATE RISK,MONITOR,174.54894736842104,0.0,0.0,2
84032A,63.25,131.0,257.5,268.0,0.0,MODERATE RISK,MONITOR,887.371564828614,0.0,0.0,2
22737,63.0,185.0,311.0,459.0,0.0,MODERATE RISK,MONITOR,982.8689702970296,0.0,0.0,2
22710,62.5,267.0,392.0,396.0,0.0,MODERATE RISK,MONITOR,164.76269662921348,0.0,0.0,2
23233,62.5,265.0,390.0,598.0,0.0,MODERATE RISK,MONITOR,250.33775000000003,0.0,0.0,2
20978,62.0,87.0,211.0,276.0,0.0,MODERATE RISK,MONITOR,437.62793650793645,0.0,0.0,2
21642,62.0,176.0,300.0,448.0,0.0,MODERATE RISK,MONITOR,391.0747826086956,0.0,0.0,2
22991,62.0,308.0,432.0,703.0,0.0,MODERATE RISK,MONITOR,1592.11,0.0,0.0,2
82483,62.0,87.0,211.0,242.0,0.0,MODERATE RISK,MONITOR,1568.7565488907148,0.0,0.0,2
22345,61.75,101.0,224.5,249.0,0.0,MODERATE RISK,MONITOR,200.1693893129771,0.0,0.0,2
22750,60.75,101.0,222.5,290.0,0.0,MODERATE RISK,MONITOR,1166.9112977099237,0.0,0.0,2
21634,60.0,152.0,272.0,404.0,0.0,MODERATE RISK,MONITOR,547.8567567567568,0.0,0.0,2
85230B,60.0,82.0,202.0,269.0,0.0,MODERATE RISK,MONITOR,74.84529411764704,0.0,0.0,2
22813,59.25,165.0,283.5,364.0,0.0,MODERATE RISK,MONITOR,889.2260686015832,0.0,0.0,2
22094,57.5,177.0,292.0,294.0,0.0,MODERATE RISK,MONITOR,382.0236,0.0,0.0,2
22297,57.5,245.0,360.0,370.0,0.0,MODERATE RISK,MONITOR,609.1836180904522,0.0,0.0,2
23002,57.5,109.0,224.0,286.0,0.0,MODERATE RISK,MONITOR,148.47930693069304,0.0,0.0,2
21876,57.25,209.0,323.5,455.0,0.0,MODERATE RISK,MONITOR,894.2242968749999,0.0,0.0,2
21877,57.0,502.0,616.0,978.0,0.0,MODERATE RISK,MONITOR,1534.181076923077,0.0,0.0,2
21094,56.75,351.0,464.5,578.0,0.0,MODERATE RISK,MONITOR,570.4540502512563,0.0,0.0,2
22088,56.5,117.0,230.0,248.0,0.0,MODERATE RISK,MONITOR,871.6551505546752,0.0,0.0,2
22908,56.25,204.0,316.5,425.0,0.0,MODERATE RISK,MONITOR,405.7981927710844,0.0,0.0,2
22986,56.25,177.0,289.5,368.0,0.0,MODERATE RISK,MONITOR,154.30868292682925,0.0,0.0,2
48138,56.25,227.0,339.5,455.0,0.0,MODERATE RISK,MONITOR,3654.156157049375,0.0,0.0,2
21313,56.0,133.0,245.0,352.0,0.0,MODERATE RISK,MONITOR,394.0037037037037,0.0,0.0,2
21874,55.75,229.0,340.5,548.0,0.0,MODERATE RISK,MONITOR,988.6826073131956,0.0,0.0,2
22028,55.75,113.0,224.5,280.0,0.0,MODERATE RISK,MONITOR,148.60862745098038,0.0,0.0,2
20984,55.25,391.0,501.5,861.0,0.0,MODERATE RISK,MONITOR,460.0926377952756,0.0,0.0,2
21843,55.25,120.0,230.5,249.0,0.0,MODERATE RISK,MONITOR,3013.387945368171,0.0,0.0,2
22592,54.75,170.0,279.5,445.0,0.0,MODERATE RISK,MONITOR,1971.27775974026,0.0,0.0,2
22460,54.5,104.0,213.0,265.0,0.0,MODERATE RISK,MONITOR,401.2524547803618,0.0,0.0,2
22439,53.75,80.0,187.5,267.0,0.0,MODERATE RISK,MONITOR,195.04528,0.0,0.0,2
22535,53.75,123.0,230.5,283.0,0.0,MODERATE RISK,MONITOR,132.98207236842103,0.0,0.0,2
23000,53.5,92.0,199.0,285.0,0.0,MODERATE RISK,MONITOR,147.7166077738516,0.0,0.0,2
21035,53.25,141.0,247.5,353.0,0.0,MODERATE RISK,MONITOR,1423.5015727948994,0.0,0.0,2
35961,53.25,419.0,525.5,782.0,0.0,MODERATE RISK,MONITOR,893.583060278207,0.0,0.0,2
16235,53.0,194.0,300.0,401.0,0.0,MODERATE RISK,MONITOR,123.40207547169813,0.0,0.0,2
21917,53.0,222.0,328.0,414.0,0.0,MODERATE RISK,MONITOR,205.2988679245283,0.0,0.0,2
10002,52.75,363.0,468.5,573.0,0.0,MODERATE RISK,MONITOR,558.8741711229945,0.0,0.0,2
22127,52.75,214.0,319.5,482.0,0.0,MODERATE RISK,MONITOR,866.3950000000001,0.0,0.0,2
22274,52.5,95.0,200.0,208.0,0.0,MODERATE RISK,MONITOR,678.41889387145,0.0,0.0,2
22545,52.5,175.0,280.0,338.0,0.0,MODERATE RISK,MONITOR,179.84491978609626,0.0,0.0,2
22670,52.5,180.0,285.0,290.0,0.0,MODERATE RISK,MONITOR,453.6940503432494,0.0,0.0,2
22815,51.5,90.0,193.0,261.0,0.0,MODERATE RISK,MONITOR,130.6074705882353,0.0,0.0,2
22948,51.5,81.0,184.0,200.0,0.0,MODERATE RISK,MONITOR,364.17021276595744,0.0,0.0,2
22964,50.75,144.0,245.5,345.0,0.0,MODERATE RISK,MONITOR,864.7890214797136,0.0,0.0,2
22186,50.25,92.0,192.5,203.0,0.0,MODERATE RISK,MONITOR,655.1050847457627,0.0,0.0,2
22296,50.25,199.0,299.5,389.0,0.0,MODERATE RISK,MONITOR,705.7286114352391,0.0,0.0,2
85186A,50.25,96.0,196.5,289.0,0.0,MODERATE RISK,MONITOR,177.1157142857143,0.0,0.0,2
22748,49.75,184.0,283.5,435.0,0.0,MODERATE RISK,MONITOR,1048.557142857143,0.0,0.0,2
17021,49.5,328.0,427.0,638.0,0.0,MODERATE RISK,MONITOR,188.2841860465116,0.0,0.0,2
21974,49.5,148.0,247.0,366.0,0.0,MODERATE RISK,MONITOR,725.4244823386115,0.0,0.0,2
21992,49.0,87.0,185.0,232.0,0.0,MODERATE RISK,MONITOR,560.8381297134239,0.0,0.0,2
47599B,48.0,124.0,220.0,311.0,0.0,MODERATE RISK,MONITOR,690.0591126279863,0.0,0.0,2
22210,47.75,56.0,151.5,163.0,0.0,MODERATE RISK,MONITOR,225.21348993288592,0.0,0.0,2
22310,47.75,83.0,178.5,217.0,0.0,MODERATE RISK,MONITOR,543.5849999999999,0.0,0.0,2
22057,47.5,137.0,232.0,286.0,0.0,MODERATE RISK,MONITOR,578.7436900369004,0.0,0.0,2
22302,46.75,192.0,285.5,332.0,0.0,MODERATE RISK,MONITOR,902.7071882640588,0.0,0.0,2
22333,46.25,259.0,351.5,434.0,0.0,MODERATE RISK,MONITOR,804.3686464088397,0.0,0.0,2
22307,45.75,69.0,160.5,161.0,0.0,MODERATE RISK,MONITOR,369.0988888888889,0.0,0.0,2
22437,45.75,232.0,323.5,554.0,0.0,MODERATE RISK,MONITOR,542.6876379690949,0.0,0.0,2
22663,45.5,158.0,249.0,335.0,0.0,MODERATE RISK,MONITOR,816.1159942363112,0.0,0.0,2
22745,45.5,176.0,267.0,429.0,0.0,MODERATE RISK,MONITOR,1064.382,0.0,0.0,2
21845,45.0,89.0,179.0,189.0,0.0,MODERATE RISK,MONITOR,404.97443786982245,0.0,0.0,2
22212,44.5,84.0,173.0,232.0,0.0,MODERATE RISK,MONITOR,605.8700350877193,0.0,0.0,2
21243,44.25,121.0,209.5,330.0,0.0,MODERATE RISK,MONITOR,663.5282608695652,0.0,0.0,2
21284,44.25,108.0,196.5,251.0,0.0,MODERATE RISK,MONITOR,489.2569230769231,0.0,0.0,2
37342,44.25,100.0,188.5,230.0,0.0,MODERATE RISK,MONITOR,477.2414814814815,0.0,0.0,2
21786,44.0,268.0,356.0,364.0,0.0,MODERATE RISK,MONITOR,227.18946004319656,0.0,0.0,2
22706,43.75,196.0,283.5,437.0,0.0,MODERATE RISK,MONITOR,182.4388976377953,0.0,0.0,2
22707,43.75,52.0,139.5,171.0,0.0,MODERATE RISK,MONITOR,71.82,0.0,0.0,2
22965,43.75,142.0,229.5,335.0,0.0,MODERATE RISK,MONITOR,779.6717228464419,0.0,0.0,2
85170A,43.75,70.0,157.5,166.0,0.0,MODERATE RISK,MONITOR,418.89241379310346,0.0,0.0,2
21430,43.5,123.0,210.0,278.0,0.0,MODERATE RISK,MONITOR,1316.2521334922526,0.0,0.0,2
22093,43.5,128.0,215.0,311.0,0.0,MODERATE RISK,MONITOR,298.90432142857145,0.0,0.0,2
21216,42.75,73.0,158.5,206.0,0.0,MODERATE RISK,MONITOR,1415.1501694915255,0.0,0.0,2
21900,42.5,232.0,317.0,435.0,0.0,MODERATE RISK,MONITOR,376.05775558166863,0.0,0.0,2
21328,42.25,58.0,142.5,155.0,0.0,MODERATE RISK,MONITOR,350.66540832049304,0.0,0.0,2
22521,41.75,111.0,194.5,227.0,0.0,MODERATE RISK,MONITOR,212.1938196286472,0.0,0.0,2
22427,41.5,75.0,158.0,227.0,0.0,MODERATE RISK,MONITOR,1478.7586374695863,0.0,0.0,2
20969,41.25,117.0,199.5,274.0,0.0,MODERATE RISK,MONITOR,1162.4882982171798,0.0,0.0,2
21356,41.25,38.0,120.5,125.0,0.0,MODERATE RISK,MONITOR,187.15140845070425,0.0,0.0,2
22380,41.25,135.0,217.5,271.0,0.0,MODERATE RISK,MONITOR,666.8269484240689,0.0,0.0,2
22772,41.25,145.0,227.5,256.0,0.0,MODERATE RISK,MONITOR,422.6247021943574,0.0,0.0,2
21976,41.0,323.0,405.0,468.0,0.0,MODERATE RISK,MONITOR,360.10402476780183,0.0,0.0,2
21509,40.75,138.0,219.5,325.0,0.0,MODERATE RISK,MONITOR,163.30348652931855,0.0,0.0,2
48184,39.25,147.0,225.5,237.0,0.0,MODERATE RISK,MONITOR,1949.3720677570093,0.0,0.0,2
21524,39.0,124.0,202.0,221.0,0.0,MODERATE RISK,MONITOR,1871.2262921348315,0.0,0.0,2
72800E,39.0,54.0,132.0,136.0,0.0,MODERATE RISK,MONITOR,338.4279322033898,0.0,0.0,2
22795,38.5,48.0,125.0,148.0,0.0,MODERATE RISK,MONITOR,1168.556141732283,0.0,0.0,2
21399,38.25,205.0,281.5,290.0,0.0,MODERATE RISK,MONITOR,433.4910569105691,0.0,0.0,2
22175,38.25,69.0,145.5,159.0,0.0,MODERATE RISK,MONITOR,542.8942663043478,0.0,0.0,2
22051,37.5,79.0,154.0,164.0,0.0,MODERATE RISK,MONITOR,68.76689655172414,0.0,0.0,2
20970,37.25,54.0,128.5,135.0,0.0,MODERATE RISK,MONITOR,559.0329015544042,0.0,0.0,2
22801,37.0,47.0,121.0,125.0,0.0,MODERATE RISK,MONITOR,567.2438837920489,0.0,0.0,2
46000S,36.5,72.0,145.0,153.0,0.0,MODERATE RISK,MONITOR,221.85,0.0,0.0,2
21327,36.25,43.0,115.5,130.0,0.0,MODERATE RISK,MONITOR,260.2782,0.0,0.0,2
22335,36.25,284.0,356.5,415.0,0.0,MODERATE RISK,MONITOR,350.5314953271028,0.0,0.0,2
22807,36.25,55.0,127.5,141.0,0.0,MODERATE RISK,MONITOR,520.8362582781457,0.0,0.0,2
85230E,36.0,87.0,159.0,189.0,0.0,MODERATE RISK,MONITOR,52.06090909090909,0.0,0.0,2
22441,35.75,79.0,150.5,193.0,0.0,MODERATE RISK,MONITOR,468.059106029106,0.0,0.0,2
21402,35.5,68.0,139.0,170.0,0.0,MODERATE RISK,MONITOR,62.34444444444445,0.0,0.0,2
22209,35.5,37.0,108.0,109.0,0.0,MODERATE RISK,MONITOR,154.32652671755724,0.0,0.0,2
22686,35.5,69.0,140.0,168.0,0.0,MODERATE RISK,MONITOR,305.5038565022421,0.0,0.0,2
22132,35.25,97.0,167.5,220.0,0.0,MODERATE RISK,MONITOR,252.66717948717945,0.0,0.0,2
20956,35.0,119.0,189.0,270.0,0.0,MODERATE RISK,MONITOR,472.0591836734693,0.0,0.0,2
21158,35.0,114.0,184.0,286.0,0.0,MODERATE RISK,MONITOR,359.1153703703704,0.0,0.0,2
22169,34.75,44.0,113.5,120.0,0.0,MODERATE RISK,MONITOR,1165.958152173913,0.0,0.0,2
22639,34.75,53.0,122.5,132.0,0.0,MODERATE RISK,MONITOR,357.1863829787234,0.0,0.0,2
21905,34.25,88.0,156.5,201.0,0.0,MODERATE RISK,MONITOR,339.9933962264151,0.0,0.0,2
22400,34.25,118.0,186.5,200.0,0.0,MODERATE RISK,MONITOR,178.63598326359832,0.0,0.0,2
85107,34.0,114.0,182.0,207.0,0.0,MODERATE RISK,MONITOR,502.3775,0.0,0.0,2
22396,33.25,95.0,161.5,183.0,0.0,MODERATE RISK,MONITOR,169.1135294117647,0.0,0.0,2
22402,33.25,215.0,281.5,352.0,0.0,MODERATE RISK,MONITOR,325.9355642023346,0.0,0.0,2
21670,33.0,146.0,212.0,294.0,0.0,MODERATE RISK,MONITOR,480.788,0.0,0.0,2
23127,32.75,35.0,100.5,111.0,0.0,MODERATE RISK,MONITOR,583.2966331658291,0.0,0.0,2
21124,32.25,203.0,267.5,315.0,0.0,MODERATE RISK,MONITOR,408.7565217391304,0.0,0.0,2
22173,32.25,125.0,189.5,300.0,0.0,MODERATE RISK,MONITOR,1115.6633858267717,0.0,0.0,2
70006,32.25,369.0,433.5,547.0,0.0,MODERATE RISK,MONITOR,1073.6068120805369,0.0,0.0,2
21986,31.75,725.0,788.5,1259.0,0.0,MODERATE RISK,MONITOR,519.5632700421941,0.0,0.0,2
22128,31.75,136.0,199.5,250.0,0.0,MODERATE RISK,MONITOR,382.76249999999993,0.0,0.0,2
22314,31.75,49.0,112.5,126.0,0.0,MODERATE RISK,MONITOR,546.60375,0.0,0.0,2
21257,31.5,41.0,104.0,118.0,0.0,MODERATE RISK,MONITOR,1229.6504379562043,0.0,0.0,2
22524,31.5,66.0,129.0,191.0,0.0,MODERATE RISK,MONITOR,301.05329966329964,0.0,0.0,2
21933,31.0,156.0,218.0,365.0,0.0,MODERATE RISK,MONITOR,889.5204225352112,0.0,0.0,2
22637,31.0,220.0,282.0,373.0,0.0,MODERATE RISK,MONITOR,1115.459761526232,0.0,0.0,2
48185,31.0,244.0,306.0,460.0,0.0,MODERATE RISK,MONITOR,4214.371285140563,0.0,0.0,2
85071A,31.0,104.0,166.0,248.0,0.0,MODERATE RISK,MONITOR,318.68821192052985,0.0,0.0,2
22784,30.75,45.0,106.5,144.0,0.0,MODERATE RISK,MONITOR,801.3582133995037,0.0,0.0,2
84459B,30.75,89.0,150.5,220.0,0.0,MODERATE RISK,MONITOR,464.8559633027523,0.0,0.0,2
22147,30.5,323.0,384.0,395.0,0.0,MODERATE RISK,MONITOR,638.3787162162163,0.0,0.0,2
22433,30.5,88.0,149.0,205.0,0.0,MODERATE RISK,MONITOR,463.7157342657343,0.0,0.0,2
84971S,30.5,162.0,223.0,350.0,0.0,MODERATE RISK,MONITOR,376.7809829059829,0.0,0.0,2
20679,30.25,333.0,393.5,416.0,0.0,MODERATE RISK,MONITOR,2767.823006896552,0.0,0.0,2
21558,30.25,79.0,139.5,172.0,0.0,MODERATE RISK,MONITOR,558.8137579617835,0.0,0.0,2
21680,30.25,114.0,174.5,262.0,0.0,MODERATE RISK,MONITOR,298.66059259259254,0.0,0.0,2
22821,30.25,63.0,123.5,180.0,0.0,MODERATE RISK,MONITOR,130.3659574468085,0.0,0.0,2
22267,29.75,122.0,181.5,284.0,0.0,MODERATE RISK,MONITOR,333.7931147540983,0.0,0.0,2
21901,29.5,183.0,242.0,311.0,0.0,MODERATE RISK,MONITOR,251.4033146067416,0.0,0.0,2
21932,29.25,135.0,193.5,255.0,0.0,MODERATE RISK,MONITOR,618.7340182648402,0.0,0.0,2
21078,29.0,181.0,239.0,378.0,0.0,MODERATE RISK,MONITOR,419.0249999999999,0.0,0.0,2
21159,29.0,110.0,168.0,259.0,0.0,MODERATE RISK,MONITOR,345.22456692913386,0.0,0.0,2
22911,28.75,50.0,107.5,132.0,0.0,MODERATE RISK,MONITOR,424.1730177514793,0.0,0.0,2
21239,28.5,127.0,184.0,309.0,0.0,MODERATE RISK,MONITOR,326.4225979112272,0.0,0.0,2
82001S,28.5,99.0,156.0,195.0,0.0,MODERATE RISK,MONITOR,827.2689873417721,0.0,0.0,2
22895,28.25,102.0,158.5,197.0,0.0,MODERATE RISK,MONITOR,681.989375,0.0,0.0,2
35809A,28.25,58.0,114.5,140.0,0.0,MODERATE RISK,MONITOR,347.3179775280899,0.0,0.0,2
21189,27.75,37.0,92.5,98.0,0.0,MODERATE RISK,MONITOR,239.855,0.0,0.0,2
21820,27.5,39.0,94.0,107.0,0.0,MODERATE RISK,MONITOR,500.4338502673797,0.0,0.0,2
22701,27.5,39.0,94.0,95.0,0.0,MODERATE RISK,MONITOR,269.0932926829268,0.0,0.0,2
22918,27.5,91.0,146.0,212.0,0.0,MODERATE RISK,MONITOR,181.6999209486166,0.0,0.0,2
21164,27.0,176.0,230.0,398.0,0.0,MODERATE RISK,MONITOR,1302.0340384615386,0.0,0.0,2
22989,27.0,185.0,239.0,382.0,0.0,MODERATE RISK,MONITOR,1406.41,0.0,0.0,2
21679,26.75,165.0,218.5,339.0,0.0,MODERATE RISK,MONITOR,357.3204255319149,0.0,0.0,2
22118,26.75,58.0,111.5,122.0,0.0,MODERATE RISK,MONITOR,658.8087769784173,0.0,0.0,2
22301,26.75,123.0,176.5,222.0,0.0,MODERATE RISK,MONITOR,699.4753502235469,0.0,0.0,2
22331,26.75,101.0,154.5,203.0,0.0,MODERATE RISK,MONITOR,400.326875,0.0,0.0,2
21401,26.5,53.0,106.0,113.0,0.0,MODERATE RISK,MONITOR,36.132213114754094,0.0,0.0,2
21508,26.5,119.0,172.0,181.0,0.0,MODERATE RISK,MONITOR,93.56230627306276,0.0,0.0,2
85062,26.25,81.0,133.5,153.0,0.0,MODERATE RISK,MONITOR,274.6328205128205,0.0,0.0,2
85231B,26.25,72.0,124.5,194.0,0.0,MODERATE RISK,MONITOR,202.93892307692303,0.0,0.0,2
21123,25.75,65.0,116.5,142.0,0.0,MODERATE RISK,MONITOR,175.91488372093025,0.0,0.0,2
21208,25.75,49.0,100.5,111.0,0.0,MODERATE RISK,MONITOR,177.64370078740157,0.0,0.0,2
21354,25.75,150.0,201.5,343.0,0.0,MODERATE RISK,MONITOR,514.0279816513762,0.0,0.0,2
85131A,25.75,84.0,135.5,209.0,0.0,MODERATE RISK,MONITOR,204.2462745098039,0.0,0.0,2
85231G,25.75,43.0,94.5,125.0,0.0,MODERATE RISK,MONITOR,123.39285714285714,0.0,0.0,2
21902,25.5,219.0,270.0,277.0,0.0,MODERATE RISK,MONITOR,215.72356275303645,0.0,0.0,2
22548,25.5,102.0,153.0,239.0,0.0,MODERATE RISK,MONITOR,331.55274999999995,0.0,0.0,2
22478,25.25,137.0,187.5,211.0,0.0,MODERATE RISK,MONITOR,340.0671786833856,0.0,0.0,2
22532,25.25,132.0,182.5,206.0,0.0,MODERATE RISK,MONITOR,93.64988888888888,0.0,0.0,2
16169M,25.0,213.0,263.0,337.0,0.0,MODERATE RISK,MONITOR,119.57883333333334,0.0,0.0,2
21503,25.0,91.0,141.0,196.0,0.0,MODERATE RISK,MONITOR,82.07876923076923,0.0,0.0,2
35971,25.0,117.0,167.0,215.0,0.0,MODERATE RISK,MONITOR,383.107268722467,0.0,0.0,2
21291,24.75,77.0,126.5,173.0,0.0,MODERATE RISK,MONITOR,167.5253164556962,0.0,0.0,2
22300,24.75,120.0,169.5,254.0,0.0,MODERATE RISK,MONITOR,760.5683636363635,0.0,0.0,2
22622,24.5,92.0,141.0,211.0,0.0,MODERATE RISK,MONITOR,2403.253620689655,0.0,0.0,2
22805,24.5,76.0,125.0,133.0,0.0,MODERATE RISK,MONITOR,220.8427896995708,0.0,0.0,2
72349B,24.5,68.0,117.0,157.0,0.0,MODERATE RISK,MONITOR,381.7196917808219,0.0,0.0,2
20829,24.25,171.0,219.5,257.0,0.0,MODERATE RISK,MONITOR,618.6677029702971,0.0,0.0,2
21217,24.25,58.0,106.5,139.0,0.0,MODERATE RISK,MONITOR,1614.4393430656933,0.0,0.0,2
22696,24.25,59.0,107.5,111.0,0.0,MODERATE RISK,MONITOR,250.68315254237288,0.0,0.0,2
84598,24.25,1164.0,1212.5,1930.0,0.0,MODERATE RISK,MONITOR,713.5712328767123,0.0,0.0,2
22244,24.0,152.0,200.0,235.0,0.0,MODERATE RISK,MONITOR,626.6140939597316,0.0,0.0,2
22800,24.0,54.0,102.0,156.0,0.0,MODERATE RISK,MONITOR,748.9802166064983,0.0,0.0,2
72807C,24.0,79.0,127.0,140.0,0.0,MODERATE RISK,MONITOR,742.3615384615384,0.0,0.0,2
85199L,24.0,109.0,157.0,198.0,0.0,MODERATE RISK,MONITOR,165.0,0.0,0.0,2
22604,23.5,120.0,167.0,169.0,0.0,MODERATE RISK,MONITOR,464.5703543307086,0.0,0.0,2
20828,23.25,127.0,173.5,249.0,0.0,MODERATE RISK,MONITOR,730.2627662957074,0.0,0.0,2
85016,23.25,120.0,166.5,178.0,0.0,MODERATE RISK,MONITOR,420.4802366863905,0.0,0.0,2
21987,23.0,243.0,289.0,369.0,0.0,MODERATE RISK,MONITOR,269.1562216624685,0.0,0.0,2
17084P,22.75,74.0,119.5,130.0,0.0,MODERATE RISK,MONITOR,44.75714285714285,0.0,0.0,2
21541,22.75,90.0,135.5,220.0,0.0,MODERATE RISK,MONITOR,229.2592233009709,0.0,0.0,2
22067,22.75,64.0,109.5,113.0,0.0,MODERATE RISK,MONITOR,234.50898496240603,0.0,0.0,2
22768,22.75,54.0,99.5,104.0,0.0,MODERATE RISK,MONITOR,1104.9904960835509,0.0,0.0,2
47570B,22.75,49.0,94.5,115.0,0.0,MODERATE RISK,MONITOR,1357.425550660793,0.0,0.0,2
48173C,22.75,209.0,254.5,341.0,0.0,MODERATE RISK,MONITOR,2696.9656237623763,0.0,0.0,2
85071C,22.75,98.0,143.5,166.0,0.0,MODERATE RISK,MONITOR,278.15521126760564,0.0,0.0,2
21640,22.5,72.0,117.0,121.0,0.0,MODERATE RISK,MONITOR,132.76074766355137,0.0,0.0,2
22403,22.5,82.0,127.0,138.0,0.0,MODERATE RISK,MONITOR,152.6899065420561,0.0,0.0,2
22924,22.5,109.0,154.0,187.0,0.0,MODERATE RISK,MONITOR,262.6887128712871,0.0,0.0,2
21621,22.25,171.0,215.5,263.0,0.0,MODERATE RISK,MONITOR,2446.35331055429,0.0,0.0,2
22070,22.25,45.0,89.5,91.0,0.0,MODERATE RISK,MONITOR,365.0779166666666,0.0,0.0,2
10125,22.0,82.0,126.0,206.0,0.0,MODERATE RISK,MONITOR,191.71098265895955,0.0,0.0,2
22171,22.0,119.0,163.0,217.0,0.0,MODERATE RISK,MONITOR,2112.787777777778,0.0,0.0,2
22477,22.0,146.0,190.0,319.0,0.0,MODERATE RISK,MONITOR,525.4893884892086,0.0,0.0,2
22275,21.75,49.0,92.5,131.0,0.0,MODERATE RISK,MONITOR,1163.393560371517,0.0,0.0,2
22588,21.75,145.0,188.5,300.0,0.0,MODERATE RISK,MONITOR,929.470588235294,0.0,0.0,2
22681,21.75,41.0,84.5,93.0,0.0,MODERATE RISK,MONITOR,149.66323076923078,0.0,0.0,2
22607,21.5,85.0,128.0,196.0,0.0,MODERATE RISK,MONITOR,1962.5674701986757,0.0,0.0,2
22974,21.0,79.0,121.0,162.0,0.0,MODERATE RISK,MONITOR,328.3717808219177,0.0,0.0,2
84993A,21.0,42.0,84.0,102.0,0.0,MODERATE RISK,MONITOR,54.31213483146067,0.0,0.0,2
85212,21.0,179.0,221.0,303.0,0.0,MODERATE RISK,MONITOR,221.3652892561983,0.0,0.0,2
22278,20.5,26.0,67.0,74.0,0.0,MODERATE RISK,MONITOR,498.23275,0.0,0.0,2
22779,20.5,104.0,145.0,202.0,0.0,MODERATE RISK,MONITOR,848.5094581280789,0.0,0.0,2
22980,20.5,140.0,181.0,291.0,0.0,MODERATE RISK,MONITOR,558.0022,0.0,0.0,2
21988,20.25,271.0,311.5,446.0,0.0,MODERATE RISK,MONITOR,423.9413647058823,0.0,0.0,2
22719,20.25,52.0,92.5,109.0,0.0,MODERATE RISK,MONITOR,202.0118623481781,0.0,0.0,2
21194,20.0,31.0,71.0,87.0,0.0,MODERATE RISK,MONITOR,172.8951,0.0,0.0,2
22976,20.0,44.0,84.0,124.0,0.0,MODERATE RISK,MONITOR,186.00815789473685,0.0,0.0,2
85176,20.0,154.0,194.0,318.0,0.0,MODERATE RISK,MONITOR,360.4376129032258,0.0,0.0,2
22468,19.75,73.0,112.5,118.0,0.0,MODERATE RISK,MONITOR,927.4997136038186,0.0,0.0,2
22747,19.75,132.0,171.5,279.0,0.0,MODERATE RISK,MONITOR,671.8895823095824,0.0,0.0,2
22778,19.75,34.0,73.5,87.0,0.0,MODERATE RISK,MONITOR,417.99760180995474,0.0,0.0,2
79302M,19.75,31.0,70.5,81.0,0.0,MODERATE RISK,MONITOR,299.0088990825688,0.0,0.0,2
21114,19.5,122.0,161.0,177.0,0.0,MODERATE RISK,MONITOR,318.64511764705884,0.0,0.0,2
22975,19.5,45.0,84.0,126.0,0.0,MODERATE RISK,MONITOR,194.72785714285712,0.0,0.0,2
22071,19.25,43.0,81.5,99.0,0.0,MODERATE RISK,MONITOR,379.3973333333333,0.0,0.0,2
84520B,19.25,282.0,320.5,523.0,0.0,MODERATE RISK,MONITOR,544.0197547683923,0.0,0.0,2
85032C,19.25,57.0,95.5,130.0,0.0,MODERATE RISK,MONITOR,177.03926380368097,0.0,0.0,2
85040A,19.25,42.0,80.5,117.0,0.0,MODERATE RISK,MONITOR,229.91041666666663,0.0,0.0,2
21195,19.0,73.0,111.0,137.0,0.0,MODERATE RISK,MONITOR,408.0422516556292,0.0,0.0,2
21518,19.0,41.0,79.0,84.0,0.0,MODERATE RISK,MONITOR,42.40844036697248,0.0,0.0,2
22550,19.0,67.0,105.0,168.0,0.0,MODERATE RISK,MONITOR,731.3845161290324,0.0,0.0,2
22922,19.0,128.0,166.0,276.0,0.0,MODERATE RISK,MONITOR,452.2189830508475,0.0,0.0,2
21714,18.75,166.0,203.5,360.0,0.0,MODERATE RISK,MONITOR,628.4916201117318,0.0,0.0,2
46000M,18.75,54.0,91.5,130.0,0.0,MODERATE RISK,MONITOR,201.50000000000003,0.0,0.0,2
21809,18.5,227.0,264.0,436.0,0.0,MODERATE RISK,MONITOR,539.693962264151,0.0,0.0,2
21637,18.25,115.0,151.5,169.0,0.0,MODERATE RISK,MONITOR,310.04308510638293,0.0,0.0,2
22033,18.25,45.0,81.5,94.0,0.0,MODERATE RISK,MONITOR,45.27421875,0.0,0.0,2
21431,18.0,88.0,124.0,141.0,0.0,MODERATE RISK,MONITOR,273.2339145907473,0.0,0.0,2
21866,18.0,48.0,84.0,109.0,0.0,MODERATE RISK,MONITOR,192.6098272138229,0.0,0.0,2
22081,18.0,31.0,67.0,91.0,0.0,MODERATE RISK,MONITOR,198.14286644951136,0.0,0.0,2
22252,18.0,40.0,76.0,89.0,0.0,MODERATE RISK,MONITOR,114.31220338983051,0.0,0.0,2
72802A,18.0,28.0,64.0,80.0,0.0,MODERATE RISK,MONITOR,358.6031088082902,0.0,0.0,2
21677,17.75,49.0,84.5,86.0,0.0,MODERATE RISK,MONITOR,85.73773049645389,0.0,0.0,2
21812,17.75,35.0,70.5,79.0,0.0,MODERATE RISK,MONITOR,441.2488571428572,0.0,0.0,2
22116,17.5,42.0,77.0,86.0,0.0,MODERATE RISK,MONITOR,156.7909,0.0,0.0,2
22674,17.5,97.0,132.0,218.0,0.0,MODERATE RISK,MONITOR,316.092805280528,0.0,0.0,2
22689,17.5,91.0,126.0,129.0,0.0,MODERATE RISK,MONITOR,1207.8844943820225,0.0,0.0,2
90167,17.5,184.0,219.0,249.0,0.0,MODERATE RISK,MONITOR,269.6251327433629,0.0,0.0,2
21188,17.25,32.0,66.5,94.0,0.0,MODERATE RISK,MONITOR,335.00477611940295,0.0,0.0,2
21675,17.25,36.0,70.5,102.0,0.0,MODERATE RISK,MONITOR,106.81666666666668,0.0,0.0,2
22628,17.25,82.0,116.5,153.0,0.0,MODERATE RISK,MONITOR,857.0766575342466,0.0,0.0,2
22366,17.0,110.0,144.0,200.0,0.0,MODERATE RISK,MONITOR,1809.258741258741,0.0,0.0,2
22473,17.0,47.0,81.0,114.0,0.0,MODERATE RISK,MONITOR,592.9581818181819,0.0,0.0,2
35095B,17.0,140.0,174.0,309.0,0.0,MODERATE RISK,MONITOR,190.41033898305085,0.0,0.0,2
85071B,17.0,95.0,129.0,138.0,0.0,MODERATE RISK,MONITOR,181.11678571428573,0.0,0.0,2
21828,16.75,66.0,99.5,154.0,0.0,MODERATE RISK,MONITOR,227.7685245901639,0.0,0.0,2
22332,16.75,182.0,215.5,326.0,0.0,MODERATE RISK,MONITOR,593.0948849104859,0.0,0.0,2
22636,16.75,45.0,78.5,86.0,0.0,MODERATE RISK,MONITOR,755.9483172147002,0.0,0.0,2
84596L,16.75,64.0,97.5,132.0,0.0,MODERATE RISK,MONITOR,127.4550588235294,0.0,0.0,2
22471,16.5,31.0,64.0,72.0,0.0,MODERATE RISK,MONITOR,414.2265168539325,0.0,0.0,2
22717,16.5,90.0,123.0,191.0,0.0,MODERATE RISK,MONITOR,102.99851851851852,0.0,0.0,2
21106,16.25,25.0,57.5,59.0,0.0,MODERATE RISK,MONITOR,218.5290588235294,0.0,0.0,2
21730,16.25,48.0,80.5,115.0,0.0,MODERATE RISK,MONITOR,622.8190251572328,0.0,0.0,2
22092,16.25,46.0,78.5,108.0,0.0,MODERATE RISK,MONITOR,88.06628571428571,0.0,0.0,2
22513,16.25,37.0,69.5,88.0,0.0,MODERATE RISK,MONITOR,381.693567251462,0.0,0.0,2
21112,16.0,138.0,170.0,174.0,0.0,MODERATE RISK,MONITOR,582.4041450777202,0.0,0.0,2
22361,16.0,59.0,91.0,102.0,0.0,MODERATE RISK,MONITOR,427.37419354838704,0.0,0.0,2
22538,16.0,86.0,118.0,191.0,0.0,MODERATE RISK,MONITOR,102.4293023255814,0.0,0.0,2
22635,16.0,51.0,83.0,133.0,0.0,MODERATE RISK,MONITOR,1366.5192592592591,0.0,0.0,2
21936,15.75,193.0,224.5,414.0,0.0,MODERATE RISK,MONITOR,1495.8981970260224,0.0,0.0,2
16168M,15.5,130.0,161.0,176.0,0.0,MODERATE RISK,MONITOR,104.17108910891088,0.0,0.0,2
21224,15.5,35.0,66.0,80.0,0.0,MODERATE RISK,MONITOR,100.0526645768025,0.0,0.0,2
22032,15.5,31.0,62.0,73.0,0.0,MODERATE RISK,MONITOR,33.961441441441444,0.0,0.0,2
22408,15.5,39.0,70.0,74.0,0.0,MODERATE RISK,MONITOR,107.93428571428572,0.0,0.0,2
22963,15.5,170.0,201.0,264.0,0.0,MODERATE RISK,MONITOR,280.6541317365269,0.0,0.0,2
47567B,15.5,72.0,103.0,155.0,0.0,MODERATE RISK,MONITOR,961.4994444444444,0.0,0.0,2
82616C,15.5,45.0,76.0,83.0,0.0,MODERATE RISK,MONITOR,181.7525874125874,0.0,0.0,2
21061,15.25,96.0,126.5,165.0,0.0,MODERATE RISK,MONITOR,159.93072289156626,0.0,0.0,2
84997B,15.0,16.0,46.0,51.0,0.0,MODERATE RISK,MONITOR,436.0210227272727,0.0,0.0,2
85032A,15.0,93.0,123.0,184.0,0.0,MODERATE RISK,MONITOR,234.36571428571423,0.0,0.0,2
17012B,14.5,47.0,76.0,112.0,0.0,MODERATE RISK,MONITOR,245.59111111111105,0.0,0.0,2
21788,14.5,99.0,128.0,138.0,0.0,MODERATE RISK,MONITOR,125.28383561643837,0.0,0.0,2
22200,14.5,44.0,73.0,97.0,0.0,MODERATE RISK,MONITOR,543.4345054945055,0.0,0.0,2
22246,14.5,38.0,67.0,76.0,0.0,MODERATE RISK,MONITOR,204.784,0.0,0.0,2
22360,14.5,74.0,103.0,142.0,0.0,MODERATE RISK,MONITOR,525.6315879828326,0.0,0.0,2
22611,14.5,35.0,64.0,93.0,0.0,MODERATE RISK,MONITOR,480.3357920792079,0.0,0.0,2
22680,14.5,47.0,76.0,112.0,0.0,MODERATE RISK,MONITOR,177.6540170940171,0.0,0.0,2
79190A,14.5,29.0,58.0,84.0,0.0,MODERATE RISK,MONITOR,48.49278688524589,0.0,0.0,2
22776,14.25,48.0,76.5,83.0,0.0,MODERATE RISK,MONITOR,918.4659353970392,0.0,0.0,2
22893,14.25,153.0,181.5,258.0,0.0,MODERATE RISK,MONITOR,157.55840425531915,0.0,0.0,2
84821,14.25,105.0,133.5,174.0,0.0,MODERATE RISK,MONITOR,138.85657894736843,0.0,0.0,2
21613,14.0,21.0,49.0,59.0,0.0,MODERATE RISK,MONITOR,181.6283108108108,0.0,0.0,2
21883,14.0,134.0,162.0,192.0,0.0,MODERATE RISK,MONITOR,140.97198237885462,0.0,0.0,2
22284,14.0,100.0,128.0,158.0,0.0,MODERATE RISK,MONITOR,315.18699029126213,0.0,0.0,2
22291,14.0,238.0,266.0,472.0,0.0,MODERATE RISK,MONITOR,775.2817712177122,0.0,0.0,2
16048,13.75,280.0,307.5,350.0,0.0,MODERATE RISK,MONITOR,140.89150943396226,0.0,0.0,2
21062,13.75,29.0,56.5,66.0,0.0,MODERATE RISK,MONITOR,57.25138686131388,0.0,0.0,2
21340,13.75,57.0,84.5,95.0,0.0,MODERATE RISK,MONITOR,1237.8149769585252,0.0,0.0,2
21609,13.75,67.0,94.5,96.0,0.0,MODERATE RISK,MONITOR,291.1956164383562,0.0,0.0,2
22613,13.75,120.0,147.5,186.0,0.0,MODERATE RISK,MONITOR,179.4800711743772,0.0,0.0,2
21683,13.25,45.0,71.5,107.0,0.0,MODERATE RISK,MONITOR,353.77396103896103,0.0,0.0,2
21844,13.25,116.0,142.5,211.0,0.0,MODERATE RISK,MONITOR,694.1940499040307,0.0,0.0,2
21246,13.0,18.0,44.0,51.0,0.0,MODERATE RISK,MONITOR,259.32422535211265,0.0,0.0,2
21693,13.0,28.0,54.0,62.0,0.0,MODERATE RISK,MONITOR,209.9165,0.0,0.0,2
22480,13.0,92.0,118.0,137.0,0.0,MODERATE RISK,MONITOR,174.49284644194756,0.0,0.0,2
85173,13.0,55.0,81.0,120.0,0.0,MODERATE RISK,MONITOR,348.4263157894737,0.0,0.0,2
37446,12.75,137.0,162.5,191.0,0.0,MODERATE RISK,MONITOR,353.2243990929705,0.0,0.0,2
84509A,12.75,34.0,59.5,76.0,0.0,MODERATE RISK,MONITOR,346.1148039215686,0.0,0.0,2
85040B,12.75,134.0,159.5,209.0,0.0,MODERATE RISK,MONITOR,362.9344150943396,0.0,0.0,2
85202,12.75,53.0,78.5,96.0,0.0,MODERATE RISK,MONITOR,55.65808219178082,0.0,0.0,2
16015,12.5,108.0,133.0,200.0,0.0,MODERATE RISK,MONITOR,97.4153846153846,0.0,0.0,2
85039A,12.5,81.0,106.0,136.0,0.0,MODERATE RISK,MONITOR,222.4970750988142,0.0,0.0,2
21382,12.25,64.0,88.5,105.0,0.0,MODERATE RISK,MONITOR,232.48636363636365,0.0,0.0,2
21530,12.25,35.0,59.5,67.0,0.0,MODERATE RISK,MONITOR,148.5945142857143,0.0,0.0,2
22242,12.25,200.0,224.5,355.0,0.0,MODERATE RISK,MONITOR,677.8818421052632,0.0,0.0,2
22519,12.25,89.0,113.5,144.0,0.0,MODERATE RISK,MONITOR,356.18920152091255,0.0,0.0,2
21614,12.0,92.0,116.0,126.0,0.0,MODERATE RISK,MONITOR,385.3836,0.0,0.0,2
22099,12.0,104.0,128.0,179.0,0.0,MODERATE RISK,MONITOR,228.883696369637,0.0,0.0,2
22434,12.0,134.0,158.0,160.0,0.0,MODERATE RISK,MONITOR,326.2062283737024,0.0,0.0,2
84750B,12.0,39.0,63.0,90.0,0.0,MODERATE RISK,MONITOR,216.17560975609757,0.0,0.0,2
85094,12.0,69.0,93.0,94.0,0.0,MODERATE RISK,MONITOR,79.00311926605504,0.0,0.0,2
21424,11.75,56.0,79.5,106.0,0.0,MODERATE RISK,MONITOR,497.9894039735099,0.0,0.0,2
21937,11.75,136.0,159.5,293.0,0.0,MODERATE RISK,MONITOR,1051.7875259259258,0.0,0.0,2
22121,11.75,96.0,119.5,175.0,0.0,MODERATE RISK,MONITOR,1161.6241610738257,0.0,0.0,2
22852,11.75,27.0,50.5,66.0,0.0,MODERATE RISK,MONITOR,299.94148148148145,0.0,0.0,2
84828,11.75,66.0,89.5,99.0,0.0,MODERATE RISK,MONITOR,160.24411764705883,0.0,0.0,2
21698,11.5,26.0,49.0,69.0,0.0,MODERATE RISK,MONITOR,84.98705357142856,0.0,0.0,2
22891,11.5,30.0,53.0,54.0,0.0,MODERATE RISK,MONITOR,295.34598425196856,0.0,0.0,2
48111,11.5,176.0,199.0,293.0,0.0,MODERATE RISK,MONITOR,2560.933314917127,0.0,0.0,2
82616B,11.25,33.0,55.5,88.0,0.0,MODERATE RISK,MONITOR,194.48676923076928,0.0,0.0,2
22256,11.0,68.0,90.0,143.0,0.0,MODERATE RISK,MONITOR,224.3356097560976,0.0,0.0,2
21378,10.75,48.0,69.5,96.0,0.0,MODERATE RISK,MONITOR,206.9236363636364,0.0,0.0,2
21561,10.75,66.0,87.5,135.0,0.0,MODERATE RISK,MONITOR,391.10113636363633,0.0,0.0,2
22342,10.75,50.0,71.5,83.0,0.0,MODERATE RISK,MONITOR,168.1312711864407,0.0,0.0,2
22372,10.75,16.0,37.5,41.0,0.0,MODERATE RISK,MONITOR,218.706116838488,0.0,0.0,2
84519B,10.75,31.0,52.5,73.0,0.0,MODERATE RISK,MONITOR,211.7439351851852,0.0,0.0,2
21389,10.5,65.0,86.0,132.0,0.0,MODERATE RISK,MONITOR,131.30627737226277,0.0,0.0,2
21537,10.5,29.0,50.0,68.0,0.0,MODERATE RISK,MONITOR,318.1315942028985,0.0,0.0,2
22180,10.5,18.0,39.0,44.0,0.0,MODERATE RISK,MONITOR,492.011,0.0,0.0,2
22416,10.5,93.0,114.0,137.0,0.0,MODERATE RISK,MONITOR,215.8794915254237,0.0,0.0,2
22896,10.5,79.0,100.0,123.0,0.0,MODERATE RISK,MONITOR,382.5532075471698,0.0,0.0,2
85130B,10.5,68.0,89.0,124.0,0.0,MODERATE RISK,MONITOR,210.6057831325301,0.0,0.0,2
20751,10.25,53.0,73.5,97.0,0.0,MODERATE RISK,MONITOR,224.9638832997988,0.0,0.0,2
21206,10.25,74.0,94.5,166.0,0.0,MODERATE RISK,MONITOR,308.072868852459,0.0,0.0,2
22673,10.25,61.0,81.5,109.0,0.0,MODERATE RISK,MONITOR,157.3488944723618,0.0,0.0,2
22831,10.25,52.0,72.5,123.0,0.0,MODERATE RISK,MONITOR,410.5388571428572,0.0,0.0,2
37495,10.25,40.0,60.5,66.0,0.0,MODERATE RISK,MONITOR,270.4223076923077,0.0,0.0,2
82597,10.0,49.0,69.0,73.0,0.0,MODERATE RISK,MONITOR,187.73333333333332,0.0,0.0,2
84199,10.0,35.0,55.0,62.0,0.0,MODERATE RISK,MONITOR,13.716438356164382,0.0,0.0,2
22652,9.75,368.0,387.5,621.0,0.0,MODERATE RISK,MONITOR,1181.6576842105262,0.0,0.0,2
22839,9.75,24.0,43.5,48.0,0.0,MODERATE RISK,MONITOR,858.8329411764707,0.0,0.0,2
35001G,9.75,57.0,76.5,119.0,0.0,MODERATE RISK,MONITOR,498.5655140186916,0.0,0.0,2
85114B,9.75,99.0,118.5,160.0,0.0,MODERATE RISK,MONITOR,339.3066666666667,0.0,0.0,2
21562,9.5,42.0,61.0,83.0,0.0,MODERATE RISK,MONITOR,153.60608108108107,0.0,0.0,2
22375,9.5,15.0,34.0,49.0,0.0,MODERATE RISK,MONITOR,268.8819512195122,0.0,0.0,2
37447,9.5,60.0,79.0,129.0,0.0,MODERATE RISK,MONITOR,251.13524050632915,0.0,0.0,2
47599A,9.5,215.0,234.0,253.0,0.0,MODERATE RISK,MONITOR,577.815664893617,0.0,0.0,2
21774,9.25,89.0,107.5,167.0,0.0,MODERATE RISK,MONITOR,335.0308086253369,0.0,0.0,2
22260,9.25,105.0,123.5,138.0,0.0,MODERATE RISK,MONITOR,176.85701612903225,0.0,0.0,2
85049B,9.25,73.0,91.5,97.0,0.0,MODERATE RISK,MONITOR,127.68052941176472,0.0,0.0,2
85086A,9.25,19.0,37.5,48.0,0.0,MODERATE RISK,MONITOR,55.87137254901961,0.0,0.0,2
85184C,9.25,136.0,154.5,179.0,0.0,MODERATE RISK,MONITOR,596.8724137931034,0.0,0.0,2
20671,9.0,43.0,61.0,95.0,0.0,MODERATE RISK,MONITOR,149.7944055944056,0.0,0.0,2
21262,9.0,28.0,46.0,55.0,0.0,MODERATE RISK,MONITOR,344.36824817518243,0.0,0.0,2
22977,9.0,51.0,69.0,115.0,0.0,MODERATE RISK,MONITOR,168.92852112676056,0.0,0.0,2
22514,8.75,75.0,92.5,131.0,0.0,MODERATE RISK,MONITOR,307.8054042553192,0.0,0.0,2
35810A,8.75,46.0,63.5,104.0,0.0,MODERATE RISK,MONITOR,243.80485549132948,0.0,0.0,2
84625A,8.75,41.0,58.5,92.0,0.0,MODERATE RISK,MONITOR,255.33209302325585,0.0,0.0,2
21051,8.5,39.0,56.0,72.0,0.0,MODERATE RISK,MONITOR,156.52030534351147,0.0,0.0,2
22201,8.5,40.0,57.0,80.0,0.0,MODERATE RISK,MONITOR,364.0047619047619,0.0,0.0,2
85093,8.5,86.0,103.0,119.0,0.0,MODERATE RISK,MONITOR,141.95772727272723,0.0,0.0,2
21058,8.25,83.0,99.5,119.0,0.0,MODERATE RISK,MONITOR,118.40075,0.0,0.0,2
21682,8.25,23.0,39.5,57.0,0.0,MODERATE RISK,MONITOR,300.7453246753247,0.0,0.0,2
21721,8.25,40.0,56.5,76.0,0.0,MODERATE RISK,MONITOR,86.89850340136053,0.0,0.0,2
21814,8.25,42.0,58.5,82.0,0.0,MODERATE RISK,MONITOR,149.14888888888888,0.0,0.0,2
21926,8.25,41.0,57.5,58.0,0.0,MODERATE RISK,MONITOR,92.1736,0.0,0.0,2
22183,8.25,22.0,38.5,53.0,0.0,MODERATE RISK,MONITOR,334.1218604651163,0.0,0.0,2
35965,8.25,25.0,41.5,59.0,0.0,MODERATE RISK,MONITOR,193.7762285714286,0.0,0.0,2
21421,8.0,112.0,128.0,217.0,0.0,MODERATE RISK,MONITOR,339.8737614678899,0.0,0.0,2
21557,8.0,37.0,53.0,71.0,0.0,MODERATE RISK,MONITOR,294.32642622950823,0.0,0.0,2
22231,8.0,57.0,73.0,96.0,0.0,MODERATE RISK,MONITOR,148.1228840125392,0.0,0.0,2
21125,7.75,112.0,127.5,213.0,0.0,MODERATE RISK,MONITOR,277.7950972762646,0.0,0.0,2
21381,7.75,174.0,189.5,243.0,0.0,MODERATE RISK,MONITOR,531.2227868852459,0.0,0.0,2
22085,7.75,111.0,126.5,172.0,0.0,MODERATE RISK,MONITOR,547.1063829787234,0.0,0.0,2
22133,7.75,73.0,88.5,153.0,0.0,MODERATE RISK,MONITOR,188.48297872340424,0.0,0.0,2
21947,7.5,59.0,74.0,97.0,0.0,MODERATE RISK,MONITOR,166.7825657894737,0.0,0.0,2
84581,7.5,10.0,25.0,26.0,0.0,MODERATE RISK,MONITOR,100.05483050847457,0.0,0.0,2
85049F,7.5,62.0,77.0,93.0,0.0,MODERATE RISK,MONITOR,122.0270093457944,0.0,0.0,2
20615,7.25,33.0,47.5,59.0,0.0,MODERATE RISK,MONITOR,154.89306122448977,0.0,0.0,2
21204,7.25,82.0,96.5,144.0,0.0,MODERATE RISK,MONITOR,286.2361722488038,0.0,0.0,2
21379,7.25,55.0,69.5,114.0,0.0,MODERATE RISK,MONITOR,220.8864,0.0,0.0,2
22243,7.25,342.0,356.5,585.0,0.0,MODERATE RISK,MONITOR,1109.111369193154,0.0,0.0,2
48116,7.25,169.0,183.5,202.0,0.0,MODERATE RISK,MONITOR,1773.8479919678714,0.0,0.0,2
85169D,7.25,44.0,58.5,76.0,0.0,MODERATE RISK,MONITOR,113.7352808988764,0.0,0.0,2
21039,7.0,38.0,52.0,63.0,0.0,MODERATE RISK,MONITOR,187.60150862068963,0.0,0.0,2
21676,7.0,49.0,63.0,88.0,0.0,MODERATE RISK,MONITOR,89.21761006289309,0.0,0.0,2
22148,7.0,214.0,228.0,252.0,0.0,MODERATE RISK,MONITOR,581.2935048231511,0.0,0.0,2
22222,7.0,63.0,77.0,140.0,0.0,MODERATE RISK,MONITOR,787.6172413793104,0.0,0.0,2
22323,7.0,41.0,55.0,74.0,0.0,MODERATE RISK,MONITOR,233.1,0.0,0.0,2
22449,7.0,41.0,55.0,59.0,0.0,MODERATE RISK,MONITOR,204.43312101910828,0.0,0.0,2
79191C,7.0,83.0,97.0,156.0,0.0,MODERATE RISK,MONITOR,150.3822950819672,0.0,0.0,2
17165D,6.75,54.0,67.5,77.0,0.0,MODERATE RISK,MONITOR,79.70302083333334,0.0,0.0,2
22204,6.75,42.0,55.5,58.0,0.0,MODERATE RISK,MONITOR,243.2420571428571,0.0,0.0,2
22230,6.75,83.0,96.5,144.0,0.0,MODERATE RISK,MONITOR,135.46588235294118,0.0,0.0,2
22277,6.75,60.0,73.5,86.0,0.0,MODERATE RISK,MONITOR,212.6197637795276,0.0,0.0,2
22516,6.75,73.0,86.5,138.0,0.0,MODERATE RISK,MONITOR,344.36436363636363,0.0,0.0,2
22523,6.75,88.0,101.5,102.0,0.0,MODERATE RISK,MONITOR,94.50963988919668,0.0,0.0,2
85129D,6.75,27.0,40.5,67.0,0.0,MODERATE RISK,MONITOR,126.80443786982248,0.0,0.0,2
20764,6.5,39.0,52.0,73.0,0.0,MODERATE RISK,MONITOR,304.89666666666665,0.0,0.0,2
21200,6.5,102.0,115.0,193.0,0.0,MODERATE RISK,MONITOR,389.6790625,0.0,0.0,2
22842,6.5,38.0,51.0,71.0,0.0,MODERATE RISK,MONITOR,500.9541106719368,0.0,0.0,2
72760B,6.5,50.0,63.0,98.0,0.0,MODERATE RISK,MONITOR,1058.4,0.0,0.0,2
20867,6.25,87.0,99.5,166.0,0.0,MODERATE RISK,MONITOR,229.0907096774193,0.0,0.0,2
21059,6.25,44.0,56.5,68.0,0.0,MODERATE RISK,MONITOR,61.20607142857143,0.0,0.0,2
21288,6.25,45.0,57.5,60.0,0.0,MODERATE RISK,MONITOR,200.16106194690263,0.0,0.0,2
21358,6.25,27.0,39.5,61.0,0.0,MODERATE RISK,MONITOR,78.18668161434977,0.0,0.0,2
22377,6.25,155.0,167.5,239.0,0.0,MODERATE RISK,MONITOR,589.7555328798186,0.0,0.0,2
20752,6.0,71.0,83.0,95.0,0.0,MODERATE RISK,MONITOR,225.6684210526316,0.0,0.0,2
20767,6.0,50.0,62.0,77.0,0.0,MODERATE RISK,MONITOR,206.28342541436464,0.0,0.0,2
21625,6.0,38.0,50.0,84.0,0.0,MODERATE RISK,MONITOR,687.5024999999999,0.0,0.0,2
21654,6.0,89.0,101.0,126.0,0.0,MODERATE RISK,MONITOR,161.23445783132527,0.0,0.0,2
21747,6.0,134.0,146.0,217.0,0.0,MODERATE RISK,MONITOR,311.92713375796177,0.0,0.0,2
22265,6.0,99.0,111.0,186.0,0.0,MODERATE RISK,MONITOR,142.17966101694915,0.0,0.0,2
22353,6.0,112.0,124.0,231.0,0.0,MODERATE RISK,MONITOR,725.3995833333332,0.0,0.0,2
84569D,6.0,29.0,41.0,54.0,0.0,MODERATE RISK,MONITOR,78.3,0.0,0.0,2
21466,5.75,26.0,37.5,55.0,0.0,MODERATE RISK,MONITOR,219.16304347826087,0.0,0.0,2
21470,5.75,34.0,45.5,49.0,0.0,MODERATE RISK,MONITOR,205.541472392638,0.0,0.0,2
21706,5.75,73.0,84.5,132.0,0.0,MODERATE RISK,MONITOR,684.7538223938224,0.0,0.0,2
22953,5.75,66.0,77.5,107.0,0.0,MODERATE RISK,MONITOR,147.82941666666665,0.0,0.0,2
84993B,5.75,36.0,47.5,63.0,0.0,MODERATE RISK,MONITOR,28.9653488372093,0.0,0.0,2
85025B,5.75,47.0,58.5,87.0,0.0,MODERATE RISK,MONITOR,185.24970297029705,0.0,0.0,2
21422,5.5,157.0,168.0,284.0,0.0,MODERATE RISK,MONITOR,304.8077333333333,0.0,0.0,2
82613D,5.5,71.0,82.0,128.0,0.0,MODERATE RISK,MONITOR,215.5247058823529,0.0,0.0,2
20886,5.25,54.0,64.5,107.0,0.0,MODERATE RISK,MONITOR,255.28359872611463,0.0,0.0,2
21867,5.25,37.0,47.5,55.0,0.0,MODERATE RISK,MONITOR,84.59950166112958,0.0,0.0,2
22084,5.25,345.0,355.5,524.0,0.0,MODERATE RISK,MONITOR,1713.9944727272728,0.0,0.0,2
22515,5.25,70.0,80.5,128.0,0.0,MODERATE RISK,MONITOR,313.1252582159625,0.0,0.0,2
84913A,5.25,15.0,25.5,32.0,0.0,MODERATE RISK,MONITOR,115.53203007518798,0.0,0.0,2
21455,5.0,43.0,53.0,74.0,0.0,MODERATE RISK,MONITOR,69.12797687861271,0.0,0.0,2
21695,5.0,22.0,32.0,51.0,0.0,MODERATE RISK,MONITOR,184.6695145631068,0.0,0.0,2
22241,5.0,218.0,228.0,362.0,0.0,MODERATE RISK,MONITOR,572.857520661157,0.0,0.0,2
22949,5.0,170.0,180.0,199.0,0.0,MODERATE RISK,MONITOR,344.7564444444444,0.0,0.0,2
82613C,5.0,53.0,63.0,81.0,0.0,MODERATE RISK,MONITOR,140.07857142857142,0.0,0.0,2
21775,4.75,33.0,42.5,75.0,0.0,MODERATE RISK,MONITOR,150.30535714285716,0.0,0.0,2
22320,4.75,21.0,30.5,48.0,0.0,MODERATE RISK,MONITOR,297.0745263157895,0.0,0.0,2
72801C,4.75,94.0,103.5,159.0,0.0,MODERATE RISK,MONITOR,217.1884210526316,0.0,0.0,2
84559A,4.75,41.0,50.5,90.0,0.0,MODERATE RISK,MONITOR,96.04285714285714,0.0,0.0,2
85216,4.75,134.0,143.5,180.0,0.0,MODERATE RISK,MONITOR,358.959375,0.0,0.0,2
20681,4.5,42.0,51.0,84.0,0.0,MODERATE RISK,MONITOR,321.1568715083799,0.0,0.0,2
21826,4.5,80.0,89.0,120.0,0.0,MODERATE RISK,MONITOR,174.71249999999998,0.0,0.0,2
21913,4.5,50.0,59.0,108.0,0.0,MODERATE RISK,MONITOR,469.0060927152318,0.0,0.0,2
22444,4.5,411.0,420.0,683.0,0.0,MODERATE RISK,MONITOR,1074.035939524838,0.0,0.0,2
22843,4.5,34.0,43.0,48.0,0.0,MODERATE RISK,MONITOR,342.8916062176166,0.0,0.0,2
22937,4.5,55.0,64.0,66.0,0.0,MODERATE RISK,MONITOR,192.529156626506,0.0,0.0,2
84884A,4.5,79.0,88.0,99.0,0.0,MODERATE RISK,MONITOR,448.6060063897764,0.0,0.0,2
18098C,4.25,66.0,74.5,123.0,0.0,MODERATE RISK,MONITOR,401.79159836065577,0.0,0.0,2
21205,4.25,27.0,35.5,59.0,0.0,MODERATE RISK,MONITOR,171.69383116883117,0.0,0.0,2
21878,4.25,280.0,288.5,424.0,0.0,MODERATE RISK,MONITOR,448.3107021791768,0.0,0.0,2
22305,4.25,150.0,158.5,260.0,0.0,MODERATE RISK,MONITOR,725.2429530201342,0.0,0.0,2
22317,4.25,20.0,28.5,44.0,0.0,MODERATE RISK,MONITOR,161.71571428571428,0.0,0.0,2
22354,4.25,58.0,66.5,84.0,0.0,MODERATE RISK,MONITOR,356.27494736842107,0.0,0.0,2
37461,4.25,86.0,94.5,125.0,0.0,MODERATE RISK,MONITOR,200.7860824742268,0.0,0.0,2
20735,4.0,91.0,99.0,174.0,0.0,MODERATE RISK,MONITOR,209.7044554455445,0.0,0.0,2
20771,4.0,50.0,58.0,101.0,0.0,MODERATE RISK,MONITOR,259.3479432624114,0.0,0.0,2
21391,4.0,72.0,80.0,94.0,0.0,MODERATE RISK,MONITOR,176.247374301676,0.0,0.0,2
21700,4.0,144.0,152.0,260.0,0.0,MODERATE RISK,MONITOR,835.4617977528089,0.0,0.0,2
22136,4.0,87.0,95.0,170.0,0.0,MODERATE RISK,MONITOR,354.32234432234435,0.0,0.0,2
21357,3.75,76.0,83.5,148.0,0.0,MODERATE RISK,MONITOR,224.9054377880184,0.0,0.0,2
22536,3.75,300.0,307.5,576.0,0.0,MODERATE RISK,MONITOR,262.2485106382979,0.0,0.0,2
35924,3.75,84.0,91.5,153.0,0.0,MODERATE RISK,MONITOR,413.2130541871921,0.0,0.0,2
85116,3.75,90.0,97.5,170.0,0.0,MODERATE RISK,MONITOR,266.2070652173913,0.0,0.0,2
20960,3.5,92.0,99.0,127.0,0.0,MODERATE RISK,MONITOR,210.4646330275229,0.0,0.0,2
22498,3.5,44.0,51.0,83.0,0.0,MODERATE RISK,MONITOR,568.1425848563969,0.0,0.0,2
22894,3.5,32.0,39.0,70.0,0.0,MODERATE RISK,MONITOR,683.465641025641,0.0,0.0,2
84569A,3.5,18.0,25.0,39.0,0.0,MODERATE RISK,MONITOR,52.88060869565218,0.0,0.0,2
85170D,3.5,41.0,48.0,79.0,0.0,MODERATE RISK,MONITOR,222.6525806451613,0.0,0.0,2
21100,3.25,185.0,191.5,257.0,0.0,MODERATE RISK,MONITOR,570.9995985401459,0.0,0.0,2
21221,3.25,22.0,28.5,32.0,0.0,MODERATE RISK,MONITOR,47.91626168224299,0.0,0.0,2
15044C,3.0,35.0,41.0,72.0,0.0,MODERATE RISK,MONITOR,273.88372881355934,0.0,0.0,2
20941,3.0,99.0,105.0,138.0,0.0,MODERATE RISK,MONITOR,240.9586153846153,0.0,0.0,2
22292,3.0,167.0,173.0,329.0,0.0,MODERATE RISK,MONITOR,526.5875877192983,0.0,0.0,2
48188,3.0,215.0,221.0,311.0,0.0,MODERATE RISK,MONITOR,2642.051022727273,0.0,0.0,2
22451,2.75,71.0,76.5,90.0,0.0,MODERATE RISK,MONITOR,343.4560975609756,0.0,0.0,2
85130D,2.75,56.0,61.5,87.0,0.0,MODERATE RISK,MONITOR,154.99445454545454,0.0,0.0,2
85170C,2.75,37.0,42.5,62.0,0.0,MODERATE RISK,MONITOR,173.1751851851852,0.0,0.0,2
20686,2.5,18.0,23.0,27.0,0.0,MODERATE RISK,MONITOR,99.68316062176166,0.0,0.0,2
21244,2.5,127.0,132.0,196.0,0.0,MODERATE RISK,MONITOR,381.14923413566737,0.0,0.0,2
21465,2.5,52.0,57.0,59.0,0.0,MODERATE RISK,MONITOR,237.7166489361702,0.0,0.0,2
21723,2.5,27.0,32.0,49.0,0.0,MODERATE RISK,MONITOR,50.45198529411764,0.0,0.0,2
22250,2.5,56.0,61.0,111.0,0.0,MODERATE RISK,MONITOR,125.87568181818182,0.0,0.0,2
35004C,2.5,119.0,124.0,174.0,0.0,MODERATE RISK,MONITOR,1310.891658031088,0.0,0.0,2
82613B,2.5,46.0,51.0,90.0,0.0,MODERATE RISK,MONITOR,154.464,0.0,0.0,2
21469,2.25,58.0,62.5,113.0,0.0,MODERATE RISK,MONITOR,447.16699530516433,0.0,0.0,2
21743,2.25,78.0,82.5,148.0,0.0,MODERATE RISK,MONITOR,523.5928421052632,0.0,0.0,2
20702,2.0,24.0,28.0,52.0,0.0,MODERATE RISK,MONITOR,223.7023622047244,0.0,0.0,2
22247,2.0,72.0,76.0,98.0,0.0,MODERATE RISK,MONITOR,102.33702127659572,0.0,0.0,2
22249,2.0,64.0,68.0,118.0,0.0,MODERATE RISK,MONITOR,122.52096385542168,0.0,0.0,2
84968C,2.0,42.0,46.0,48.0,0.0,MODERATE RISK,MONITOR,716.3727835051546,0.0,0.0,2
85017A,2.0,124.0,128.0,237.0,0.0,MODERATE RISK,MONITOR,195.9786857142857,0.0,0.0,2
22270,1.75,39.0,42.5,52.0,0.0,MODERATE RISK,MONITOR,219.54084848484848,0.0,0.0,2
51008,1.75,192.0,195.5,249.0,0.0,MODERATE RISK,MONITOR,845.8676470588235,0.0,0.0,2
20966,1.5,121.0,124.0,145.0,0.0,MODERATE RISK,MONITOR,260.7304705882353,0.0,0.0,2
22497,1.5,33.0,36.0,45.0,0.0,MODERATE RISK,MONITOR,236.1063829787234,0.0,0.0,2
22526,1.5,32.0,35.0,60.0,0.0,MODERATE RISK,MONITOR,814.1194444444444,0.0,0.0,2
17038,1.25,133.0,135.5,259.0,0.0,MODERATE RISK,MONITOR,111.13454545454545,0.0,0.0,2
22443,1.25,30.0,32.5,39.0,0.0,MODERATE RISK,MONITOR,329.85591078066915,0.0,0.0,2
22264,1.0,201.0,203.0,359.0,0.0,MODERATE RISK,MONITOR,381.5536470588235,0.0,0.0,2
85042,0.75,120.0,121.5,232.0,0.0,MODERATE RISK,MONITOR,1141.1670588235295,0.0,0.0,2
21622,0.25,179.0,179.5,186.0,0.0,MODERATE RISK,MONITOR,1081.43093990755,0.0,0.0,2
84459A,-3.75,72.0,64.5,112.0,0.0,MODERATE RISK,MONITOR,259.7381818181818,0.0,0.0,2
21668,35.5,184.0,255.0,666.0,0.0,POTENTIAL OVERSTOCK,POTENTIAL OVERSTOCK,1089.7730414201185,0.0,46.63443195266272,2
21672,33.0,192.0,258.0,715.0,0.0,POTENTIAL OVERSTOCK,POTENTIAL OVERSTOCK,1139.7014371257485,0.0,111.5791616766467,2
22052,12.5,98.0,123.0,358.0,0.0,POTENTIAL OVERSTOCK,POTENTIAL OVERSTOCK,149.69907692307692,0.0,21.11676923076923,2
21720,8.75,57.0,74.5,191.0,0.0,POTENTIAL OVERSTOCK,POTENTIAL OVERSTOCK,196.3412389380531,0.0,4.88283185840708,2
22855,8.25,189.0,205.5,537.0,0.0,POTENTIAL OVERSTOCK,POTENTIAL OVERSTOCK,788.3135253456221,0.0,34.13089285714286,2
22820,7.25,71.0,85.5,222.0,0.0,POTENTIAL OVERSTOCK,POTENTIAL OVERSTOCK,141.18803571428575,0.0,5.246852678571429,2
22729,6.0,114.0,126.0,336.0,0.0,POTENTIAL OVERSTOCK,POTENTIAL OVERSTOCK,1495.8152112676055,0.0,93.48845070422534,2
21870,5.25,142.0,152.5,407.0,0.0,POTENTIAL OVERSTOCK,POTENTIAL OVERSTOCK,622.129463190184,0.0,39.36077070552147,2
21041,4.75,91.0,100.5,279.0,0.0,POTENTIAL OVERSTOCK,POTENTIAL OVERSTOCK,1133.5728358208955,0.0,112.74783582089552,2
21272,4.75,71.0,80.5,225.0,0.0,POTENTIAL OVERSTOCK,POTENTIAL OVERSTOCK,367.4591690544413,0.0,38.78735673352436,2
22583,4.75,51.0,60.5,159.0,0.0,POTENTIAL OVERSTOCK,POTENTIAL OVERSTOCK,472.4422888283379,0.0,23.027847411444142,2
22073,4.5,43.0,52.0,157.0,0.0,POTENTIAL OVERSTOCK,POTENTIAL OVERSTOCK,717.9076504854369,0.0,123.46182524271843,2
22198,3.75,251.0,258.5,741.0,0.0,POTENTIAL OVERSTOCK,POTENTIAL OVERSTOCK,1502.449944134078,0.0,192.1148882681564,2
21911,3.25,128.0,134.5,372.0,0.0,POTENTIAL OVERSTOCK,POTENTIAL OVERSTOCK,760.1486705202312,0.0,73.05192196531792,2
20665,2.75,25.0,30.5,77.0,0.0,POTENTIAL OVERSTOCK,POTENTIAL OVERSTOCK,292.776186440678,0.0,2.8517161016949157,2
21448,2.0,34.0,38.0,100.0,0.0,POTENTIAL OVERSTOCK,POTENTIAL OVERSTOCK,187.8046511627907,0.0,9.390232558139534,2
21432,1.5,39.0,42.0,115.0,0.0,POTENTIAL OVERSTOCK,POTENTIAL OVERSTOCK,700.252620967742,0.0,60.89153225806452,2
21578,1.5,49.0,52.0,159.0,0.0,POTENTIAL OVERSTOCK,POTENTIAL OVERSTOCK,414.2915503875969,0.0,75.56260981912145,2
22035,1.5,70.0,73.0,208.0,0.0,POTENTIAL OVERSTOCK,POTENTIAL OVERSTOCK,115.10479338842975,0.0,14.111404958677689,2
21363,1.0,22.0,24.0,62.0,0.0,POTENTIAL OVERSTOCK,POTENTIAL OVERSTOCK,368.4290384615385,0.0,11.884807692307692,2
22248,0.5,41.0,42.0,117.0,0.0,POTENTIAL OVERSTOCK,POTENTIAL OVERSTOCK,124.8685714285714,0.0,12.807032967032963,2
22276,0.5,68.0,69.0,177.0,0.0,POTENTIAL OVERSTOCK,POTENTIAL OVERSTOCK,532.294894736842,0.0,13.532921052631576,2
85232B,-1.5,137.0,134.0,354.0,0.0,POTENTIAL OVERSTOCK,POTENTIAL OVERSTOCK,2027.206993006993,0.0,108.80489510489512,2
21645,-2.5,68.0,63.0,158.0,0.0,POTENTIAL OVERSTOCK,POTENTIAL OVERSTOCK,290.7085507246377,0.0,0.919963768115942,2
85099B,795.25,1123.0,2713.5,4033.0,0.0,SUFFICIENT STOCK,SUFFICIENT STOCK,9361.398427047989,0.0,0.0,2
21212,394.25,1153.0,1941.5,4347.0,0.0,SUFFICIENT STOCK,SUFFICIENT STOCK,3070.873060143347,0.0,0.0,2
22909,372.25,794.0,1538.5,2545.0,0.0,SUFFICIENT STOCK,SUFFICIENT STOCK,2480.179210992908,0.0,0.0,2
22867,348.0,667.0,1363.0,2156.0,0.0,SUFFICIENT STOCK,SUFFICIENT STOCK,5117.432680695335,0.0,0.0,2
20725,341.25,403.0,1085.5,1668.0,0.0,SUFFICIENT STOCK,SUFFICIENT STOCK,3405.8928832807574,0.0,0.0,2
22740,313.5,670.0,1297.0,2118.0,0.0,SUFFICIENT STOCK,SUFFICIENT STOCK,2301.161262458472,0.0,0.0,2
21915,302.25,1212.0,1816.5,3191.0,0.0,SUFFICIENT STOCK,SUFFICIENT STOCK,4457.515831739962,0.0,0.0,2
85099C,300.75,423.0,1024.5,1794.0,0.0,SUFFICIENT STOCK,SUFFICIENT STOCK,4308.697621283255,0.0,0.0,2
22998,295.0,556.0,1146.0,1927.0,0.0,SUFFICIENT STOCK,SUFFICIENT STOCK,955.3216575591986,0.0,0.0,2
22470,290.25,544.0,1124.5,1716.0,0.0,SUFFICIENT STOCK,SUFFICIENT STOCK,5506.657619047619,0.0,0.0,2
22629,290.25,409.0,989.5,1655.0,0.0,SUFFICIENT STOCK,SUFFICIENT STOCK,3586.265003589375,0.0,0.0,2
17003,251.5,3560.0,4063.0,8635.0,0.0,SUFFICIENT STOCK,SUFFICIENT STOCK,5781.390811965813,0.0,0.0,2
22693,218.0,1274.0,1710.0,3079.0,0.0,SUFFICIENT STOCK,SUFFICIENT STOCK,4501.096770538244,0.0,0.0,2
21931,203.75,301.0,708.5,1166.0,0.0,SUFFICIENT STOCK,SUFFICIENT STOCK,2944.223302598491,0.0,0.0,2
22741,200.0,248.0,648.0,905.0,0.0,SUFFICIENT STOCK,SUFFICIENT STOCK,992.9929054054052,0.0,0.0,2
22630,199.75,439.0,838.5,1403.0,0.0,SUFFICIENT STOCK,SUFFICIENT STOCK,3222.677677136596,0.0,0.0,2
22151,194.25,480.0,868.5,1659.0,0.0,SUFFICIENT STOCK,SUFFICIENT STOCK,888.3799865410498,0.0,0.0,2
21080,185.75,401.0,772.5,1746.0,0.0,SUFFICIENT STOCK,SUFFICIENT STOCK,1797.0102722658053,0.0,0.0,2
23230,175.0,332.0,682.0,1033.0,0.0,SUFFICIENT STOCK,SUFFICIENT STOCK,431.1689915966387,0.0,0.0,2
20972,166.25,361.0,693.5,1122.0,0.0,SUFFICIENT STOCK,SUFFICIENT STOCK,1573.2003377902886,0.0,0.0,2
22734,166.25,858.0,1190.5,2061.0,0.0,SUFFICIENT STOCK,SUFFICIENT STOCK,6721.694537275064,0.0,0.0,2
22077,164.25,271.0,599.5,1066.0,0.0,SUFFICIENT STOCK,SUFFICIENT STOCK,2245.762094707521,0.0,0.0,2
84970S,164.0,376.0,704.0,1364.0,0.0,SUFFICIENT STOCK,SUFFICIENT STOCK,1483.830414364641,0.0,0.0,2
22383,163.75,333.0,660.5,1239.0,0.0,SUFFICIENT STOCK,SUFFICIENT STOCK,2565.5382617504056,0.0,0.0,2
20914,160.25,322.0,642.5,1125.0,0.0,SUFFICIENT STOCK,SUFFICIENT STOCK,3612.385465116279,0.0,0.0,2
22385,160.25,351.0,671.5,1157.0,0.0,SUFFICIENT STOCK,SUFFICIENT STOCK,2817.144799370574,0.0,0.0,2
84978,156.25,275.0,587.5,905.0,0.0,SUFFICIENT STOCK,SUFFICIENT STOCK,1359.2420187793423,0.0,0.0,2
21231,155.5,373.0,684.0,1253.0,0.0,SUFFICIENT STOCK,SUFFICIENT STOCK,1862.007075173721,0.0,0.0,2
85099F,153.0,607.0,913.0,1782.0,0.0,SUFFICIENT STOCK,SUFFICIENT STOCK,4078.9087100213214,0.0,0.0,2
21500,150.0,239.0,539.0,789.0,0.0,SUFFICIENT STOCK,SUFFICIENT STOCK,328.525487804878,0.0,0.0,2
22697,146.0,156.0,448.0,646.0,0.0,SUFFICIENT STOCK,SUFFICIENT STOCK,2420.484371047084,0.0,0.0,2
21975,144.0,558.0,846.0,1640.0,0.0,SUFFICIENT STOCK,SUFFICIENT STOCK,1032.781695423856,0.0,0.0,2
21928,140.5,414.0,695.0,1141.0,0.0,SUFFICIENT STOCK,SUFFICIENT STOCK,2814.6260444444447,0.0,0.0,2
84212,140.0,953.0,1233.0,2441.0,0.0,SUFFICIENT STOCK,SUFFICIENT STOCK,2056.301899641577,0.0,0.0,2
21213,129.0,697.0,955.0,1976.0,0.0,SUFFICIENT STOCK,SUFFICIENT STOCK,1463.5241379310346,0.0,0.0,2
20712,128.25,291.0,547.5,997.0,0.0,SUFFICIENT STOCK,SUFFICIENT STOCK,2720.761977869986,0.0,0.0,2
84270,124.75,923.0,1172.5,2584.0,0.0,SUFFICIENT STOCK,SUFFICIENT STOCK,638.7241407867494,0.0,0.0,2
20726,124.5,452.0,701.0,1283.0,0.0,SUFFICIENT STOCK,SUFFICIENT STOCK,2697.9850754527165,0.0,0.0,2
22328,124.0,401.0,649.0,1100.0,0.0,SUFFICIENT STOCK,SUFFICIENT STOCK,3505.6593959731545,0.0,0.0,2
85175,124.0,286.0,534.0,933.0,0.0,SUFFICIENT STOCK,SUFFICIENT STOCK,958.3710526315788,0.0,0.0,2
22698,118.75,194.0,431.5,629.0,0.0,SUFFICIENT STOCK,SUFFICIENT STOCK,2300.553020257827,0.0,0.0,2
22662,117.75,227.0,462.5,894.0,0.0,SUFFICIENT STOCK,SUFFICIENT STOCK,1713.1594285714284,0.0,0.0,2
22600,113.75,202.0,429.5,670.0,0.0,SUFFICIENT STOCK,SUFFICIENT STOCK,675.2043280182231,0.0,0.0,2
20974,109.5,276.0,495.0,868.0,0.0,SUFFICIENT STOCK,SUFFICIENT STOCK,647.4610747663552,0.0,0.0,2
21314,107.25,264.0,478.5,818.0,0.0,SUFFICIENT STOCK,SUFFICIENT STOCK,2234.8549298245616,0.0,0.0,2
22155,107.0,259.0,473.0,809.0,0.0,SUFFICIENT STOCK,SUFFICIENT STOCK,453.35636871508376,0.0,0.0,2
21154,99.25,179.0,377.5,570.0,0.0,SUFFICIENT STOCK,SUFFICIENT STOCK,1006.0899676375404,0.0,0.0,2
21908,96.25,258.0,450.5,795.0,0.0,SUFFICIENT STOCK,SUFFICIENT STOCK,1954.7092705167167,0.0,0.0,2
21172,96.0,143.0,335.0,500.0,0.0,SUFFICIENT STOCK,SUFFICIENT STOCK,954.5271629778672,0.0,0.0,2
22951,95.25,362.0,552.5,1071.0,0.0,SUFFICIENT STOCK,SUFFICIENT STOCK,718.6096456086286,0.0,0.0,2
21499,93.75,231.0,418.5,854.0,0.0,SUFFICIENT STOCK,SUFFICIENT STOCK,355.57454545454544,0.0,0.0,2
22602,92.5,230.0,415.0,664.0,0.0,SUFFICIENT STOCK,SUFFICIENT STOCK,683.968115942029,0.0,0.0,2
22603,92.0,226.0,410.0,642.0,0.0,SUFFICIENT STOCK,SUFFICIENT STOCK,661.6793969849247,0.0,0.0,2
22161,89.5,232.0,411.0,657.0,0.0,SUFFICIENT STOCK,SUFFICIENT STOCK,458.77923529411765,0.0,0.0,2
22667,89.25,153.0,331.5,507.0,0.0,SUFFICIENT STOCK,SUFFICIENT STOCK,1514.4135267857143,0.0,0.0,2
22379,86.5,350.0,523.0,1201.0,0.0,SUFFICIENT STOCK,SUFFICIENT STOCK,3477.5932558139534,0.0,0.0,2
21671,86.0,199.0,371.0,696.0,0.0,SUFFICIENT STOCK,SUFFICIENT STOCK,1117.1542399999998,0.0,0.0,2
22907,82.5,209.0,374.0,774.0,0.0,SUFFICIENT STOCK,SUFFICIENT STOCK,752.121,0.0,0.0,2
16156S,81.25,376.0,538.5,928.0,0.0,SUFFICIENT STOCK,SUFFICIENT STOCK,385.4498578199052,0.0,0.0,2
22569,79.25,181.0,339.5,526.0,0.0,SUFFICIENT STOCK,SUFFICIENT STOCK,2200.598120300752,0.0,0.0,2
22631,76.75,156.0,309.5,570.0,0.0,SUFFICIENT STOCK,SUFFICIENT STOCK,1419.5762114537445,0.0,0.0,2
22819,74.75,98.0,247.5,364.0,0.0,SUFFICIENT STOCK,SUFFICIENT STOCK,175.70972809667674,0.0,0.0,2
22694,69.75,206.0,345.5,621.0,0.0,SUFFICIENT STOCK,SUFFICIENT STOCK,1488.66006833713,0.0,0.0,2
22488,68.75,114.0,251.5,468.0,0.0,SUFFICIENT STOCK,SUFFICIENT STOCK,914.3182608695652,0.0,0.0,2
21429,65.75,156.0,287.5,529.0,0.0,SUFFICIENT STOCK,SUFFICIENT STOCK,1109.7016844143272,0.0,0.0,2
16218,61.25,277.0,399.5,687.0,0.0,SUFFICIENT STOCK,SUFFICIENT STOCK,311.6736734693878,0.0,0.0,2
21544,60.5,192.0,313.0,537.0,0.0,SUFFICIENT STOCK,SUFFICIENT STOCK,560.6553228962817,0.0,0.0,2
22027,59.5,181.0,300.0,673.0,0.0,SUFFICIENT STOCK,SUFFICIENT STOCK,351.0159953161592,0.0,0.0,2
62018,54.75,545.0,654.5,1439.0,0.0,SUFFICIENT STOCK,SUFFICIENT STOCK,2583.96811023622,0.0,0.0,2
22303,53.5,113.0,220.0,381.0,0.0,SUFFICIENT STOCK,SUFFICIENT STOCK,1034.3881690140845,0.0,0.0,2
84997A,52.5,128.0,233.0,376.0,0.0,SUFFICIENT STOCK,SUFFICIENT STOCK,1553.821569282137,0.0,0.0,2
22219,51.25,158.0,260.5,548.0,0.0,SUFFICIENT STOCK,SUFFICIENT STOCK,621.0899659863944,0.0,0.0,2
21086,51.0,340.0,442.0,912.0,0.0,SUFFICIENT STOCK,SUFFICIENT STOCK,814.4542657342657,0.0,0.0,2
15056N,50.5,304.0,405.0,914.0,0.0,SUFFICIENT STOCK,SUFFICIENT STOCK,6208.808030160227,0.0,0.0,2
22614,50.0,121.0,221.0,382.0,0.0,SUFFICIENT STOCK,SUFFICIENT STOCK,159.30105540897094,0.0,0.0,2
21519,49.5,119.0,218.0,343.0,0.0,SUFFICIENT STOCK,SUFFICIENT STOCK,171.87563734290848,0.0,0.0,2
21559,47.75,124.0,219.5,374.0,0.0,SUFFICIENT STOCK,SUFFICIENT STOCK,1136.8114694201745,0.0,0.0,2
22892,46.5,122.0,215.0,421.0,0.0,SUFFICIENT STOCK,SUFFICIENT STOCK,551.8430696202531,0.0,0.0,2
48194,46.25,249.0,341.5,695.0,0.0,SUFFICIENT STOCK,SUFFICIENT STOCK,5964.638198529412,0.0,0.0,2
21803,46.0,198.0,290.0,620.0,0.0,SUFFICIENT STOCK,SUFFICIENT STOCK,289.9795665634675,0.0,0.0,2
22024,44.0,105.0,193.0,344.0,0.0,SUFFICIENT STOCK,SUFFICIENT STOCK,191.60488687782805,0.0,0.0,2
22851,43.0,191.0,277.0,523.0,0.0,SUFFICIENT STOCK,SUFFICIENT STOCK,498.0599253731343,0.0,0.0,2
22080,42.0,83.0,167.0,277.0,0.0,SUFFICIENT STOCK,SUFFICIENT STOCK,531.7296204933587,0.0,0.0,2
21238,41.75,152.0,235.5,508.0,0.0,SUFFICIENT STOCK,SUFFICIENT STOCK,516.1497326203208,0.0,0.0,2
22716,41.5,91.0,174.0,306.0,0.0,SUFFICIENT STOCK,SUFFICIENT STOCK,157.7949107142857,0.0,0.0,2
22381,41.0,205.0,287.0,502.0,0.0,SUFFICIENT STOCK,SUFFICIENT STOCK,1366.3087600356823,0.0,0.0,2
22266,40.5,202.0,283.0,487.0,0.0,SUFFICIENT STOCK,SUFFICIENT STOCK,333.5100581395349,0.0,0.0,2
21292,40.0,165.0,245.0,441.0,0.0,SUFFICIENT STOCK,SUFFICIENT STOCK,359.415,0.0,0.0,2
21801,40.0,171.0,251.0,478.0,0.0,SUFFICIENT STOCK,SUFFICIENT STOCK,218.74015384615387,0.0,0.0,2
22625,40.0,52.0,132.0,192.0,0.0,SUFFICIENT STOCK,SUFFICIENT STOCK,1861.4923995880536,0.0,0.0,2
22507,38.25,221.0,297.5,566.0,0.0,SUFFICIENT STOCK,SUFFICIENT STOCK,3354.357245901639,0.0,0.0,2
15039,38.0,205.0,281.0,507.0,0.0,SUFFICIENT STOCK,SUFFICIENT STOCK,578.51625,0.0,0.0,2
22709,37.5,147.0,222.0,420.0,0.0,SUFFICIENT STOCK,SUFFICIENT STOCK,174.35384615384615,0.0,0.0,2
22575,36.75,203.0,276.5,530.0,0.0,SUFFICIENT STOCK,SUFFICIENT STOCK,1106.6702857142857,0.0,0.0,2
21899,36.0,216.0,288.0,550.0,0.0,SUFFICIENT STOCK,SUFFICIENT STOCK,444.9292452830189,0.0,0.0,2
22766,36.0,189.0,261.0,516.0,0.0,SUFFICIENT STOCK,SUFFICIENT STOCK,1639.06430075188,0.0,0.0,2
21673,35.75,188.0,259.5,473.0,0.0,SUFFICIENT STOCK,SUFFICIENT STOCK,771.014381443299,0.0,0.0,2
21875,35.25,343.0,413.5,827.0,0.0,SUFFICIENT STOCK,SUFFICIENT STOCK,1398.0765023474178,0.0,0.0,2
21868,35.0,220.0,290.0,636.0,0.0,SUFFICIENT STOCK,SUFFICIENT STOCK,1020.7349182115594,0.0,0.0,2
21907,34.25,86.0,154.5,300.0,0.0,SUFFICIENT STOCK,SUFFICIENT STOCK,684.8335467349552,0.0,0.0,2
22995,34.0,93.0,161.0,265.0,0.0,SUFFICIENT STOCK,SUFFICIENT STOCK,143.25645756457564,0.0,0.0,2
22714,33.5,178.0,245.0,501.0,0.0,SUFFICIENT STOCK,SUFFICIENT STOCK,268.745785123967,0.0,0.0,2
21390,33.25,226.0,292.5,529.0,0.0,SUFFICIENT STOCK,SUFFICIENT STOCK,771.8535632183908,0.0,0.0,2
21989,32.25,261.0,325.5,694.0,0.0,SUFFICIENT STOCK,SUFFICIENT STOCK,748.7164210526315,0.0,0.0,2
22586,32.25,60.0,124.5,187.0,0.0,SUFFICIENT STOCK,SUFFICIENT STOCK,187.23529801324503,0.0,0.0,2
22713,32.25,217.0,281.5,641.0,0.0,SUFFICIENT STOCK,SUFFICIENT STOCK,359.0289247311828,0.0,0.0,2
22567,31.75,194.0,257.5,559.0,0.0,SUFFICIENT STOCK,SUFFICIENT STOCK,811.8185,0.0,0.0,2
22048,31.25,77.0,139.5,217.0,0.0,SUFFICIENT STOCK,SUFFICIENT STOCK,90.9714563106796,0.0,0.0,2
22705,31.25,85.0,147.5,244.0,0.0,SUFFICIENT STOCK,SUFFICIENT STOCK,102.48,0.0,0.0,2
22676,30.5,54.0,115.0,195.0,0.0,SUFFICIENT STOCK,SUFFICIENT STOCK,310.573786407767,0.0,0.0,2
22774,30.5,129.0,190.0,414.0,0.0,SUFFICIENT STOCK,SUFFICIENT STOCK,641.3057142857143,0.0,0.0,2
22456,30.25,168.0,228.5,413.0,0.0,SUFFICIENT STOCK,SUFFICIENT STOCK,2568.404724409449,0.0,0.0,2
21385,29.25,248.0,306.5,590.0,0.0,SUFFICIENT STOCK,SUFFICIENT STOCK,618.3398876404494,0.0,0.0,2
22352,29.25,116.0,174.5,365.0,0.0,SUFFICIENT STOCK,SUFFICIENT STOCK,1140.420087719298,0.0,0.0,2
22746,29.0,151.0,209.0,384.0,0.0,SUFFICIENT STOCK,SUFFICIENT STOCK,933.33445026178,0.0,0.0,2
22972,28.75,73.0,130.5,260.0,0.0,SUFFICIENT STOCK,SUFFICIENT STOCK,514.2634920634921,0.0,0.0,2
20717,28.5,149.0,206.0,403.0,0.0,SUFFICIENT STOCK,SUFFICIENT STOCK,641.084025974026,0.0,0.0,2
40001,28.5,117.0,174.0,330.0,0.0,SUFFICIENT STOCK,SUFFICIENT STOCK,339.49999999999994,0.0,0.0,2
21755,28.25,70.0,126.5,197.0,0.0,SUFFICIENT STOCK,SUFFICIENT STOCK,1315.0700288850376,0.0,0.0,2
21745,27.0,88.0,142.0,237.0,0.0,SUFFICIENT STOCK,SUFFICIENT STOCK,936.6623030303032,0.0,0.0,2
22917,26.5,95.0,148.0,252.0,0.0,SUFFICIENT STOCK,SUFFICIENT STOCK,215.9064566929134,0.0,0.0,2
22962,25.75,211.0,262.5,476.0,0.0,SUFFICIENT STOCK,SUFFICIENT STOCK,494.9387234042553,0.0,0.0,2
35598D,25.25,145.0,195.5,389.0,0.0,SUFFICIENT STOCK,SUFFICIENT STOCK,633.58375,0.0,0.0,2
22170,25.0,57.0,107.0,174.0,0.0,SUFFICIENT STOCK,SUFFICIENT STOCK,1285.669235880399,0.0,0.0,2
84990,24.5,331.0,380.0,854.0,0.0,SUFFICIENT STOCK,SUFFICIENT STOCK,550.2322,0.0,0.0,2
23184,24.25,36.0,84.5,131.0,0.0,SUFFICIENT STOCK,SUFFICIENT STOCK,842.4658518518518,0.0,0.0,2
37448,24.25,90.0,138.5,295.0,0.0,SUFFICIENT STOCK,SUFFICIENT STOCK,527.9827192982456,0.0,0.0,2
21531,24.0,79.0,127.0,252.0,0.0,SUFFICIENT STOCK,SUFFICIENT STOCK,762.3783582089551,0.0,0.0,2
22916,24.0,94.0,142.0,267.0,0.0,SUFFICIENT STOCK,SUFFICIENT STOCK,229.56764705882355,0.0,0.0,2
84754,24.0,148.0,196.0,382.0,0.0,SUFFICIENT STOCK,SUFFICIENT STOCK,591.7957522123894,0.0,0.0,2
22627,23.75,35.0,82.5,126.0,0.0,SUFFICIENT STOCK,SUFFICIENT STOCK,1188.8911077844314,0.0,0.0,2
22921,23.0,91.0,137.0,270.0,0.0,SUFFICIENT STOCK,SUFFICIENT STOCK,229.7675675675676,0.0,0.0,2
21872,22.0,265.0,309.0,625.0,0.0,SUFFICIENT STOCK,SUFFICIENT STOCK,960.1075667655788,0.0,0.0,2
22494,22.0,80.0,124.0,230.0,0.0,SUFFICIENT STOCK,SUFFICIENT STOCK,392.1309917355372,0.0,0.0,2
47590B,22.0,142.0,186.0,429.0,0.0,SUFFICIENT STOCK,SUFFICIENT STOCK,2458.686925675676,0.0,0.0,2
20674,21.75,59.0,102.5,211.0,0.0,SUFFICIENT STOCK,SUFFICIENT STOCK,317.37729211087424,0.0,0.0,2
21880,21.5,89.0,132.0,229.0,0.0,SUFFICIENT STOCK,SUFFICIENT STOCK,149.38111445783133,0.0,0.0,2
84406B,21.5,157.0,200.0,450.0,0.0,SUFFICIENT STOCK,SUFFICIENT STOCK,1680.6691772885283,0.0,0.0,2
22642,21.25,53.0,95.5,160.0,0.0,SUFFICIENT STOCK,SUFFICIENT STOCK,413.3260273972602,0.0,0.0,2
22672,21.25,108.0,150.5,334.0,0.0,SUFFICIENT STOCK,SUFFICIENT STOCK,649.1202105263158,0.0,0.0,2
22844,21.25,30.0,72.5,126.0,0.0,SUFFICIENT STOCK,SUFFICIENT STOCK,1327.190117647059,0.0,0.0,2
22897,21.25,65.0,107.5,226.0,0.0,SUFFICIENT STOCK,SUFFICIENT STOCK,396.2657236842105,0.0,0.0,2
20977,21.0,75.0,117.0,236.0,0.0,SUFFICIENT STOCK,SUFFICIENT STOCK,369.3113360323886,0.0,0.0,2
21488,21.0,180.0,222.0,431.0,0.0,SUFFICIENT STOCK,SUFFICIENT STOCK,1969.2910989010988,0.0,0.0,2
22780,20.75,106.0,147.5,256.0,0.0,SUFFICIENT STOCK,SUFFICIENT STOCK,1074.9155555555556,0.0,0.0,2
23006,20.75,80.0,121.5,227.0,0.0,SUFFICIENT STOCK,SUFFICIENT STOCK,117.2238202247191,0.0,0.0,2
21380,20.25,129.0,169.5,360.0,0.0,SUFFICIENT STOCK,SUFFICIENT STOCK,1224.6525679758308,0.0,0.0,2
22135,20.0,77.0,117.0,196.0,0.0,SUFFICIENT STOCK,SUFFICIENT STOCK,132.19247648902822,0.0,0.0,2
22329,19.5,132.0,171.0,387.0,0.0,SUFFICIENT STOCK,SUFFICIENT STOCK,803.680453808752,0.0,0.0,2
21864,19.25,62.0,100.5,178.0,0.0,SUFFICIENT STOCK,SUFFICIENT STOCK,490.0791387559808,0.0,0.0,2
22031,19.25,28.0,66.5,105.0,0.0,SUFFICIENT STOCK,SUFFICIENT STOCK,54.23286713286713,0.0,0.0,2
22321,19.25,68.0,106.5,206.0,0.0,SUFFICIENT STOCK,SUFFICIENT STOCK,252.82797385620916,0.0,0.0,2
47590A,19.25,155.0,193.5,369.0,0.0,SUFFICIENT STOCK,SUFFICIENT STOCK,2132.4610300429185,0.0,0.0,2
82607A,19.25,35.0,73.5,112.0,0.0,SUFFICIENT STOCK,SUFFICIENT STOCK,200.21686746987956,0.0,0.0,2
21240,19.0,164.0,202.0,385.0,0.0,SUFFICIENT STOCK,SUFFICIENT STOCK,403.9930038510912,0.0,0.0,2
22089,18.75,81.0,118.5,221.0,0.0,SUFFICIENT STOCK,SUFFICIENT STOCK,747.3175843694494,0.0,0.0,2
85203,18.5,53.0,90.0,153.0,0.0,SUFFICIENT STOCK,SUFFICIENT STOCK,86.63376623376625,0.0,0.0,2
17091A,18.0,119.0,155.0,316.0,0.0,SUFFICIENT STOCK,SUFFICIENT STOCK,325.18290598290594,0.0,0.0,2
22773,18.0,83.0,119.0,214.0,0.0,SUFFICIENT STOCK,SUFFICIENT STOCK,328.7021551724138,0.0,0.0,2
47421,18.0,80.0,116.0,224.0,0.0,SUFFICIENT STOCK,SUFFICIENT STOCK,92.93268292682924,0.0,0.0,2
20985,17.5,86.0,121.0,222.0,0.0,SUFFICIENT STOCK,SUFFICIENT STOCK,340.96588235294115,0.0,0.0,2
22533,17.5,221.0,256.0,495.0,0.0,SUFFICIENT STOCK,SUFFICIENT STOCK,235.10420168067225,0.0,0.0,2
22692,17.25,89.0,123.5,236.0,0.0,SUFFICIENT STOCK,SUFFICIENT STOCK,2233.9201970443346,0.0,0.0,2
22923,17.25,106.0,140.5,264.0,0.0,SUFFICIENT STOCK,SUFFICIENT STOCK,283.77250000000004,0.0,0.0,2
22649,16.75,59.0,92.5,168.0,0.0,SUFFICIENT STOCK,SUFFICIENT STOCK,956.7709906542055,0.0,0.0,2
22715,16.5,85.0,118.0,259.0,0.0,SUFFICIENT STOCK,SUFFICIENT STOCK,131.74545871559633,0.0,0.0,2
22232,16.25,37.0,69.5,108.0,0.0,SUFFICIENT STOCK,SUFFICIENT STOCK,166.8990361445783,0.0,0.0,2
22668,16.25,97.0,129.5,292.0,0.0,SUFFICIENT STOCK,SUFFICIENT STOCK,1140.2025982905984,0.0,0.0,2
21789,16.0,88.0,120.0,266.0,0.0,SUFFICIENT STOCK,SUFFICIENT STOCK,248.9100884955752,0.0,0.0,2
21026,15.5,23.0,54.0,78.0,0.0,SUFFICIENT STOCK,SUFFICIENT STOCK,127.37712,0.0,0.0,2
21648,15.5,88.0,119.0,261.0,0.0,SUFFICIENT STOCK,SUFFICIENT STOCK,473.3413692946058,0.0,0.0,2
21452,15.0,46.0,76.0,138.0,0.0,SUFFICIENT STOCK,SUFFICIENT STOCK,474.44210526315794,0.0,0.0,2
22445,15.0,34.0,64.0,112.0,0.0,SUFFICIENT STOCK,SUFFICIENT STOCK,388.3177543859649,0.0,0.0,2
84247G,15.0,49.0,79.0,146.0,0.0,SUFFICIENT STOCK,SUFFICIENT STOCK,71.0214953271028,0.0,0.0,2
22228,14.75,60.0,89.5,168.0,0.0,SUFFICIENT STOCK,SUFFICIENT STOCK,169.9157894736842,0.0,0.0,2
22023,14.5,121.0,150.0,288.0,0.0,SUFFICIENT STOCK,SUFFICIENT STOCK,152.63333333333333,0.0,0.0,2
82599,14.5,64.0,93.0,186.0,0.0,SUFFICIENT STOCK,SUFFICIENT STOCK,502.2506614785992,0.0,0.0,2
21533,14.25,60.0,88.5,164.0,0.0,SUFFICIENT STOCK,SUFFICIENT STOCK,890.7823340040242,0.0,0.0,2
22499,14.25,102.0,130.5,238.0,0.0,SUFFICIENT STOCK,SUFFICIENT STOCK,1575.2217413572344,0.0,0.0,2
15060B,14.0,35.0,63.0,101.0,0.0,SUFFICIENT STOCK,SUFFICIENT STOCK,557.9895614035088,0.0,0.0,2
22245,14.0,141.0,169.0,390.0,0.0,SUFFICIENT STOCK,SUFFICIENT STOCK,431.34,0.0,0.0,2
10120,13.75,49.0,76.5,137.0,0.0,SUFFICIENT STOCK,SUFFICIENT STOCK,32.842972972972966,0.0,0.0,2
85215,13.5,45.0,72.0,133.0,0.0,SUFFICIENT STOCK,SUFFICIENT STOCK,224.43253731343285,0.0,0.0,2
22665,13.25,84.0,110.5,227.0,0.0,SUFFICIENT STOCK,SUFFICIENT STOCK,851.0464827586206,0.0,0.0,2
22678,13.25,45.0,71.5,148.0,0.0,SUFFICIENT STOCK,SUFFICIENT STOCK,238.31552,0.0,0.0,2
22796,13.25,22.0,48.5,79.0,0.0,SUFFICIENT STOCK,SUFFICIENT STOCK,820.1006122448979,0.0,0.0,2
21352,13.0,74.0,100.0,177.0,0.0,SUFFICIENT STOCK,SUFFICIENT STOCK,943.3014110429448,0.0,0.0,2
21656,13.0,40.0,66.0,115.0,0.0,SUFFICIENT STOCK,SUFFICIENT STOCK,235.34219858156027,0.0,0.0,2
22025,13.0,111.0,137.0,338.0,0.0,SUFFICIENT STOCK,SUFFICIENT STOCK,181.4127586206897,0.0,0.0,2
47504K,13.0,106.0,132.0,275.0,0.0,SUFFICIENT STOCK,SUFFICIENT STOCK,514.3183229813665,0.0,0.0,2
20754,12.75,125.0,150.5,324.0,0.0,SUFFICIENT STOCK,SUFFICIENT STOCK,805.2375000000001,0.0,0.0,2
21428,12.75,124.0,149.5,274.0,0.0,SUFFICIENT STOCK,SUFFICIENT STOCK,1382.0790736842107,0.0,0.0,2
84580,12.75,19.0,44.5,67.0,0.0,SUFFICIENT STOCK,SUFFICIENT STOCK,259.72624444444443,0.0,0.0,2
21283,12.5,33.0,58.0,102.0,0.0,SUFFICIENT STOCK,SUFFICIENT STOCK,374.4137349397591,0.0,0.0,2
21879,12.5,136.0,161.0,327.0,0.0,SUFFICIENT STOCK,SUFFICIENT STOCK,245.07901960784312,0.0,0.0,2
21638,12.25,44.0,68.5,115.0,0.0,SUFFICIENT STOCK,SUFFICIENT STOCK,280.0407534246575,0.0,0.0,2
21894,12.25,39.0,63.5,120.0,0.0,SUFFICIENT STOCK,SUFFICIENT STOCK,208.76144578313253,0.0,0.0,2
22518,12.25,91.0,115.5,238.0,0.0,SUFFICIENT STOCK,SUFFICIENT STOCK,605.8125093632959,0.0,0.0,2
21294,12.0,104.0,128.0,239.0,0.0,SUFFICIENT STOCK,SUFFICIENT STOCK,269.37503546099293,0.0,0.0,2
21651,11.75,88.0,111.5,220.0,0.0,SUFFICIENT STOCK,SUFFICIENT STOCK,405.8032,0.0,0.0,2
22431,11.75,76.0,99.5,226.0,0.0,SUFFICIENT STOCK,SUFFICIENT STOCK,532.5286942675159,0.0,0.0,2
22487,11.75,26.0,49.5,95.0,0.0,SUFFICIENT STOCK,SUFFICIENT STOCK,1011.0007470651016,0.0,0.0,2
21090,11.5,150.0,173.0,343.0,0.0,SUFFICIENT STOCK,SUFFICIENT STOCK,248.85744680851064,0.0,0.0,2
22767,11.5,51.0,74.0,133.0,0.0,SUFFICIENT STOCK,SUFFICIENT STOCK,1369.1699684542584,0.0,0.0,2
84247L,11.5,47.0,70.0,122.0,0.0,SUFFICIENT STOCK,SUFFICIENT STOCK,64.27531531531531,0.0,0.0,2
48129,11.25,132.0,154.5,315.0,0.0,SUFFICIENT STOCK,SUFFICIENT STOCK,2585.405454545454,0.0,0.0,2
84763,11.0,55.0,77.0,167.0,0.0,SUFFICIENT STOCK,SUFFICIENT STOCK,235.0793567251462,0.0,0.0,2
17012A,10.75,69.0,90.5,167.0,0.0,SUFFICIENT STOCK,SUFFICIENT STOCK,371.6619791666666,0.0,0.0,2
20658,10.75,35.0,56.5,121.0,0.0,SUFFICIENT STOCK,SUFFICIENT STOCK,203.16268698060944,0.0,0.0,2
21394,10.75,210.0,231.5,457.0,0.0,SUFFICIENT STOCK,SUFFICIENT STOCK,355.8664935064935,0.0,0.0,2
22605,10.75,68.0,89.5,174.0,0.0,SUFFICIENT STOCK,SUFFICIENT STOCK,2560.7097256097563,0.0,0.0,2
85039B,10.5,69.0,90.0,193.0,0.0,SUFFICIENT STOCK,SUFFICIENT STOCK,320.9396282527881,0.0,0.0,2
21726,10.25,45.0,65.5,139.0,0.0,SUFFICIENT STOCK,SUFFICIENT STOCK,135.19716981132078,0.0,0.0,2
79190D,10.25,19.0,39.5,63.0,0.0,SUFFICIENT STOCK,SUFFICIENT STOCK,35.430530973451326,0.0,0.0,2
85159B,10.25,31.0,51.5,91.0,0.0,SUFFICIENT STOCK,SUFFICIENT STOCK,422.0794117647059,0.0,0.0,2
85169A,10.25,67.0,87.5,177.0,0.0,SUFFICIENT STOCK,SUFFICIENT STOCK,246.77884615384613,0.0,0.0,2
22255,10.0,47.0,67.0,136.0,0.0,SUFFICIENT STOCK,SUFFICIENT STOCK,154.50506666666666,0.0,0.0,2
21249,9.75,52.0,71.5,148.0,0.0,SUFFICIENT STOCK,SUFFICIENT STOCK,540.9908396946565,0.0,0.0,2
21520,9.75,31.0,50.5,82.0,0.0,SUFFICIENT STOCK,SUFFICIENT STOCK,43.25688073394495,0.0,0.0,2
22840,9.75,62.0,81.5,156.0,0.0,SUFFICIENT STOCK,SUFFICIENT STOCK,1283.3858156028368,0.0,0.0,2
35968,9.75,50.0,69.5,144.0,0.0,SUFFICIENT STOCK,SUFFICIENT STOCK,98.406,0.0,0.0,2
84051,9.75,63.0,82.5,178.0,0.0,SUFFICIENT STOCK,SUFFICIENT STOCK,159.55803278688526,0.0,0.0,2
21927,9.5,46.0,65.0,113.0,0.0,SUFFICIENT STOCK,SUFFICIENT STOCK,187.8280487804878,0.0,0.0,2
22309,9.5,54.0,73.0,134.0,0.0,SUFFICIENT STOCK,SUFFICIENT STOCK,460.9400743494424,0.0,0.0,2
22671,9.5,85.0,104.0,225.0,0.0,SUFFICIENT STOCK,SUFFICIENT STOCK,458.74799999999993,0.0,0.0,2
17129F,9.25,56.0,74.5,131.0,0.0,SUFFICIENT STOCK,SUFFICIENT STOCK,183.4177027027027,0.0,0.0,2
84969,9.25,17.0,35.5,65.0,0.0,SUFFICIENT STOCK,SUFFICIENT STOCK,315.4679190751445,0.0,0.0,2
20716,9.0,39.0,57.0,141.0,0.0,SUFFICIENT STOCK,SUFFICIENT STOCK,203.43322709163343,0.0,0.0,2
85049D,9.0,67.0,85.0,177.0,0.0,SUFFICIENT STOCK,SUFFICIENT STOCK,233.8009090909091,0.0,0.0,2
22262,8.75,61.0,78.5,165.0,0.0,SUFFICIENT STOCK,SUFFICIENT STOCK,189.39642857142857,0.0,0.0,2
22285,8.75,145.0,162.5,329.0,0.0,SUFFICIENT STOCK,SUFFICIENT STOCK,635.3842962962963,0.0,0.0,2
21215,8.5,166.0,183.0,419.0,0.0,SUFFICIENT STOCK,SUFFICIENT STOCK,363.99209459459456,0.0,0.0,2
21260,8.5,146.0,163.0,364.0,0.0,SUFFICIENT STOCK,SUFFICIENT STOCK,1385.5643302752294,0.0,0.0,2
22162,8.5,69.0,86.0,167.0,0.0,SUFFICIENT STOCK,SUFFICIENT STOCK,564.2730597014926,0.0,0.0,2
85131D,8.5,51.0,68.0,123.0,0.0,SUFFICIENT STOCK,SUFFICIENT STOCK,107.4338202247191,0.0,0.0,2
20967,8.25,38.0,54.5,114.0,0.0,SUFFICIENT STOCK,SUFFICIENT STOCK,454.7245544554455,0.0,0.0,2
22236,8.25,30.0,46.5,80.0,0.0,SUFFICIENT STOCK,SUFFICIENT STOCK,1063.837606837607,0.0,0.0,2
84839,8.25,102.0,118.5,269.0,0.0,SUFFICIENT STOCK,SUFFICIENT STOCK,1936.527004950495,0.0,0.0,2
22280,8.0,43.0,59.0,107.0,0.0,SUFFICIENT STOCK,SUFFICIENT STOCK,166.3982098765432,0.0,0.0,2
22412,8.0,69.0,85.0,196.0,0.0,SUFFICIENT STOCK,SUFFICIENT STOCK,503.7344471744472,0.0,0.0,2
22582,8.0,119.0,135.0,321.0,0.0,SUFFICIENT STOCK,SUFFICIENT STOCK,920.5776470588236,0.0,0.0,2
22691,7.5,35.0,50.0,93.0,0.0,SUFFICIENT STOCK,SUFFICIENT STOCK,826.9635746606336,0.0,0.0,2
21716,7.25,108.0,122.5,285.0,0.0,SUFFICIENT STOCK,SUFFICIENT STOCK,950.1137724550896,0.0,0.0,2
22399,7.25,238.0,252.5,505.0,0.0,SUFFICIENT STOCK,SUFFICIENT STOCK,659.1238434163702,0.0,0.0,2
37450,7.25,52.0,66.5,148.0,0.0,SUFFICIENT STOCK,SUFFICIENT STOCK,504.51632941176473,0.0,0.0,2
85114A,7.25,76.0,90.5,177.0,0.0,SUFFICIENT STOCK,SUFFICIENT STOCK,343.8096116504854,0.0,0.0,2
21471,7.0,42.0,56.0,125.0,0.0,SUFFICIENT STOCK,SUFFICIENT STOCK,489.89518633540376,0.0,0.0,2
22214,7.0,37.0,51.0,98.0,0.0,SUFFICIENT STOCK,SUFFICIENT STOCK,266.8795652173913,0.0,0.0,2
20802,6.75,48.0,61.5,111.0,0.0,SUFFICIENT STOCK,SUFFICIENT STOCK,230.732,0.0,0.0,2
21724,6.75,33.0,46.5,90.0,0.0,SUFFICIENT STOCK,SUFFICIENT STOCK,91.21,0.0,0.0,2
22559,6.75,66.0,79.5,169.0,0.0,SUFFICIENT STOCK,SUFFICIENT STOCK,253.4422926829268,0.0,0.0,2
22679,6.75,44.0,57.5,113.0,0.0,SUFFICIENT STOCK,SUFFICIENT STOCK,184.5422077922078,0.0,0.0,2
22315,6.5,60.0,73.0,145.0,0.0,SUFFICIENT STOCK,SUFFICIENT STOCK,209.89398976982096,0.0,0.0,2
84279B,6.5,51.0,64.0,138.0,0.0,SUFFICIENT STOCK,SUFFICIENT STOCK,589.8883928571428,0.0,0.0,2
85071D,6.5,101.0,114.0,222.0,0.0,SUFFICIENT STOCK,SUFFICIENT STOCK,284.6857894736842,0.0,0.0,2
85177,6.5,93.0,106.0,205.0,0.0,SUFFICIENT STOCK,SUFFICIENT STOCK,202.821875,0.0,0.0,2
85232D,6.5,26.0,39.0,66.0,0.0,SUFFICIENT STOCK,SUFFICIENT STOCK,390.9294782608696,0.0,0.0,2
15044D,6.25,60.0,72.5,138.0,0.0,SUFFICIENT STOCK,SUFFICIENT STOCK,473.11493562231766,0.0,0.0,2
21717,6.25,89.0,101.5,231.0,0.0,SUFFICIENT STOCK,SUFFICIENT STOCK,675.2207865168539,0.0,0.0,2
47422,6.25,79.0,91.5,209.0,0.0,SUFFICIENT STOCK,SUFFICIENT STOCK,86.59378378378378,0.0,0.0,2
85214,6.25,20.0,32.5,61.0,0.0,SUFFICIENT STOCK,SUFFICIENT STOCK,112.1401169590643,0.0,0.0,2
21781,6.0,17.0,29.0,56.0,0.0,SUFFICIENT STOCK,SUFFICIENT STOCK,921.0969948186528,0.0,0.0,2
21576,5.75,18.0,29.5,61.0,0.0,SUFFICIENT STOCK,SUFFICIENT STOCK,153.08676190476191,0.0,0.0,2
22789,5.75,55.0,66.5,122.0,0.0,SUFFICIENT STOCK,SUFFICIENT STOCK,259.3622885572139,0.0,0.0,2
20669,5.5,23.0,34.0,73.0,0.0,SUFFICIENT STOCK,SUFFICIENT STOCK,116.47813636363637,0.0,0.0,2
21610,5.5,38.0,49.0,102.0,0.0,SUFFICIENT STOCK,SUFFICIENT STOCK,310.44428571428574,0.0,0.0,2
21644,5.5,40.0,51.0,108.0,0.0,SUFFICIENT STOCK,SUFFICIENT STOCK,154.9282191780822,0.0,0.0,2
22454,5.5,127.0,138.0,292.0,0.0,SUFFICIENT STOCK,SUFFICIENT STOCK,917.6937704918032,0.0,0.0,2
79160,5.5,50.0,61.0,132.0,0.0,SUFFICIENT STOCK,SUFFICIENT STOCK,329.1800881057269,0.0,0.0,2
20734,5.25,139.0,149.5,316.0,0.0,SUFFICIENT STOCK,SUFFICIENT STOCK,414.6504201680672,0.0,0.0,2
21251,5.25,35.0,45.5,89.0,0.0,SUFFICIENT STOCK,SUFFICIENT STOCK,313.2395454545455,0.0,0.0,2
21472,5.25,41.0,51.5,104.0,0.0,SUFFICIENT STOCK,SUFFICIENT STOCK,457.0818118466899,0.0,0.0,2
21865,5.25,25.0,35.5,62.0,0.0,SUFFICIENT STOCK,SUFFICIENT STOCK,161.45335548172756,0.0,0.0,2
21042,5.0,46.0,56.0,135.0,0.0,SUFFICIENT STOCK,SUFFICIENT STOCK,929.3556900726394,0.0,0.0,2
21187,5.0,103.0,113.0,257.0,0.0,SUFFICIENT STOCK,SUFFICIENT STOCK,519.3831081081081,0.0,0.0,2
21725,5.0,38.0,48.0,114.0,0.0,SUFFICIENT STOCK,SUFFICIENT STOCK,130.8785142857143,0.0,0.0,2
22325,5.0,30.0,40.0,80.0,0.0,SUFFICIENT STOCK,SUFFICIENT STOCK,400.1825726141079,0.0,0.0,2
22362,5.0,35.0,45.0,86.0,0.0,SUFFICIENT STOCK,SUFFICIENT STOCK,325.0993984962406,0.0,0.0,2
20766,4.75,38.0,47.5,86.0,0.0,SUFFICIENT STOCK,SUFFICIENT STOCK,339.75443037974685,0.0,0.0,2
21355,4.75,229.0,238.5,519.0,0.0,SUFFICIENT STOCK,SUFFICIENT STOCK,754.572464183381,0.0,0.0,2
21741,4.75,31.0,40.5,80.0,0.0,SUFFICIENT STOCK,SUFFICIENT STOCK,305.8901554404145,0.0,0.0,2
21849,4.75,38.0,47.5,97.0,0.0,SUFFICIENT STOCK,SUFFICIENT STOCK,359.07700729927006,0.0,0.0,2
22322,4.75,53.0,62.5,152.0,0.0,SUFFICIENT STOCK,SUFFICIENT STOCK,186.16407272727272,0.0,0.0,2
37449,4.75,81.0,90.5,184.0,0.0,SUFFICIENT STOCK,SUFFICIENT STOCK,2010.831766848816,0.0,0.0,2
84673B,4.75,27.0,36.5,73.0,0.0,SUFFICIENT STOCK,SUFFICIENT STOCK,67.33844444444443,0.0,0.0,2
21626,4.5,54.0,63.0,141.0,0.0,SUFFICIENT STOCK,SUFFICIENT STOCK,325.35426605504585,0.0,0.0,2
22841,4.5,32.0,41.0,82.0,0.0,SUFFICIENT STOCK,SUFFICIENT STOCK,687.9287499999999,0.0,0.0,2
23052,4.5,30.0,39.0,96.0,0.0,SUFFICIENT STOCK,SUFFICIENT STOCK,938.7802150537634,0.0,0.0,2
84880,4.5,66.0,75.0,152.0,0.0,SUFFICIENT STOCK,SUFFICIENT STOCK,1021.599162303665,0.0,0.0,2
22914,4.25,44.0,52.5,100.0,0.0,SUFFICIENT STOCK,SUFFICIENT STOCK,543.48,0.0,0.0,2
21222,4.0,19.0,27.0,67.0,0.0,SUFFICIENT STOCK,SUFFICIENT STOCK,101.55,0.0,0.0,2
21527,4.0,100.0,108.0,252.0,0.0,SUFFICIENT STOCK,SUFFICIENT STOCK,2209.3868625393493,0.0,0.0,2
21827,4.0,53.0,61.0,151.0,0.0,SUFFICIENT STOCK,SUFFICIENT STOCK,205.9681944444444,0.0,0.0,2
22251,4.0,74.0,82.0,198.0,0.0,SUFFICIENT STOCK,SUFFICIENT STOCK,308.58137704918033,0.0,0.0,2
22452,4.0,48.0,56.0,106.0,0.0,SUFFICIENT STOCK,SUFFICIENT STOCK,285.7719230769231,0.0,0.0,2
84796B,4.0,41.0,49.0,111.0,0.0,SUFFICIENT STOCK,SUFFICIENT STOCK,1026.2681868131867,0.0,0.0,2
21454,3.5,43.0,50.0,103.0,0.0,SUFFICIENT STOCK,SUFFICIENT STOCK,93.33984848484847,0.0,0.0,2
22318,3.5,34.0,41.0,85.0,0.0,SUFFICIENT STOCK,SUFFICIENT STOCK,311.61212500000005,0.0,0.0,2
84659A,3.5,19.0,26.0,51.0,0.0,SUFFICIENT STOCK,SUFFICIENT STOCK,130.75236842105264,0.0,0.0,2
21333,3.25,31.0,37.5,90.0,0.0,SUFFICIENT STOCK,SUFFICIENT STOCK,290.39741379310345,0.0,0.0,2
21922,3.25,64.0,70.5,174.0,0.0,SUFFICIENT STOCK,SUFFICIENT STOCK,1538.3057360406092,0.0,0.0,2
21896,3.0,138.0,144.0,301.0,0.0,SUFFICIENT STOCK,SUFFICIENT STOCK,746.964832214765,0.0,0.0,2
22293,3.0,114.0,120.0,238.0,0.0,SUFFICIENT STOCK,SUFFICIENT STOCK,426.9781818181818,0.0,0.0,2
22482,3.0,111.0,117.0,249.0,0.0,SUFFICIENT STOCK,SUFFICIENT STOCK,310.6788990825688,0.0,0.0,2
84078A,3.0,33.0,39.0,92.0,0.0,SUFFICIENT STOCK,SUFFICIENT STOCK,4171.740000000001,0.0,0.0,2
22229,2.75,39.0,44.5,98.0,0.0,SUFFICIENT STOCK,SUFFICIENT STOCK,99.305,0.0,0.0,2
84559B,2.5,44.0,49.0,103.0,0.0,SUFFICIENT STOCK,SUFFICIENT STOCK,106.0379797979798,0.0,0.0,2
84849B,2.5,68.0,73.0,142.0,0.0,SUFFICIENT STOCK,SUFFICIENT STOCK,287.1086486486487,0.0,0.0,2
84985A,2.5,31.0,36.0,90.0,0.0,SUFFICIENT STOCK,SUFFICIENT STOCK,158.85,0.0,0.0,2
20684,2.0,27.0,31.0,66.0,0.0,SUFFICIENT STOCK,SUFFICIENT STOCK,235.678021978022,0.0,0.0,2
21925,2.0,54.0,58.0,116.0,0.0,SUFFICIENT STOCK,SUFFICIENT STOCK,181.9,0.0,0.0,2
22618,1.75,34.0,37.5,87.0,0.0,SUFFICIENT STOCK,SUFFICIENT STOCK,902.202296819788,0.0,0.0,2
85186C,1.75,81.0,84.5,178.0,0.0,SUFFICIENT STOCK,SUFFICIENT STOCK,107.21683544303798,0.0,0.0,2
21190,1.5,57.0,60.0,123.0,0.0,SUFFICIENT STOCK,SUFFICIENT STOCK,242.40461538461537,0.0,0.0,2
21830,1.5,285.0,288.0,589.0,0.0,SUFFICIENT STOCK,SUFFICIENT STOCK,271.3896183206107,0.0,0.0,2
21973,1.5,78.0,81.0,181.0,0.0,SUFFICIENT STOCK,SUFFICIENT STOCK,324.4168867924529,0.0,0.0,2
22288,1.5,114.0,117.0,245.0,0.0,SUFFICIENT STOCK,SUFFICIENT STOCK,383.04280000000006,0.0,0.0,2
20770,1.25,52.0,54.5,111.0,0.0,SUFFICIENT STOCK,SUFFICIENT STOCK,273.9360294117647,0.0,0.0,2
21361,1.25,19.0,21.5,51.0,0.0,SUFFICIENT STOCK,SUFFICIENT STOCK,725.1064784053156,0.0,0.0,2
21467,1.25,43.0,45.5,96.0,0.0,SUFFICIENT STOCK,SUFFICIENT STOCK,386.7402298850575,0.0,0.0,2
21943,1.25,28.0,30.5,74.0,0.0,SUFFICIENT STOCK,SUFFICIENT STOCK,81.65328859060403,0.0,0.0,2
22202,1.25,50.0,52.5,104.0,0.0,SUFFICIENT STOCK,SUFFICIENT STOCK,539.2043321299639,0.0,0.0,2
85065,1.25,25.0,27.5,56.0,0.0,SUFFICIENT STOCK,SUFFICIENT STOCK,756.4084210526316,0.0,0.0,2
21407,1.0,34.0,36.0,80.0,0.0,SUFFICIENT STOCK,SUFFICIENT STOCK,419.6516411378556,0.0,0.0,2
21696,1.0,21.0,23.0,46.0,0.0,SUFFICIENT STOCK,SUFFICIENT STOCK,149.32436363636367,0.0,0.0,2
22218,1.0,58.0,60.0,131.0,0.0,SUFFICIENT STOCK,SUFFICIENT STOCK,699.9576811594203,0.0,0.0,2
22863,1.0,48.0,50.0,123.0,0.0,SUFFICIENT STOCK,SUFFICIENT STOCK,395.516511627907,0.0,0.0,2
85047,-0.5,53.0,52.0,128.0,0.0,SUFFICIENT STOCK,SUFFICIENT STOCK,884.1181625441696,0.0,0.0,2
21658,-2.0,46.0,42.0,95.0,0.0,SUFFICIENT STOCK,SUFFICIENT STOCK,493.9100688468159,0.0,0.0,2
21067,-4.75,317.0,307.5,734.0,0.0,SUFFICIENT STOCK,SUFFICIENT STOCK,1098.949117647059,0.0,0.0,2
